2026-03-27 20:48:53.095 | INFO     | __main__:start_parser:231 - Старт
2026-03-27 20:48:53.095 | INFO     | __main__:start_parser:231 - Старт
2026-03-27 20:48:53.112 | DEBUG    | __main__:save_config:118 - Настройки сохранены в config.toml
2026-03-27 20:48:53.112 | DEBUG    | __main__:save_config:118 - Настройки сохранены в config.toml
2026-03-27 20:48:53.151 | INFO     | hide_private_data:log_config:64 - Запуск AvitoParse v3.2.08 с настройками:
AvitoConfig(urls=['https://www.avito.ru/all/gruzoviki_i_spetstehnika/buldozery-ASgBAgICAURU3E0?cd=1', 'https://www.avito.ru/krasnodar/telefony/mobilnye_telefony/apple/iphone_16-ASgBAgICA0SywA3GsYwVtMANzqs5sMENiPw3?cd=1'], proxy_string='', proxy_change_url='', keys_word_white_list=[], keys_word_black_list=[], seller_black_list=[], count=5, tg_token='', tg_chat_id=['***'], vk_token='', vk_user_id=[], max_price=99999999, min_price=0, geo='', max_age=0, debug_mode=0, pause_general=1, pause_between_links=1, max_count_of_retry=5, ignore_reserv=True, ignore_promotion=False, one_time_start=False, one_file_for_link=False, parse_views=False, save_xlsx=True, use_webdriver=False, use_bypass_api=False, cookies_api_key='', output_dir=WindowsPath('result'), use_own_cookies=False, parse_phone=False, proxy_notifier='')
2026-03-27 20:48:53.151 | INFO     | hide_private_data:log_config:64 - Запуск AvitoParse v3.2.08 с настройками:
AvitoConfig(urls=['https://www.avito.ru/all/gruzoviki_i_spetstehnika/buldozery-ASgBAgICAURU3E0?cd=1', 'https://www.avito.ru/krasnodar/telefony/mobilnye_telefony/apple/iphone_16-ASgBAgICA0SywA3GsYwVtMANzqs5sMENiPw3?cd=1'], proxy_string='', proxy_change_url='', keys_word_white_list=[], keys_word_black_list=[], seller_black_list=[], count=5, tg_token='', tg_chat_id=['***'], vk_token='', vk_user_id=[], max_price=99999999, min_price=0, geo='', max_age=0, debug_mode=0, pause_general=1, pause_between_links=1, max_count_of_retry=5, ignore_reserv=True, ignore_promotion=False, one_time_start=False, one_file_for_link=False, parse_views=False, save_xlsx=True, use_webdriver=False, use_bypass_api=False, cookies_api_key='', output_dir=WindowsPath('result'), use_own_cookies=False, parse_phone=False, proxy_notifier='')
2026-03-27 20:48:53.170 | INFO     | parser_cls:parse:97 - page=1
2026-03-27 20:48:53.170 | INFO     | parser_cls:parse:97 - page=1
2026-03-27 20:48:54.830 | INFO     | parser_cls:parse:122 - Объявлений перед чисткой 50
2026-03-27 20:48:54.830 | INFO     | parser_cls:parse:122 - Объявлений перед чисткой 50
2026-03-27 20:48:54.885 | INFO     | filters.ads_filter:apply:30 - После фильтрации _filter_viewed осталось 50
2026-03-27 20:48:54.885 | INFO     | filters.ads_filter:apply:30 - После фильтрации _filter_viewed осталось 50
2026-03-27 20:48:54.892 | INFO     | filters.ads_filter:apply:30 - После фильтрации _filter_by_price_range осталось 48
2026-03-27 20:48:54.892 | INFO     | filters.ads_filter:apply:30 - После фильтрации _filter_by_price_range осталось 48
2026-03-27 20:48:54.898 | INFO     | filters.ads_filter:apply:30 - После фильтрации _filter_by_black_keywords осталось 48
2026-03-27 20:48:54.898 | INFO     | filters.ads_filter:apply:30 - После фильтрации _filter_by_black_keywords осталось 48
2026-03-27 20:48:54.903 | INFO     | filters.ads_filter:apply:30 - После фильтрации _filter_by_white_keyword осталось 48
2026-03-27 20:48:54.903 | INFO     | filters.ads_filter:apply:30 - После фильтрации _filter_by_white_keyword осталось 48
2026-03-27 20:48:54.908 | INFO     | filters.ads_filter:apply:30 - После фильтрации _filter_by_address осталось 48
2026-03-27 20:48:54.908 | INFO     | filters.ads_filter:apply:30 - После фильтрации _filter_by_address осталось 48
2026-03-27 20:48:54.914 | INFO     | filters.ads_filter:apply:30 - После фильтрации _filter_by_seller осталось 48
2026-03-27 20:48:54.914 | INFO     | filters.ads_filter:apply:30 - После фильтрации _filter_by_seller осталось 48
2026-03-27 20:48:54.919 | INFO     | filters.ads_filter:apply:30 - После фильтрации _filter_by_recent_time осталось 48
2026-03-27 20:48:54.919 | INFO     | filters.ads_filter:apply:30 - После фильтрации _filter_by_recent_time осталось 48
2026-03-27 20:48:54.925 | INFO     | filters.ads_filter:apply:30 - После фильтрации _filter_by_reserve осталось 48
2026-03-27 20:48:54.925 | INFO     | filters.ads_filter:apply:30 - После фильтрации _filter_by_reserve осталось 48
2026-03-27 20:48:54.932 | INFO     | filters.ads_filter:apply:30 - После фильтрации _filter_by_promotion осталось 48
2026-03-27 20:48:54.932 | INFO     | filters.ads_filter:apply:30 - После фильтрации _filter_by_promotion осталось 48
2026-03-27 20:48:54.947 | INFO     | parser_cls:parse:146 - Пауза 1 сек.
2026-03-27 20:48:54.947 | INFO     | parser_cls:parse:146 - Пауза 1 сек.
2026-03-27 20:48:55.954 | INFO     | parser_cls:parse:97 - page=2
2026-03-27 20:48:55.954 | INFO     | parser_cls:parse:97 - page=2
2026-03-27 20:48:57.407 | INFO     | parser_cls:parse:122 - Объявлений перед чисткой 50
2026-03-27 20:48:57.407 | INFO     | parser_cls:parse:122 - Объявлений перед чисткой 50
2026-03-27 20:48:57.453 | INFO     | filters.ads_filter:apply:30 - После фильтрации _filter_viewed осталось 45
2026-03-27 20:48:57.453 | INFO     | filters.ads_filter:apply:30 - После фильтрации _filter_viewed осталось 45
2026-03-27 20:48:57.460 | INFO     | filters.ads_filter:apply:30 - После фильтрации _filter_by_price_range осталось 45
2026-03-27 20:48:57.460 | INFO     | filters.ads_filter:apply:30 - После фильтрации _filter_by_price_range осталось 45
2026-03-27 20:48:57.468 | INFO     | filters.ads_filter:apply:30 - После фильтрации _filter_by_black_keywords осталось 45
2026-03-27 20:48:57.468 | INFO     | filters.ads_filter:apply:30 - После фильтрации _filter_by_black_keywords осталось 45
2026-03-27 20:48:57.476 | INFO     | filters.ads_filter:apply:30 - После фильтрации _filter_by_white_keyword осталось 45
2026-03-27 20:48:57.476 | INFO     | filters.ads_filter:apply:30 - После фильтрации _filter_by_white_keyword осталось 45
2026-03-27 20:48:57.482 | INFO     | filters.ads_filter:apply:30 - После фильтрации _filter_by_address осталось 45
2026-03-27 20:48:57.482 | INFO     | filters.ads_filter:apply:30 - После фильтрации _filter_by_address осталось 45
2026-03-27 20:48:57.489 | INFO     | filters.ads_filter:apply:30 - После фильтрации _filter_by_seller осталось 45
2026-03-27 20:48:57.489 | INFO     | filters.ads_filter:apply:30 - После фильтрации _filter_by_seller осталось 45
2026-03-27 20:48:57.495 | INFO     | filters.ads_filter:apply:30 - После фильтрации _filter_by_recent_time осталось 45
2026-03-27 20:48:57.495 | INFO     | filters.ads_filter:apply:30 - После фильтрации _filter_by_recent_time осталось 45
2026-03-27 20:48:57.501 | INFO     | filters.ads_filter:apply:30 - После фильтрации _filter_by_reserve осталось 45
2026-03-27 20:48:57.501 | INFO     | filters.ads_filter:apply:30 - После фильтрации _filter_by_reserve осталось 45
2026-03-27 20:48:57.507 | INFO     | filters.ads_filter:apply:30 - После фильтрации _filter_by_promotion осталось 45
2026-03-27 20:48:57.507 | INFO     | filters.ads_filter:apply:30 - После фильтрации _filter_by_promotion осталось 45
2026-03-27 20:48:57.531 | INFO     | parser_cls:parse:146 - Пауза 1 сек.
2026-03-27 20:48:57.531 | INFO     | parser_cls:parse:146 - Пауза 1 сек.
2026-03-27 20:48:58.538 | INFO     | parser_cls:parse:97 - page=3
2026-03-27 20:48:58.538 | INFO     | parser_cls:parse:97 - page=3
2026-03-27 20:48:59.883 | INFO     | parser_cls:parse:122 - Объявлений перед чисткой 50
2026-03-27 20:48:59.883 | INFO     | parser_cls:parse:122 - Объявлений перед чисткой 50
2026-03-27 20:48:59.924 | INFO     | filters.ads_filter:apply:30 - После фильтрации _filter_viewed осталось 46
2026-03-27 20:48:59.924 | INFO     | filters.ads_filter:apply:30 - После фильтрации _filter_viewed осталось 46
2026-03-27 20:48:59.932 | INFO     | filters.ads_filter:apply:30 - После фильтрации _filter_by_price_range осталось 45
2026-03-27 20:48:59.932 | INFO     | filters.ads_filter:apply:30 - После фильтрации _filter_by_price_range осталось 45
2026-03-27 20:48:59.938 | INFO     | filters.ads_filter:apply:30 - После фильтрации _filter_by_black_keywords осталось 45
2026-03-27 20:48:59.938 | INFO     | filters.ads_filter:apply:30 - После фильтрации _filter_by_black_keywords осталось 45
2026-03-27 20:48:59.947 | INFO     | filters.ads_filter:apply:30 - После фильтрации _filter_by_white_keyword осталось 45
2026-03-27 20:48:59.947 | INFO     | filters.ads_filter:apply:30 - После фильтрации _filter_by_white_keyword осталось 45
2026-03-27 20:48:59.953 | INFO     | filters.ads_filter:apply:30 - После фильтрации _filter_by_address осталось 45
2026-03-27 20:48:59.953 | INFO     | filters.ads_filter:apply:30 - После фильтрации _filter_by_address осталось 45
2026-03-27 20:48:59.962 | INFO     | filters.ads_filter:apply:30 - После фильтрации _filter_by_seller осталось 45
2026-03-27 20:48:59.962 | INFO     | filters.ads_filter:apply:30 - После фильтрации _filter_by_seller осталось 45
2026-03-27 20:48:59.968 | INFO     | filters.ads_filter:apply:30 - После фильтрации _filter_by_recent_time осталось 45
2026-03-27 20:48:59.968 | INFO     | filters.ads_filter:apply:30 - После фильтрации _filter_by_recent_time осталось 45
2026-03-27 20:48:59.977 | INFO     | filters.ads_filter:apply:30 - После фильтрации _filter_by_reserve осталось 45
2026-03-27 20:48:59.977 | INFO     | filters.ads_filter:apply:30 - После фильтрации _filter_by_reserve осталось 45
2026-03-27 20:48:59.983 | INFO     | filters.ads_filter:apply:30 - После фильтрации _filter_by_promotion осталось 45
2026-03-27 20:48:59.983 | INFO     | filters.ads_filter:apply:30 - После фильтрации _filter_by_promotion осталось 45
2026-03-27 20:49:00.000 | INFO     | parser_cls:parse:146 - Пауза 1 сек.
2026-03-27 20:49:00.000 | INFO     | parser_cls:parse:146 - Пауза 1 сек.
2026-03-27 20:49:01.007 | INFO     | parser_cls:parse:97 - page=4
2026-03-27 20:49:01.007 | INFO     | parser_cls:parse:97 - page=4
2026-03-27 20:49:02.984 | INFO     | parser_cls:parse:122 - Объявлений перед чисткой 50
2026-03-27 20:49:02.984 | INFO     | parser_cls:parse:122 - Объявлений перед чисткой 50
2026-03-27 20:49:03.029 | INFO     | filters.ads_filter:apply:30 - После фильтрации _filter_viewed осталось 11
2026-03-27 20:49:03.029 | INFO     | filters.ads_filter:apply:30 - После фильтрации _filter_viewed осталось 11
2026-03-27 20:49:03.038 | INFO     | filters.ads_filter:apply:30 - После фильтрации _filter_by_price_range осталось 9
2026-03-27 20:49:03.038 | INFO     | filters.ads_filter:apply:30 - После фильтрации _filter_by_price_range осталось 9
2026-03-27 20:49:03.044 | INFO     | filters.ads_filter:apply:30 - После фильтрации _filter_by_black_keywords осталось 9
2026-03-27 20:49:03.044 | INFO     | filters.ads_filter:apply:30 - После фильтрации _filter_by_black_keywords осталось 9
2026-03-27 20:49:03.051 | INFO     | filters.ads_filter:apply:30 - После фильтрации _filter_by_white_keyword осталось 9
2026-03-27 20:49:03.051 | INFO     | filters.ads_filter:apply:30 - После фильтрации _filter_by_white_keyword осталось 9
2026-03-27 20:49:03.058 | INFO     | filters.ads_filter:apply:30 - После фильтрации _filter_by_address осталось 9
2026-03-27 20:49:03.058 | INFO     | filters.ads_filter:apply:30 - После фильтрации _filter_by_address осталось 9
2026-03-27 20:49:03.064 | INFO     | filters.ads_filter:apply:30 - После фильтрации _filter_by_seller осталось 9
2026-03-27 20:49:03.064 | INFO     | filters.ads_filter:apply:30 - После фильтрации _filter_by_seller осталось 9
2026-03-27 20:49:03.070 | INFO     | filters.ads_filter:apply:30 - После фильтрации _filter_by_recent_time осталось 9
2026-03-27 20:49:03.070 | INFO     | filters.ads_filter:apply:30 - После фильтрации _filter_by_recent_time осталось 9
2026-03-27 20:49:03.077 | INFO     | filters.ads_filter:apply:30 - После фильтрации _filter_by_reserve осталось 9
2026-03-27 20:49:03.077 | INFO     | filters.ads_filter:apply:30 - После фильтрации _filter_by_reserve осталось 9
2026-03-27 20:49:03.083 | INFO     | filters.ads_filter:apply:30 - После фильтрации _filter_by_promotion осталось 9
2026-03-27 20:49:03.083 | INFO     | filters.ads_filter:apply:30 - После фильтрации _filter_by_promotion осталось 9
2026-03-27 20:49:03.099 | INFO     | parser_cls:parse:146 - Пауза 1 сек.
2026-03-27 20:49:03.099 | INFO     | parser_cls:parse:146 - Пауза 1 сек.
2026-03-27 20:49:04.106 | INFO     | parser_cls:parse:97 - page=5
2026-03-27 20:49:04.106 | INFO     | parser_cls:parse:97 - page=5
2026-03-27 20:49:05.430 | INFO     | parser_cls:parse:122 - Объявлений перед чисткой 50
2026-03-27 20:49:05.430 | INFO     | parser_cls:parse:122 - Объявлений перед чисткой 50
2026-03-27 20:49:05.473 | INFO     | filters.ads_filter:apply:30 - После фильтрации _filter_viewed осталось 48
2026-03-27 20:49:05.473 | INFO     | filters.ads_filter:apply:30 - После фильтрации _filter_viewed осталось 48
2026-03-27 20:49:05.483 | INFO     | filters.ads_filter:apply:30 - После фильтрации _filter_by_price_range осталось 48
2026-03-27 20:49:05.483 | INFO     | filters.ads_filter:apply:30 - После фильтрации _filter_by_price_range осталось 48
2026-03-27 20:49:05.489 | INFO     | filters.ads_filter:apply:30 - После фильтрации _filter_by_black_keywords осталось 48
2026-03-27 20:49:05.489 | INFO     | filters.ads_filter:apply:30 - После фильтрации _filter_by_black_keywords осталось 48
2026-03-27 20:49:05.496 | INFO     | filters.ads_filter:apply:30 - После фильтрации _filter_by_white_keyword осталось 48
2026-03-27 20:49:05.496 | INFO     | filters.ads_filter:apply:30 - После фильтрации _filter_by_white_keyword осталось 48
2026-03-27 20:49:05.502 | INFO     | filters.ads_filter:apply:30 - После фильтрации _filter_by_address осталось 48
2026-03-27 20:49:05.502 | INFO     | filters.ads_filter:apply:30 - После фильтрации _filter_by_address осталось 48
2026-03-27 20:49:05.509 | INFO     | filters.ads_filter:apply:30 - После фильтрации _filter_by_seller осталось 48
2026-03-27 20:49:05.509 | INFO     | filters.ads_filter:apply:30 - После фильтрации _filter_by_seller осталось 48
2026-03-27 20:49:05.517 | INFO     | filters.ads_filter:apply:30 - После фильтрации _filter_by_recent_time осталось 48
2026-03-27 20:49:05.517 | INFO     | filters.ads_filter:apply:30 - После фильтрации _filter_by_recent_time осталось 48
2026-03-27 20:49:05.524 | INFO     | filters.ads_filter:apply:30 - После фильтрации _filter_by_reserve осталось 48
2026-03-27 20:49:05.524 | INFO     | filters.ads_filter:apply:30 - После фильтрации _filter_by_reserve осталось 48
2026-03-27 20:49:05.532 | INFO     | filters.ads_filter:apply:30 - После фильтрации _filter_by_promotion осталось 48
2026-03-27 20:49:05.532 | INFO     | filters.ads_filter:apply:30 - После фильтрации _filter_by_promotion осталось 48
2026-03-27 20:49:05.557 | INFO     | parser_cls:parse:146 - Пауза 1 сек.
2026-03-27 20:49:05.557 | INFO     | parser_cls:parse:146 - Пауза 1 сек.
2026-03-27 20:49:06.563 | INFO     | parser_cls:parse:150 - Сохраняю 195 объявлений
2026-03-27 20:49:06.563 | INFO     | parser_cls:parse:150 - Сохраняю 195 объявлений
2026-03-27 20:49:06.754 | INFO     | parser_cls:parse:97 - page=1
2026-03-27 20:49:06.754 | INFO     | parser_cls:parse:97 - page=1
2026-03-27 20:49:06.962 | WARNING  | parser.http.client:request:82 - Blocked request (429), attempt 1
2026-03-27 20:49:06.962 | WARNING  | parser.http.client:request:82 - Blocked request (429), attempt 1
2026-03-27 20:49:12.145 | WARNING  | parser.http.client:request:82 - Blocked request (429), attempt 2
2026-03-27 20:49:12.145 | WARNING  | parser.http.client:request:82 - Blocked request (429), attempt 2
2026-03-27 20:49:17.356 | WARNING  | parser.http.client:request:82 - Blocked request (429), attempt 3
2026-03-27 20:49:17.356 | WARNING  | parser.http.client:request:82 - Blocked request (429), attempt 3
2026-03-27 20:49:17.362 | WARNING  | parser.http.client:request:88 - Block threshold reached, handling block
2026-03-27 20:49:17.362 | WARNING  | parser.http.client:request:88 - Block threshold reached, handling block
2026-03-27 20:49:22.937 | WARNING  | parser.http.client:request:82 - Blocked request (429), attempt 1
2026-03-27 20:49:22.937 | WARNING  | parser.http.client:request:82 - Blocked request (429), attempt 1
2026-03-27 20:49:28.129 | WARNING  | parser.http.client:request:82 - Blocked request (429), attempt 2
2026-03-27 20:49:28.129 | WARNING  | parser.http.client:request:82 - Blocked request (429), attempt 2
2026-03-27 20:49:33.136 | WARNING  | parser_cls:fetch_data:79 - Ошибка при запросе https://www.avito.ru/krasnodar/telefony/mobilnye_telefony/apple/iphone_16-ASgBAgICA0SywA3GsYwVtMANzqs5sMENiPw3?cd=1: HTTP request failed after retries
2026-03-27 20:49:33.136 | WARNING  | parser_cls:fetch_data:79 - Ошибка при запросе https://www.avito.ru/krasnodar/telefony/mobilnye_telefony/apple/iphone_16-ASgBAgICA0SywA3GsYwVtMANzqs5sMENiPw3?cd=1: HTTP request failed after retries
2026-03-27 20:49:33.143 | WARNING  | parser_cls:parse:106 - Не удалось получить HTML для https://www.avito.ru/krasnodar/telefony/mobilnye_telefony/apple/iphone_16-ASgBAgICA0SywA3GsYwVtMANzqs5sMENiPw3?cd=1, пробую заново через 1 сек.
2026-03-27 20:49:33.143 | WARNING  | parser_cls:parse:106 - Не удалось получить HTML для https://www.avito.ru/krasnodar/telefony/mobilnye_telefony/apple/iphone_16-ASgBAgICA0SywA3GsYwVtMANzqs5sMENiPw3?cd=1, пробую заново через 1 сек.
2026-03-27 20:49:34.151 | INFO     | parser_cls:parse:97 - page=2
2026-03-27 20:49:34.151 | INFO     | parser_cls:parse:97 - page=2
2026-03-27 20:49:34.383 | WARNING  | parser.http.client:request:82 - Blocked request (429), attempt 3
2026-03-27 20:49:34.383 | WARNING  | parser.http.client:request:82 - Blocked request (429), attempt 3
2026-03-27 20:49:34.391 | WARNING  | parser.http.client:request:88 - Block threshold reached, handling block
2026-03-27 20:49:34.391 | WARNING  | parser.http.client:request:88 - Block threshold reached, handling block
2026-03-27 20:49:42.441 | WARNING  | parser.http.client:request:82 - Blocked request (429), attempt 1
2026-03-27 20:49:42.441 | WARNING  | parser.http.client:request:82 - Blocked request (429), attempt 1
2026-03-27 20:49:47.623 | WARNING  | parser.http.client:request:82 - Blocked request (429), attempt 2
2026-03-27 20:49:47.623 | WARNING  | parser.http.client:request:82 - Blocked request (429), attempt 2
2026-03-27 20:49:52.844 | WARNING  | parser.http.client:request:82 - Blocked request (429), attempt 3
2026-03-27 20:49:52.844 | WARNING  | parser.http.client:request:82 - Blocked request (429), attempt 3
2026-03-27 20:49:52.849 | WARNING  | parser.http.client:request:88 - Block threshold reached, handling block
2026-03-27 20:49:52.849 | WARNING  | parser.http.client:request:88 - Block threshold reached, handling block
2026-03-27 20:49:58.031 | WARNING  | parser.http.client:request:82 - Blocked request (429), attempt 1
2026-03-27 20:49:58.031 | WARNING  | parser.http.client:request:82 - Blocked request (429), attempt 1
2026-03-27 20:50:03.037 | WARNING  | parser_cls:fetch_data:79 - Ошибка при запросе https://www.avito.ru/krasnodar/telefony/mobilnye_telefony/apple/iphone_16-ASgBAgICA0SywA3GsYwVtMANzqs5sMENiPw3?cd=1: HTTP request failed after retries
2026-03-27 20:50:03.037 | WARNING  | parser_cls:fetch_data:79 - Ошибка при запросе https://www.avito.ru/krasnodar/telefony/mobilnye_telefony/apple/iphone_16-ASgBAgICA0SywA3GsYwVtMANzqs5sMENiPw3?cd=1: HTTP request failed after retries
2026-03-27 20:50:03.043 | WARNING  | parser_cls:parse:106 - Не удалось получить HTML для https://www.avito.ru/krasnodar/telefony/mobilnye_telefony/apple/iphone_16-ASgBAgICA0SywA3GsYwVtMANzqs5sMENiPw3?cd=1, пробую заново через 1 сек.
2026-03-27 20:50:03.043 | WARNING  | parser_cls:parse:106 - Не удалось получить HTML для https://www.avito.ru/krasnodar/telefony/mobilnye_telefony/apple/iphone_16-ASgBAgICA0SywA3GsYwVtMANzqs5sMENiPw3?cd=1, пробую заново через 1 сек.
2026-03-27 20:50:04.050 | INFO     | parser_cls:parse:97 - page=3
2026-03-27 20:50:04.050 | INFO     | parser_cls:parse:97 - page=3
2026-03-27 20:50:04.612 | WARNING  | parser.http.client:request:82 - Blocked request (429), attempt 2
2026-03-27 20:50:04.612 | WARNING  | parser.http.client:request:82 - Blocked request (429), attempt 2
2026-03-27 20:50:09.804 | WARNING  | parser.http.client:request:82 - Blocked request (429), attempt 3
2026-03-27 20:50:09.804 | WARNING  | parser.http.client:request:82 - Blocked request (429), attempt 3
2026-03-27 20:50:09.811 | WARNING  | parser.http.client:request:88 - Block threshold reached, handling block
2026-03-27 20:50:09.811 | WARNING  | parser.http.client:request:88 - Block threshold reached, handling block
2026-03-27 20:50:15.015 | WARNING  | parser.http.client:request:82 - Blocked request (429), attempt 1
2026-03-27 20:50:15.015 | WARNING  | parser.http.client:request:82 - Blocked request (429), attempt 1
2026-03-27 20:50:20.203 | WARNING  | parser.http.client:request:82 - Blocked request (429), attempt 2
2026-03-27 20:50:20.203 | WARNING  | parser.http.client:request:82 - Blocked request (429), attempt 2
2026-03-27 20:50:25.502 | WARNING  | parser.http.client:request:82 - Blocked request (429), attempt 3
2026-03-27 20:50:25.502 | WARNING  | parser.http.client:request:82 - Blocked request (429), attempt 3
2026-03-27 20:50:25.507 | WARNING  | parser.http.client:request:88 - Block threshold reached, handling block
2026-03-27 20:50:25.507 | WARNING  | parser.http.client:request:88 - Block threshold reached, handling block
2026-03-27 20:50:30.514 | WARNING  | parser_cls:fetch_data:79 - Ошибка при запросе https://www.avito.ru/krasnodar/telefony/mobilnye_telefony/apple/iphone_16-ASgBAgICA0SywA3GsYwVtMANzqs5sMENiPw3?cd=1: HTTP request failed after retries
2026-03-27 20:50:30.514 | WARNING  | parser_cls:fetch_data:79 - Ошибка при запросе https://www.avito.ru/krasnodar/telefony/mobilnye_telefony/apple/iphone_16-ASgBAgICA0SywA3GsYwVtMANzqs5sMENiPw3?cd=1: HTTP request failed after retries
2026-03-27 20:50:30.521 | WARNING  | parser_cls:parse:106 - Не удалось получить HTML для https://www.avito.ru/krasnodar/telefony/mobilnye_telefony/apple/iphone_16-ASgBAgICA0SywA3GsYwVtMANzqs5sMENiPw3?cd=1, пробую заново через 1 сек.
2026-03-27 20:50:30.521 | WARNING  | parser_cls:parse:106 - Не удалось получить HTML для https://www.avito.ru/krasnodar/telefony/mobilnye_telefony/apple/iphone_16-ASgBAgICA0SywA3GsYwVtMANzqs5sMENiPw3?cd=1, пробую заново через 1 сек.
2026-03-27 20:50:31.530 | INFO     | parser_cls:parse:97 - page=4
2026-03-27 20:50:31.530 | INFO     | parser_cls:parse:97 - page=4
2026-03-27 20:50:32.098 | WARNING  | parser.http.client:request:82 - Blocked request (429), attempt 1
2026-03-27 20:50:32.098 | WARNING  | parser.http.client:request:82 - Blocked request (429), attempt 1
2026-03-27 20:50:37.305 | WARNING  | parser.http.client:request:82 - Blocked request (429), attempt 2
2026-03-27 20:50:37.305 | WARNING  | parser.http.client:request:82 - Blocked request (429), attempt 2
2026-03-27 20:50:42.499 | WARNING  | parser.http.client:request:82 - Blocked request (429), attempt 3
2026-03-27 20:50:42.499 | WARNING  | parser.http.client:request:82 - Blocked request (429), attempt 3
2026-03-27 20:50:42.506 | WARNING  | parser.http.client:request:88 - Block threshold reached, handling block
2026-03-27 20:50:42.506 | WARNING  | parser.http.client:request:88 - Block threshold reached, handling block
2026-03-27 20:50:43.121 | DEBUG    | __main__:stop_parser:259 - Стоп
2026-03-27 20:50:43.121 | DEBUG    | __main__:stop_parser:259 - Стоп
2026-03-27 20:50:47.693 | WARNING  | parser.http.client:request:82 - Blocked request (429), attempt 1
2026-03-27 20:50:47.693 | WARNING  | parser.http.client:request:82 - Blocked request (429), attempt 1
2026-03-27 20:50:53.266 | WARNING  | parser.http.client:request:82 - Blocked request (429), attempt 2
2026-03-27 20:50:53.266 | WARNING  | parser.http.client:request:82 - Blocked request (429), attempt 2
2026-03-27 20:50:58.274 | WARNING  | parser_cls:fetch_data:79 - Ошибка при запросе https://www.avito.ru/krasnodar/telefony/mobilnye_telefony/apple/iphone_16-ASgBAgICA0SywA3GsYwVtMANzqs5sMENiPw3?cd=1: HTTP request failed after retries
2026-03-27 20:50:58.274 | WARNING  | parser_cls:fetch_data:79 - Ошибка при запросе https://www.avito.ru/krasnodar/telefony/mobilnye_telefony/apple/iphone_16-ASgBAgICA0SywA3GsYwVtMANzqs5sMENiPw3?cd=1: HTTP request failed after retries
2026-03-27 20:50:58.280 | WARNING  | parser_cls:parse:106 - Не удалось получить HTML для https://www.avito.ru/krasnodar/telefony/mobilnye_telefony/apple/iphone_16-ASgBAgICA0SywA3GsYwVtMANzqs5sMENiPw3?cd=1, пробую заново через 1 сек.
2026-03-27 20:50:58.280 | WARNING  | parser_cls:parse:106 - Не удалось получить HTML для https://www.avito.ru/krasnodar/telefony/mobilnye_telefony/apple/iphone_16-ASgBAgICA0SywA3GsYwVtMANzqs5sMENiPw3?cd=1, пробую заново через 1 сек.
2026-03-27 20:50:59.288 | INFO     | parser_cls:parse:97 - page=5
2026-03-27 20:50:59.288 | INFO     | parser_cls:parse:97 - page=5
2026-03-27 21:11:08.920 | INFO     | hide_private_data:log_config:64 - Запуск AvitoParse v3.2.08 с настройками:
AvitoConfig(urls=['https://www.avito.ru/moskva_i_mo/chasy_i_ukrasheniya/chasy/smart/smart_chasi-ASgBAgICA0TQAYYGhNgR_paHA4jYEY6XhwM?cd=1&f=ASgBAgECBkTQAYYG5rwN8tE08ooOpIKUAeSODpKfzgGE2BH~locDiNgRjpeHAwFFxpoMGXsiZnJvbSI6MTAwMCwidG8iOjE1MDAwMH0&localPriority=1&q=watch'], proxy_string='', proxy_change_url='', keys_word_white_list=[], keys_word_black_list=[], seller_black_list=[], count=1, tg_token='', tg_chat_id=['***'], vk_token='', vk_user_id=[], max_price=99999999, min_price=0, geo='', max_age=0, debug_mode=0, pause_general=1, pause_between_links=3, max_count_of_retry=5, ignore_reserv=True, ignore_promotion=False, one_time_start=True, one_file_for_link=False, parse_views=False, save_xlsx=True, use_webdriver=False, use_bypass_api=False, cookies_api_key='', output_dir=WindowsPath('result'), use_own_cookies=False, parse_phone=False, proxy_notifier='')
2026-03-27 21:11:08.934 | INFO     | __main__:parse:97 - page=1
2026-03-27 21:11:09.172 | WARNING  | parser.http.client:request:82 - Blocked request (429), attempt 1
2026-03-27 21:11:14.380 | WARNING  | parser.http.client:request:82 - Blocked request (429), attempt 2
2026-03-27 21:11:19.620 | WARNING  | parser.http.client:request:82 - Blocked request (429), attempt 3
2026-03-27 21:11:19.622 | WARNING  | parser.http.client:request:88 - Block threshold reached, handling block
2026-03-27 21:11:24.878 | WARNING  | parser.http.client:request:82 - Blocked request (429), attempt 1
2026-03-27 21:11:30.067 | WARNING  | parser.http.client:request:82 - Blocked request (429), attempt 2
2026-03-27 21:11:35.071 | WARNING  | __main__:fetch_data:79 - Ошибка при запросе https://www.avito.ru/moskva_i_mo/chasy_i_ukrasheniya/chasy/smart/smart_chasi-ASgBAgICA0TQAYYGhNgR_paHA4jYEY6XhwM?cd=1&f=ASgBAgECBkTQAYYG5rwN8tE08ooOpIKUAeSODpKfzgGE2BH~locDiNgRjpeHAwFFxpoMGXsiZnJvbSI6MTAwMCwidG8iOjE1MDAwMH0&localPriority=1&q=watch: HTTP request failed after retries
2026-03-27 21:11:35.074 | WARNING  | __main__:parse:106 - Не удалось получить HTML для https://www.avito.ru/moskva_i_mo/chasy_i_ukrasheniya/chasy/smart/smart_chasi-ASgBAgICA0TQAYYGhNgR_paHA4jYEY6XhwM?cd=1&f=ASgBAgECBkTQAYYG5rwN8tE08ooOpIKUAeSODpKfzgGE2BH~locDiNgRjpeHAwFFxpoMGXsiZnJvbSI6MTAwMCwidG8iOjE1MDAwMH0&localPriority=1&q=watch, пробую заново через 3 сек.
2026-03-27 21:11:38.079 | INFO     | __main__:parse:153 - Сохранять нечего
2026-03-27 21:11:38.082 | INFO     | __main__:parse:155 - Хорошие запросы: 0шт, плохие: 1шт
2026-03-27 21:11:38.083 | INFO     | __main__:<module>:304 - Парсинг завершен т.к. включён one_time_start в настройках
2026-03-27 21:16:26.126 | INFO     | parser.proxies.proxy_factory:build_proxy:15 - Прокси определен как мобильный
2026-03-27 21:16:26.131 | INFO     | hide_private_data:log_config:64 - Запуск AvitoParse v3.2.08 с настройками:
AvitoConfig(urls=['https://www.avito.ru/moskva_i_mo/chasy_i_ukrasheniya/chasy/smart/smart_chasi-ASgBAgICA0TQAYYGhNgR_paHA4jYEY6XhwM?cd=1&f=ASgBAgECBkTQAYYG5rwN8tE08ooOpIKUAeSODpKfzgGE2BH~locDiNgRjpeHAwFFxpoMGXsiZnJvbSI6MTAwMCwidG8iOjE1MDAwMH0&localPriority=1&q=watch'], proxy_string='Uk5eZy:***@mproxy.site:14085', proxy_change_url='https://changeip.mobileproxy.space/***', keys_word_white_list=[], keys_word_black_list=[], seller_black_list=[], count=1, tg_token='', tg_chat_id=['***'], vk_token='', vk_user_id=[], max_price=99999999, min_price=0, geo='', max_age=0, debug_mode=0, pause_general=1, pause_between_links=3, max_count_of_retry=5, ignore_reserv=True, ignore_promotion=False, one_time_start=True, one_file_for_link=False, parse_views=False, save_xlsx=True, use_webdriver=False, use_bypass_api=False, cookies_api_key='', output_dir=WindowsPath('result'), use_own_cookies=False, parse_phone=False, proxy_notifier='')
2026-03-27 21:16:26.134 | INFO     | __main__:parse:97 - page=1
2026-03-27 21:16:33.087 | INFO     | __main__:parse:122 - Объявлений перед чисткой 50
2026-03-27 21:16:33.122 | INFO     | filters.ads_filter:apply:30 - После фильтрации _filter_viewed осталось 50
2026-03-27 21:16:33.125 | INFO     | filters.ads_filter:apply:30 - После фильтрации _filter_by_price_range осталось 50
2026-03-27 21:16:33.130 | INFO     | filters.ads_filter:apply:30 - После фильтрации _filter_by_black_keywords осталось 50
2026-03-27 21:16:33.132 | INFO     | filters.ads_filter:apply:30 - После фильтрации _filter_by_white_keyword осталось 50
2026-03-27 21:16:33.133 | INFO     | filters.ads_filter:apply:30 - После фильтрации _filter_by_address осталось 50
2026-03-27 21:16:33.135 | INFO     | filters.ads_filter:apply:30 - После фильтрации _filter_by_seller осталось 50
2026-03-27 21:16:33.139 | INFO     | filters.ads_filter:apply:30 - После фильтрации _filter_by_recent_time осталось 50
2026-03-27 21:16:33.140 | INFO     | filters.ads_filter:apply:30 - После фильтрации _filter_by_reserve осталось 50
2026-03-27 21:16:33.142 | INFO     | filters.ads_filter:apply:30 - После фильтрации _filter_by_promotion осталось 50
2026-03-27 21:16:33.155 | DEBUG    | __main__:get_next_page_url:282 - Страница 1
2026-03-27 21:16:33.158 | INFO     | __main__:parse:146 - Пауза 3 сек.
2026-03-27 21:16:36.161 | INFO     | __main__:parse:150 - Сохраняю 50 объявлений
2026-03-27 21:16:36.189 | INFO     | __main__:parse:155 - Хорошие запросы: 1шт, плохие: 0шт
2026-03-27 21:16:36.196 | INFO     | __main__:<module>:304 - Парсинг завершен т.к. включён one_time_start в настройках
2026-03-27 21:33:37.619 | INFO     | parser.proxies.proxy_factory:build_proxy:15 - Прокси определен как мобильный
2026-03-27 21:33:37.623 | INFO     | hide_private_data:log_config:64 - Запуск AvitoParse v3.2.08 с настройками:
AvitoConfig(urls=['https://www.avito.ru/moskva_i_mo/chasy_i_ukrasheniya/chasy/smart/smart_chasi-ASgBAgICA0TQAYYGhNgR_paHA4jYEY6XhwM?cd=1&f=ASgBAgECBkTQAYYG5rwN8tE08ooOpIKUAeSODpKfzgGE2BH~locDiNgRjpeHAwFFxpoMGXsiZnJvbSI6MTAwMCwidG8iOjE1MDAwMH0&localPriority=1&q=watch'], proxy_string='Uk5eZy:***@mproxy.site:14085', proxy_change_url='https://changeip.mobileproxy.space/***', keys_word_white_list=[], keys_word_black_list=[], seller_black_list=[], count=1, tg_token='', tg_chat_id=['***'], vk_token='', vk_user_id=[], max_price=99999999, min_price=0, geo='', max_age=0, debug_mode=0, pause_general=1, pause_between_links=3, max_count_of_retry=5, ignore_reserv=True, ignore_promotion=False, one_time_start=True, one_file_for_link=False, parse_views=False, save_xlsx=True, use_webdriver=False, use_bypass_api=False, cookies_api_key='', output_dir=WindowsPath('result'), use_own_cookies=False, parse_phone=False, proxy_notifier='')
2026-03-27 21:33:37.635 | INFO     | __main__:parse:97 - page=1
2026-03-27 21:33:42.335 | INFO     | __main__:parse:122 - Объявлений перед чисткой 50
2026-03-27 21:33:42.370 | INFO     | filters.ads_filter:apply:30 - После фильтрации _filter_viewed осталось 11
2026-03-27 21:33:42.372 | INFO     | filters.ads_filter:apply:30 - После фильтрации _filter_by_price_range осталось 11
2026-03-27 21:33:42.375 | INFO     | filters.ads_filter:apply:30 - После фильтрации _filter_by_black_keywords осталось 11
2026-03-27 21:33:42.377 | INFO     | filters.ads_filter:apply:30 - После фильтрации _filter_by_white_keyword осталось 11
2026-03-27 21:33:42.379 | INFO     | filters.ads_filter:apply:30 - После фильтрации _filter_by_address осталось 11
2026-03-27 21:33:42.380 | INFO     | filters.ads_filter:apply:30 - После фильтрации _filter_by_seller осталось 11
2026-03-27 21:33:42.382 | INFO     | filters.ads_filter:apply:30 - После фильтрации _filter_by_recent_time осталось 11
2026-03-27 21:33:42.383 | INFO     | filters.ads_filter:apply:30 - После фильтрации _filter_by_reserve осталось 11
2026-03-27 21:33:42.385 | INFO     | filters.ads_filter:apply:30 - После фильтрации _filter_by_promotion осталось 11
2026-03-27 21:33:42.396 | DEBUG    | __main__:get_next_page_url:282 - Страница 1
2026-03-27 21:33:42.398 | INFO     | __main__:parse:146 - Пауза 3 сек.
2026-03-27 21:33:45.401 | INFO     | __main__:parse:150 - Сохраняю 11 объявлений
2026-03-27 21:33:45.427 | INFO     | __main__:parse:155 - Хорошие запросы: 1шт, плохие: 0шт
2026-03-27 21:33:45.434 | INFO     | __main__:<module>:304 - Парсинг завершен т.к. включён one_time_start в настройках
2026-03-27 21:42:01.627 | INFO     | parser.proxies.proxy_factory:build_proxy:15 - Прокси определен как мобильный
2026-03-27 21:42:01.632 | INFO     | hide_private_data:log_config:64 - Запуск AvitoParse v3.2.08 с настройками:
AvitoConfig(urls=['https://www.avito.ru/moskva_i_mo/chasy_i_ukrasheniya/chasy/smart/smart_chasi-ASgBAgICA0TQAYYGhNgR_paHA4jYEY6XhwM?cd=1&f=ASgBAgECBkTQAYYG5rwN8tE08ooOpIKUAeSODpKfzgGE2BH~locDiNgRjpeHAwFFxpoMGXsiZnJvbSI6MTAwMCwidG8iOjE1MDAwMH0&localPriority=1&q=watch'], proxy_string='Uk5eZy:***@mproxy.site:14085', proxy_change_url='https://changeip.mobileproxy.space/***', keys_word_white_list=[], keys_word_black_list=[], seller_black_list=[], count=1, tg_token='', tg_chat_id=['***'], vk_token='', vk_user_id=[], max_price=99999999, min_price=0, geo='', max_age=0, debug_mode=0, pause_general=1, pause_between_links=3, max_count_of_retry=5, ignore_reserv=True, ignore_promotion=False, one_time_start=True, one_file_for_link=False, parse_views=False, save_xlsx=True, use_webdriver=False, use_bypass_api=False, cookies_api_key='', output_dir=WindowsPath('result'), use_own_cookies=False, parse_phone=False, proxy_notifier='')
2026-03-27 21:42:01.652 | INFO     | __main__:parse:97 - page=1
2026-03-27 21:42:04.474 | INFO     | __main__:parse:122 - Объявлений перед чисткой 50
2026-03-27 21:42:04.509 | INFO     | filters.ads_filter:apply:30 - После фильтрации _filter_viewed осталось 16
2026-03-27 21:42:04.512 | INFO     | filters.ads_filter:apply:30 - После фильтрации _filter_by_price_range осталось 16
2026-03-27 21:42:04.515 | INFO     | filters.ads_filter:apply:30 - После фильтрации _filter_by_black_keywords осталось 16
2026-03-27 21:42:04.517 | INFO     | filters.ads_filter:apply:30 - После фильтрации _filter_by_white_keyword осталось 16
2026-03-27 21:42:04.518 | INFO     | filters.ads_filter:apply:30 - После фильтрации _filter_by_address осталось 16
2026-03-27 21:42:04.521 | INFO     | filters.ads_filter:apply:30 - После фильтрации _filter_by_seller осталось 16
2026-03-27 21:42:04.523 | INFO     | filters.ads_filter:apply:30 - После фильтрации _filter_by_recent_time осталось 16
2026-03-27 21:42:04.525 | INFO     | filters.ads_filter:apply:30 - После фильтрации _filter_by_reserve осталось 16
2026-03-27 21:42:04.526 | INFO     | filters.ads_filter:apply:30 - После фильтрации _filter_by_promotion осталось 16
2026-03-27 21:42:04.549 | DEBUG    | __main__:get_next_page_url:282 - Страница 1
2026-03-27 21:42:04.551 | INFO     | __main__:parse:146 - Пауза 3 сек.
2026-03-27 21:42:07.554 | INFO     | __main__:parse:150 - Сохраняю 16 объявлений
2026-03-27 21:42:07.580 | INFO     | __main__:parse:155 - Хорошие запросы: 1шт, плохие: 0шт
2026-03-27 21:42:07.586 | INFO     | __main__:<module>:304 - Парсинг завершен т.к. включён one_time_start в настройках
2026-03-27 21:45:37.461 | INFO     | parser.proxies.proxy_factory:build_proxy:15 - Прокси определен как мобильный
2026-03-27 21:45:37.465 | INFO     | hide_private_data:log_config:64 - Запуск AvitoParse v3.2.08 с настройками:
AvitoConfig(urls=['https://www.avito.ru/moskva_i_mo/chasy_i_ukrasheniya/chasy/smart/smart_chasi-ASgBAgICA0TQAYYGhNgR_paHA4jYEY6XhwM?cd=1&f=ASgBAgECBkTQAYYG5rwN8tE08ooOpIKUAeSODpKfzgGE2BH~locDiNgRjpeHAwFFxpoMGXsiZnJvbSI6MTAwMCwidG8iOjE1MDAwMH0&localPriority=1&q=watch'], proxy_string='Uk5eZy:***@mproxy.site:14085', proxy_change_url='https://changeip.mobileproxy.space/***', keys_word_white_list=[], keys_word_black_list=[], seller_black_list=[], count=1, tg_token='', tg_chat_id=['***'], vk_token='', vk_user_id=[], max_price=99999999, min_price=0, geo='', max_age=0, debug_mode=0, pause_general=1, pause_between_links=3, max_count_of_retry=5, ignore_reserv=True, ignore_promotion=False, one_time_start=True, one_file_for_link=False, parse_views=False, save_xlsx=True, use_webdriver=False, use_bypass_api=False, cookies_api_key='', output_dir=WindowsPath('result'), use_own_cookies=False, parse_phone=False, proxy_notifier='')
2026-03-27 21:45:37.467 | INFO     | __main__:parse:97 - page=1
2026-03-27 21:45:40.290 | INFO     | __main__:parse:122 - Объявлений перед чисткой 50
2026-03-27 21:45:40.324 | INFO     | filters.ads_filter:apply:95 - После фильтрации _filter_viewed осталось 4
2026-03-27 21:45:40.327 | INFO     | filters.ads_filter:apply:95 - После фильтрации _filter_by_price_range осталось 4
2026-03-27 21:45:40.330 | INFO     | filters.ads_filter:apply:95 - После фильтрации _filter_watch_accessories осталось 4
2026-03-27 21:45:40.331 | INFO     | filters.ads_filter:apply:95 - После фильтрации _filter_by_black_keywords осталось 4
2026-03-27 21:45:40.333 | INFO     | filters.ads_filter:apply:95 - После фильтрации _filter_by_white_keyword осталось 4
2026-03-27 21:45:40.334 | INFO     | filters.ads_filter:apply:95 - После фильтрации _filter_by_address осталось 4
2026-03-27 21:45:40.336 | INFO     | filters.ads_filter:apply:95 - После фильтрации _filter_by_seller осталось 4
2026-03-27 21:45:40.337 | INFO     | filters.ads_filter:apply:95 - После фильтрации _filter_by_recent_time осталось 4
2026-03-27 21:45:40.339 | INFO     | filters.ads_filter:apply:95 - После фильтрации _filter_by_reserve осталось 4
2026-03-27 21:45:40.340 | INFO     | filters.ads_filter:apply:95 - После фильтрации _filter_by_promotion осталось 4
2026-03-27 21:45:40.353 | DEBUG    | __main__:get_next_page_url:282 - Страница 1
2026-03-27 21:45:40.355 | INFO     | __main__:parse:146 - Пауза 3 сек.
2026-03-27 21:45:43.357 | INFO     | __main__:parse:150 - Сохраняю 4 объявлений
2026-03-27 21:45:43.395 | INFO     | __main__:parse:155 - Хорошие запросы: 1шт, плохие: 0шт
2026-03-27 21:45:43.402 | INFO     | __main__:<module>:304 - Парсинг завершен т.к. включён one_time_start в настройках
2026-03-27 21:51:52.636 | INFO     | parser.proxies.proxy_factory:build_proxy:15 - Прокси определен как мобильный
2026-03-27 21:51:52.652 | INFO     | hide_private_data:log_config:64 - Запуск AvitoParse v3.2.08 с настройками:
AvitoConfig(urls=['https://www.avito.ru/moskva_i_mo/chasy_i_ukrasheniya/chasy/smart/smart_chasi-ASgBAgICA0TQAYYGhNgR_paHA4jYEY6XhwM?cd=1&f=ASgBAgECBkTQAYYG5rwN8tE08ooOpIKUAeSODpKfzgGE2BH~locDiNgRjpeHAwFFxpoMGXsiZnJvbSI6MTAwMCwidG8iOjE1MDAwMH0&localPriority=1&q=watch'], proxy_string='Uk5eZy:***@mproxy.site:14085', proxy_change_url='https://changeip.mobileproxy.space/***', keys_word_white_list=[], keys_word_black_list=[], seller_black_list=[], count=1, tg_token='', tg_chat_id=['***'], vk_token='', vk_user_id=[], max_price=99999999, min_price=0, geo='', max_age=0, debug_mode=0, pause_general=1, pause_between_links=3, max_count_of_retry=5, ignore_reserv=True, ignore_promotion=False, one_time_start=True, one_file_for_link=False, parse_views=False, save_xlsx=True, use_webdriver=False, use_bypass_api=False, cookies_api_key='', output_dir=WindowsPath('result'), use_own_cookies=False, parse_phone=False, proxy_notifier='')
2026-03-27 21:51:52.655 | INFO     | __main__:parse:97 - page=1
2026-03-27 21:51:54.948 | INFO     | __main__:parse:122 - Объявлений перед чисткой 50
2026-03-27 21:51:54.984 | INFO     | filters.ads_filter:apply:95 - После фильтрации _filter_viewed осталось 50
2026-03-27 21:51:54.986 | INFO     | filters.ads_filter:apply:95 - После фильтрации _filter_by_price_range осталось 50
2026-03-27 21:51:54.989 | INFO     | filters.ads_filter:apply:95 - После фильтрации _filter_watch_accessories осталось 49
2026-03-27 21:51:54.990 | INFO     | filters.ads_filter:apply:95 - После фильтрации _filter_by_black_keywords осталось 49
2026-03-27 21:51:54.993 | INFO     | filters.ads_filter:apply:95 - После фильтрации _filter_by_white_keyword осталось 49
2026-03-27 21:51:54.995 | INFO     | filters.ads_filter:apply:95 - После фильтрации _filter_by_address осталось 49
2026-03-27 21:51:54.997 | INFO     | filters.ads_filter:apply:95 - После фильтрации _filter_by_seller осталось 49
2026-03-27 21:51:55.001 | INFO     | filters.ads_filter:apply:95 - После фильтрации _filter_by_recent_time осталось 49
2026-03-27 21:51:55.003 | INFO     | filters.ads_filter:apply:95 - После фильтрации _filter_by_reserve осталось 49
2026-03-27 21:51:55.004 | INFO     | filters.ads_filter:apply:95 - После фильтрации _filter_by_promotion осталось 49
2026-03-27 21:51:55.009 | DEBUG    | __main__:get_next_page_url:282 - Страница 1
2026-03-27 21:51:55.011 | INFO     | __main__:parse:146 - Пауза 3 сек.
2026-03-27 21:51:58.013 | INFO     | __main__:parse:150 - Сохраняю 49 объявлений
2026-03-27 21:51:58.066 | INFO     | __main__:parse:155 - Хорошие запросы: 1шт, плохие: 0шт
2026-03-27 21:51:58.071 | INFO     | __main__:<module>:304 - Парсинг завершен т.к. включён one_time_start в настройках
2026-03-27 21:53:11.380 | INFO     | parser.proxies.proxy_factory:build_proxy:15 - Прокси определен как мобильный
2026-03-27 21:53:11.396 | INFO     | hide_private_data:log_config:64 - Запуск AvitoParse v3.2.08 с настройками:
AvitoConfig(urls=['https://www.avito.ru/moskva_i_mo/chasy_i_ukrasheniya/chasy/smart/smart_chasi-ASgBAgICA0TQAYYGhNgR_paHA4jYEY6XhwM?cd=1&f=ASgBAgECBkTQAYYG5rwN8tE08ooOpIKUAeSODpKfzgGE2BH~locDiNgRjpeHAwFFxpoMGXsiZnJvbSI6MTAwMCwidG8iOjE1MDAwMH0&localPriority=1&q=watch'], proxy_string='Uk5eZy:***@mproxy.site:14085', proxy_change_url='https://changeip.mobileproxy.space/***', keys_word_white_list=[], keys_word_black_list=[], seller_black_list=[], count=1, tg_token='', tg_chat_id=['***'], vk_token='', vk_user_id=[], max_price=99999999, min_price=0, geo='', max_age=0, debug_mode=0, pause_general=1, pause_between_links=3, max_count_of_retry=5, ignore_reserv=True, ignore_promotion=False, one_time_start=True, one_file_for_link=False, parse_views=False, save_xlsx=True, use_webdriver=False, use_bypass_api=False, cookies_api_key='', output_dir=WindowsPath('result'), use_own_cookies=False, parse_phone=False, proxy_notifier='')
2026-03-27 21:53:11.409 | INFO     | __main__:parse:97 - page=1
2026-03-27 21:53:14.573 | INFO     | __main__:parse:122 - Объявлений перед чисткой 50
2026-03-27 21:53:32.815 | INFO     | filters.ads_filter:apply:95 - После фильтрации _filter_viewed осталось 50
2026-03-27 21:53:32.818 | INFO     | filters.ads_filter:apply:95 - После фильтрации _filter_by_price_range осталось 50
2026-03-27 21:53:32.821 | INFO     | filters.ads_filter:apply:95 - После фильтрации _filter_watch_accessories осталось 49
2026-03-27 21:53:32.824 | INFO     | filters.ads_filter:apply:95 - После фильтрации _filter_by_black_keywords осталось 49
2026-03-27 21:53:32.828 | INFO     | filters.ads_filter:apply:95 - После фильтрации _filter_by_white_keyword осталось 49
2026-03-27 21:53:32.829 | INFO     | filters.ads_filter:apply:95 - После фильтрации _filter_by_address осталось 49
2026-03-27 21:53:32.831 | INFO     | filters.ads_filter:apply:95 - После фильтрации _filter_by_seller осталось 49
2026-03-27 21:53:32.832 | INFO     | filters.ads_filter:apply:95 - После фильтрации _filter_by_recent_time осталось 49
2026-03-27 21:53:32.834 | INFO     | filters.ads_filter:apply:95 - После фильтрации _filter_by_reserve осталось 49
2026-03-27 21:53:32.835 | INFO     | filters.ads_filter:apply:95 - После фильтрации _filter_by_promotion осталось 49
2026-03-27 21:53:32.849 | DEBUG    | __main__:get_next_page_url:282 - Страница 1
2026-03-27 21:53:32.851 | INFO     | __main__:parse:146 - Пауза 3 сек.
2026-03-27 21:53:35.854 | INFO     | __main__:parse:150 - Сохраняю 49 объявлений
2026-03-27 21:53:35.898 | INFO     | __main__:parse:155 - Хорошие запросы: 1шт, плохие: 0шт
2026-03-27 21:53:35.905 | INFO     | __main__:<module>:304 - Парсинг завершен т.к. включён one_time_start в настройках
2026-03-27 22:05:28.408 | INFO     | parser.proxies.proxy_factory:build_proxy:15 - Прокси определен как мобильный
2026-03-27 22:05:28.413 | INFO     | hide_private_data:log_config:64 - Запуск AvitoParse v3.2.08 с настройками:
AvitoConfig(urls=['https://www.avito.ru/moskva_i_mo/chasy_i_ukrasheniya/chasy/smart/smart_chasi-ASgBAgICA0TQAYYGhNgR_paHA4jYEY6XhwM?cd=1&f=ASgBAgECBkTQAYYG5rwN8tE08ooOpIKUAeSODpKfzgGE2BH~locDiNgRjpeHAwFFxpoMGXsiZnJvbSI6MTAwMCwidG8iOjE1MDAwMH0&localPriority=1&q=watch'], proxy_string='Uk5eZy:***@mproxy.site:14085', proxy_change_url='https://changeip.mobileproxy.space/***', keys_word_white_list=[], keys_word_black_list=[], seller_black_list=[], count=1, tg_token='', tg_chat_id=['***'], vk_token='', vk_user_id=[], max_price=99999999, min_price=0, geo='', max_age=0, debug_mode=0, pause_general=1, pause_between_links=3, max_count_of_retry=5, ignore_reserv=True, ignore_promotion=False, one_time_start=True, one_file_for_link=False, parse_views=False, save_xlsx=True, use_webdriver=False, use_bypass_api=False, cookies_api_key='', output_dir=WindowsPath('result'), use_own_cookies=False, parse_phone=False, proxy_notifier='')
2026-03-27 22:05:28.416 | INFO     | __main__:parse:97 - page=1
2026-03-27 22:05:31.473 | INFO     | __main__:parse:122 - Объявлений перед чисткой 50
2026-03-27 22:05:31.507 | INFO     | filters.ads_filter:apply:95 - После фильтрации _filter_viewed осталось 25
2026-03-27 22:05:31.511 | INFO     | filters.ads_filter:apply:95 - После фильтрации _filter_by_price_range осталось 25
2026-03-27 22:05:31.513 | INFO     | filters.ads_filter:apply:95 - После фильтрации _filter_watch_accessories осталось 24
2026-03-27 22:05:31.515 | INFO     | filters.ads_filter:apply:95 - После фильтрации _filter_by_black_keywords осталось 24
2026-03-27 22:05:31.517 | INFO     | filters.ads_filter:apply:95 - После фильтрации _filter_by_white_keyword осталось 24
2026-03-27 22:05:31.521 | INFO     | filters.ads_filter:apply:95 - После фильтрации _filter_by_address осталось 24
2026-03-27 22:05:31.524 | INFO     | filters.ads_filter:apply:95 - После фильтрации _filter_by_seller осталось 24
2026-03-27 22:05:31.525 | INFO     | filters.ads_filter:apply:95 - После фильтрации _filter_by_recent_time осталось 24
2026-03-27 22:05:31.527 | INFO     | filters.ads_filter:apply:95 - После фильтрации _filter_by_reserve осталось 24
2026-03-27 22:05:31.528 | INFO     | filters.ads_filter:apply:95 - После фильтрации _filter_by_promotion осталось 24
2026-03-27 22:05:31.541 | DEBUG    | __main__:get_next_page_url:282 - Страница 1
2026-03-27 22:05:31.543 | INFO     | __main__:parse:146 - Пауза 3 сек.
2026-03-27 22:05:34.546 | INFO     | __main__:parse:150 - Сохраняю 24 объявлений
2026-03-27 22:05:34.612 | INFO     | __main__:parse:155 - Хорошие запросы: 1шт, плохие: 0шт
2026-03-27 22:05:34.621 | INFO     | __main__:<module>:304 - Парсинг завершен т.к. включён one_time_start в настройках
2026-03-27 22:06:00.117 | INFO     | parser.proxies.proxy_factory:build_proxy:15 - Прокси определен как мобильный
2026-03-27 22:06:00.121 | INFO     | hide_private_data:log_config:64 - Запуск AvitoParse v3.2.08 с настройками:
AvitoConfig(urls=['https://www.avito.ru/moskva_i_mo/chasy_i_ukrasheniya/chasy/smart/smart_chasi-ASgBAgICA0TQAYYGhNgR_paHA4jYEY6XhwM?cd=1&f=ASgBAgECBkTQAYYG5rwN8tE08ooOpIKUAeSODpKfzgGE2BH~locDiNgRjpeHAwFFxpoMGXsiZnJvbSI6MTAwMCwidG8iOjE1MDAwMH0&localPriority=1&q=watch'], proxy_string='Uk5eZy:***@mproxy.site:14085', proxy_change_url='https://changeip.mobileproxy.space/***', keys_word_white_list=[], keys_word_black_list=[], seller_black_list=[], count=1, tg_token='', tg_chat_id=['***'], vk_token='', vk_user_id=[], max_price=99999999, min_price=0, geo='', max_age=0, debug_mode=0, pause_general=1, pause_between_links=3, max_count_of_retry=5, ignore_reserv=True, ignore_promotion=False, one_time_start=True, one_file_for_link=False, parse_views=False, save_xlsx=True, use_webdriver=False, use_bypass_api=False, cookies_api_key='', output_dir=WindowsPath('result'), use_own_cookies=False, parse_phone=False, proxy_notifier='')
2026-03-27 22:06:00.125 | INFO     | __main__:parse:97 - page=1
2026-03-27 22:06:04.046 | INFO     | __main__:parse:122 - Объявлений перед чисткой 50
2026-03-27 22:06:04.080 | INFO     | filters.ads_filter:apply:95 - После фильтрации _filter_viewed осталось 2
2026-03-27 22:06:04.083 | INFO     | filters.ads_filter:apply:95 - После фильтрации _filter_by_price_range осталось 2
2026-03-27 22:06:04.085 | INFO     | filters.ads_filter:apply:95 - После фильтрации _filter_watch_accessories осталось 1
2026-03-27 22:06:04.086 | INFO     | filters.ads_filter:apply:95 - После фильтрации _filter_by_black_keywords осталось 1
2026-03-27 22:06:04.088 | INFO     | filters.ads_filter:apply:95 - После фильтрации _filter_by_white_keyword осталось 1
2026-03-27 22:06:04.090 | INFO     | filters.ads_filter:apply:95 - После фильтрации _filter_by_address осталось 1
2026-03-27 22:06:04.091 | INFO     | filters.ads_filter:apply:95 - После фильтрации _filter_by_seller осталось 1
2026-03-27 22:06:04.092 | INFO     | filters.ads_filter:apply:95 - После фильтрации _filter_by_recent_time осталось 1
2026-03-27 22:06:04.094 | INFO     | filters.ads_filter:apply:95 - После фильтрации _filter_by_reserve осталось 1
2026-03-27 22:06:04.096 | INFO     | filters.ads_filter:apply:95 - После фильтрации _filter_by_promotion осталось 1
2026-03-27 22:06:04.104 | DEBUG    | __main__:get_next_page_url:282 - Страница 1
2026-03-27 22:06:04.105 | INFO     | __main__:parse:146 - Пауза 3 сек.
2026-03-27 22:06:07.108 | INFO     | __main__:parse:150 - Сохраняю 1 объявлений
2026-03-27 22:06:07.164 | INFO     | __main__:parse:155 - Хорошие запросы: 1шт, плохие: 0шт
2026-03-27 22:06:07.171 | INFO     | __main__:<module>:304 - Парсинг завершен т.к. включён one_time_start в настройках
2026-03-28 23:51:14.404 | ERROR    | __main__:<module>:296 - Ошибка загрузки конфига: Invalid value (at line 7, column 5)
2026-03-28 23:51:40.702 | INFO     | parser.proxies.proxy_factory:build_proxy:15 - Прокси определен как мобильный
2026-03-28 23:51:40.738 | INFO     | hide_private_data:log_config:64 - Запуск AvitoParse v3.2.08 с настройками:
AvitoConfig(urls=['https://www.avito.ru/all/chasy_i_ukrasheniya?f=ASgBAgICAUTmvA3y0TQ&q=apple+watch'], proxy_string='Uk5eZy:***@mproxy.site:14085', proxy_change_url='https://changeip.mobileproxy.space/***', keys_word_white_list=[], keys_word_black_list=[], seller_black_list=[], count=1, tg_token='', tg_chat_id=['***'], vk_token='', vk_user_id=[], max_price=99999999, min_price=0, geo='', max_age=0, debug_mode=0, pause_general=1, pause_between_links=3, max_count_of_retry=5, ignore_reserv=True, ignore_promotion=False, one_time_start=True, one_file_for_link=False, parse_views=False, save_xlsx=True, use_webdriver=False, use_bypass_api=False, cookies_api_key='', output_dir=WindowsPath('result'), use_own_cookies=False, parse_phone=False, proxy_notifier='')
2026-03-28 23:51:40.770 | INFO     | __main__:parse:97 - page=1
2026-03-28 23:51:43.405 | INFO     | __main__:parse:122 - Объявлений перед чисткой 50
2026-03-28 23:51:43.445 | INFO     | filters.ads_filter:apply:95 - После фильтрации _filter_viewed осталось 50
2026-03-28 23:51:43.447 | INFO     | filters.ads_filter:apply:95 - После фильтрации _filter_by_price_range осталось 50
2026-03-28 23:51:43.448 | INFO     | filters.ads_filter:apply:95 - После фильтрации _filter_watch_accessories осталось 50
2026-03-28 23:51:43.450 | INFO     | filters.ads_filter:apply:95 - После фильтрации _filter_by_black_keywords осталось 50
2026-03-28 23:51:43.451 | INFO     | filters.ads_filter:apply:95 - После фильтрации _filter_by_white_keyword осталось 50
2026-03-28 23:51:43.452 | INFO     | filters.ads_filter:apply:95 - После фильтрации _filter_by_address осталось 50
2026-03-28 23:51:43.453 | INFO     | filters.ads_filter:apply:95 - После фильтрации _filter_by_seller осталось 50
2026-03-28 23:51:43.458 | INFO     | filters.ads_filter:apply:95 - После фильтрации _filter_by_recent_time осталось 50
2026-03-28 23:51:43.460 | INFO     | filters.ads_filter:apply:95 - После фильтрации _filter_by_reserve осталось 50
2026-03-28 23:51:43.462 | INFO     | filters.ads_filter:apply:95 - После фильтрации _filter_by_promotion осталось 50
2026-03-28 23:51:43.473 | DEBUG    | __main__:get_next_page_url:282 - Страница 1
2026-03-28 23:51:43.476 | INFO     | __main__:parse:146 - Пауза 3 сек.
2026-03-28 23:51:46.479 | INFO     | __main__:parse:150 - Сохраняю 50 объявлений
2026-03-28 23:51:46.594 | INFO     | __main__:parse:155 - Хорошие запросы: 1шт, плохие: 0шт
2026-03-28 23:51:46.598 | INFO     | __main__:<module>:304 - Парсинг завершен т.к. включён one_time_start в настройках
2026-03-28 23:57:45.436 | INFO     | parser.proxies.proxy_factory:build_proxy:15 - Прокси определен как мобильный
2026-03-28 23:57:45.457 | INFO     | hide_private_data:log_config:64 - Запуск AvitoParse v3.2.08 с настройками:
AvitoConfig(urls=['https://www.avito.ru/moskva_i_mo/chasy_i_ukrasheniya/chasy/smart/smart_chasi-ASgBAgICA0TQAYYGhNgR_paHA4jYEY6XhwM?cd=1&f=ASgBAgECBkTQAYYG5rwN8tE08ooOpIKUAeSODpqbzgGE2BH~locDiNgRjpeHAwFFxpoMGXsiZnJvbSI6MTAwMCwidG8iOjE1MDAwMH0&localPriority=1&q=watch'], proxy_string='Uk5eZy:***@mproxy.site:14085', proxy_change_url='https://changeip.mobileproxy.space/***', keys_word_white_list=[], keys_word_black_list=[], seller_black_list=[], count=1, tg_token='', tg_chat_id=['***'], vk_token='', vk_user_id=[], max_price=99999999, min_price=0, geo='', max_age=0, debug_mode=0, pause_general=1, pause_between_links=3, max_count_of_retry=5, ignore_reserv=True, ignore_promotion=False, one_time_start=True, one_file_for_link=False, parse_views=False, save_xlsx=True, use_webdriver=False, use_bypass_api=False, cookies_api_key='', output_dir=WindowsPath('result'), use_own_cookies=False, parse_phone=False, proxy_notifier='')
2026-03-28 23:57:45.472 | INFO     | __main__:parse:97 - page=1
2026-03-28 23:57:48.146 | INFO     | __main__:parse:122 - Объявлений перед чисткой 50
2026-03-28 23:57:48.183 | INFO     | filters.ads_filter:apply:95 - После фильтрации _filter_viewed осталось 50
2026-03-28 23:57:48.186 | INFO     | filters.ads_filter:apply:95 - После фильтрации _filter_by_price_range осталось 50
2026-03-28 23:57:48.189 | INFO     | filters.ads_filter:apply:95 - После фильтрации _filter_watch_accessories осталось 43
2026-03-28 23:57:48.191 | INFO     | filters.ads_filter:apply:95 - После фильтрации _filter_by_black_keywords осталось 43
2026-03-28 23:57:48.197 | INFO     | filters.ads_filter:apply:95 - После фильтрации _filter_by_white_keyword осталось 43
2026-03-28 23:57:48.198 | INFO     | filters.ads_filter:apply:95 - После фильтрации _filter_by_address осталось 43
2026-03-28 23:57:48.201 | INFO     | filters.ads_filter:apply:95 - После фильтрации _filter_by_seller осталось 43
2026-03-28 23:57:48.202 | INFO     | filters.ads_filter:apply:95 - После фильтрации _filter_by_recent_time осталось 43
2026-03-28 23:57:48.204 | INFO     | filters.ads_filter:apply:95 - После фильтрации _filter_by_reserve осталось 43
2026-03-28 23:57:48.205 | INFO     | filters.ads_filter:apply:95 - После фильтрации _filter_by_promotion осталось 43
2026-03-28 23:57:48.221 | DEBUG    | __main__:get_next_page_url:282 - Страница 1
2026-03-28 23:57:48.224 | INFO     | __main__:parse:146 - Пауза 3 сек.
2026-03-28 23:57:51.226 | INFO     | __main__:parse:150 - Сохраняю 43 объявлений
2026-03-28 23:57:51.305 | INFO     | __main__:parse:155 - Хорошие запросы: 1шт, плохие: 0шт
2026-03-28 23:57:51.312 | INFO     | __main__:<module>:304 - Парсинг завершен т.к. включён one_time_start в настройках
2026-03-29 00:59:50.851 | INFO     | parser.proxies.proxy_factory:build_proxy:15 - Прокси определен как мобильный
2026-03-29 00:59:50.860 | INFO     | hide_private_data:log_config:64 - Запуск AvitoParse v3.2.08 с настройками:
AvitoConfig(urls=['https://www.avito.ru/moskva_i_mo/chasy_i_ukrasheniya/chasy/smart/smart_chasi-ASgBAgICA0TQAYYGhNgR_paHA4jYEY6XhwM?cd=1&f=ASgBAgECBkTQAYYG5rwN8tE08ooOpIKUAeSODpqbzgGE2BH~locDiNgRjpeHAwFFxpoMGXsiZnJvbSI6MTAwMCwidG8iOjE1MDAwMH0&localPriority=1&q=watch'], proxy_string='Uk5eZy:***@mproxy.site:14085', proxy_change_url='https://changeip.mobileproxy.space/***', keys_word_white_list=[], keys_word_black_list=[], seller_black_list=[], count=1, tg_token='', tg_chat_id=['***'], vk_token='', vk_user_id=[], max_price=99999999, min_price=0, geo='', max_age=0, debug_mode=0, pause_general=1, pause_between_links=3, max_count_of_retry=5, ignore_reserv=True, ignore_promotion=False, one_time_start=True, one_file_for_link=False, parse_views=False, save_xlsx=True, use_webdriver=False, use_bypass_api=False, cookies_api_key='', output_dir=WindowsPath('result'), use_own_cookies=False, parse_phone=False, proxy_notifier='')
2026-03-29 00:59:50.888 | INFO     | __main__:parse:97 - page=1
2026-03-29 00:59:51.548 | WARNING  | parser.http.client:request:82 - Blocked request (429), attempt 1
2026-03-29 00:59:57.124 | WARNING  | parser.http.client:request:82 - Blocked request (429), attempt 2
2026-03-29 01:00:02.815 | WARNING  | parser.http.client:request:82 - Blocked request (429), attempt 3
2026-03-29 01:00:02.818 | WARNING  | parser.http.client:request:88 - Block threshold reached, handling block
2026-03-29 01:00:13.002 | WARNING  | __main__:fetch_data:79 - Ошибка при запросе https://www.avito.ru/moskva_i_mo/chasy_i_ukrasheniya/chasy/smart/smart_chasi-ASgBAgICA0TQAYYGhNgR_paHA4jYEY6XhwM?cd=1&f=ASgBAgECBkTQAYYG5rwN8tE08ooOpIKUAeSODpqbzgGE2BH~locDiNgRjpeHAwFFxpoMGXsiZnJvbSI6MTAwMCwidG8iOjE1MDAwMH0&localPriority=1&q=watch: HTTPSConnectionPool(host='changeip.mobileproxy.space', port=443): Read timed out. (read timeout=10)
2026-03-29 01:00:13.005 | WARNING  | __main__:parse:106 - Не удалось получить HTML для https://www.avito.ru/moskva_i_mo/chasy_i_ukrasheniya/chasy/smart/smart_chasi-ASgBAgICA0TQAYYGhNgR_paHA4jYEY6XhwM?cd=1&f=ASgBAgECBkTQAYYG5rwN8tE08ooOpIKUAeSODpqbzgGE2BH~locDiNgRjpeHAwFFxpoMGXsiZnJvbSI6MTAwMCwidG8iOjE1MDAwMH0&localPriority=1&q=watch, пробую заново через 3 сек.
2026-03-29 01:00:16.010 | INFO     | __main__:parse:153 - Сохранять нечего
2026-03-29 01:00:16.012 | INFO     | __main__:parse:155 - Хорошие запросы: 0шт, плохие: 1шт
2026-03-29 01:00:16.015 | INFO     | __main__:<module>:304 - Парсинг завершен т.к. включён one_time_start в настройках
2026-03-29 01:00:21.880 | INFO     | parser.proxies.proxy_factory:build_proxy:15 - Прокси определен как мобильный
2026-03-29 01:00:21.895 | INFO     | hide_private_data:log_config:64 - Запуск AvitoParse v3.2.08 с настройками:
AvitoConfig(urls=['https://www.avito.ru/moskva_i_mo/chasy_i_ukrasheniya/chasy/smart/smart_chasi-ASgBAgICA0TQAYYGhNgR_paHA4jYEY6XhwM?cd=1&f=ASgBAgECBkTQAYYG5rwN8tE08ooOpIKUAeSODpqbzgGE2BH~locDiNgRjpeHAwFFxpoMGXsiZnJvbSI6MTAwMCwidG8iOjE1MDAwMH0&localPriority=1&q=watch'], proxy_string='Uk5eZy:***@mproxy.site:14085', proxy_change_url='https://changeip.mobileproxy.space/***', keys_word_white_list=[], keys_word_black_list=[], seller_black_list=[], count=1, tg_token='', tg_chat_id=['***'], vk_token='', vk_user_id=[], max_price=99999999, min_price=0, geo='', max_age=0, debug_mode=0, pause_general=1, pause_between_links=3, max_count_of_retry=5, ignore_reserv=True, ignore_promotion=False, one_time_start=True, one_file_for_link=False, parse_views=False, save_xlsx=True, use_webdriver=False, use_bypass_api=False, cookies_api_key='', output_dir=WindowsPath('result'), use_own_cookies=False, parse_phone=False, proxy_notifier='')
2026-03-29 01:00:21.899 | INFO     | __main__:parse:97 - page=1
2026-03-29 01:00:25.453 | INFO     | __main__:parse:122 - Объявлений перед чисткой 50
2026-03-29 01:00:25.489 | INFO     | filters.ads_filter:apply:116 - После фильтрации _filter_viewed осталось 50
2026-03-29 01:00:25.492 | INFO     | filters.ads_filter:apply:116 - После фильтрации _filter_by_price_range осталось 50
2026-03-29 01:00:25.496 | ERROR    | __main__:<module>:309 - type object 're' has no attribute 'search'
Traceback (most recent call last):

> File "C:\parser_avito-master\parser_cls.py", line 302, in <module>
    parser.parse()
    │      └ <function AvitoParse.parse at 0x000001B7F47FE520>
    └ <__main__.AvitoParse object at 0x000001B7F4A02390>

  File "C:\parser_avito-master\parser_cls.py", line 130, in parse
    filter_ads = self.filter_ads(ads=ads)
                 │    │              └ [Item(id=7932546834, categoryId=28, locationId=637640, isVerifiedItem=False, urlPath='/moskva/chasy_i_ukrasheniya/apple_watch...
                 │    └ <function AvitoParse.filter_ads at 0x000001B7F47FE3E0>
                 └ <__main__.AvitoParse object at 0x000001B7F4A02390>

  File "C:\parser_avito-master\parser_cls.py", line 189, in filter_ads
    return self.ads_filter.apply(ads)
           │    │          │     └ [Item(id=7932546834, categoryId=28, locationId=637640, isVerifiedItem=False, urlPath='/moskva/chasy_i_ukrasheniya/apple_watch...
           │    │          └ <function AdsFilter.apply at 0x000001B7E4F1FBA0>
           │    └ <filters.ads_filter.AdsFilter object at 0x000001B7F4A02910>
           └ <__main__.AvitoParse object at 0x000001B7F4A02390>

  File "C:\parser_avito-master\filters\ads_filter.py", line 115, in apply
    ads = filter_fn(ads)
          │         └ [Item(id=7932546834, categoryId=28, locationId=637640, isVerifiedItem=False, urlPath='/moskva/chasy_i_ukrasheniya/apple_watch...
          └ <bound method AdsFilter._filter_watch_accessories of <filters.ads_filter.AdsFilter object at 0x000001B7F4A02910>>

  File "C:\parser_avito-master\filters\ads_filter.py", line 159, in _filter_watch_accessories
    if self._is_apple_watch_fake_or_bundle(ad):
       │    │                              └ Item(id=4774362451, categoryId=28, locationId=637640, isVerifiedItem=False, urlPath='/moskva/chasy_i_ukrasheniya/smart_watch_...
       │    └ <function AdsFilter._is_apple_watch_fake_or_bundle at 0x000001B7E4F1FE20>
       └ <filters.ads_filter.AdsFilter object at 0x000001B7F4A02910>

  File "C:\parser_avito-master\filters\ads_filter.py", line 175, in _is_apple_watch_fake_or_bundle
    if "apple watch" not in full_text and not re.search(r"\bs(?:2|3|4|5|6|7|8|9|10|11)\b", full_text):
                            │                 │                                            └ 'smart watch hk 11 pro max 46mm новинка 2025 умныe cмaрт чaсы smаrt wаtсh нк11 рro mаx кoрпус caмый тoнкий из вcex мoделей.\n...
                            │                 └ re
                            └ 'smart watch hk 11 pro max 46mm новинка 2025 умныe cмaрт чaсы smаrt wаtсh нк11 рro mаx кoрпус caмый тoнкий из вcex мoделей.\n...

AttributeError: type object 're' has no attribute 'search'
2026-03-29 01:00:25.699 | ERROR    | __main__:<module>:310 - Произошла ошибка type object 're' has no attribute 'search'. Будет повторный запуск через 30 сек.
2026-03-29 01:00:55.709 | INFO     | parser.proxies.proxy_factory:build_proxy:15 - Прокси определен как мобильный
2026-03-29 01:00:55.712 | INFO     | hide_private_data:log_config:64 - Запуск AvitoParse v3.2.08 с настройками:
AvitoConfig(urls=['https://www.avito.ru/moskva_i_mo/chasy_i_ukrasheniya/chasy/smart/smart_chasi-ASgBAgICA0TQAYYGhNgR_paHA4jYEY6XhwM?cd=1&f=ASgBAgECBkTQAYYG5rwN8tE08ooOpIKUAeSODpqbzgGE2BH~locDiNgRjpeHAwFFxpoMGXsiZnJvbSI6MTAwMCwidG8iOjE1MDAwMH0&localPriority=1&q=watch'], proxy_string='Uk5eZy:***@mproxy.site:14085', proxy_change_url='https://changeip.mobileproxy.space/***', keys_word_white_list=[], keys_word_black_list=[], seller_black_list=[], count=1, tg_token='', tg_chat_id=['***'], vk_token='', vk_user_id=[], max_price=99999999, min_price=0, geo='', max_age=0, debug_mode=0, pause_general=1, pause_between_links=3, max_count_of_retry=5, ignore_reserv=True, ignore_promotion=False, one_time_start=True, one_file_for_link=False, parse_views=False, save_xlsx=True, use_webdriver=False, use_bypass_api=False, cookies_api_key='', output_dir=WindowsPath('result'), use_own_cookies=False, parse_phone=False, proxy_notifier='')
2026-03-29 01:00:55.715 | INFO     | __main__:parse:97 - page=1
2026-03-29 01:00:59.622 | INFO     | __main__:parse:122 - Объявлений перед чисткой 50
2026-03-29 01:00:59.662 | INFO     | filters.ads_filter:apply:116 - После фильтрации _filter_viewed осталось 50
2026-03-29 01:00:59.666 | INFO     | filters.ads_filter:apply:116 - После фильтрации _filter_by_price_range осталось 50
2026-03-29 01:00:59.669 | ERROR    | __main__:<module>:309 - type object 're' has no attribute 'search'
Traceback (most recent call last):

> File "C:\parser_avito-master\parser_cls.py", line 302, in <module>
    parser.parse()
    │      └ <function AvitoParse.parse at 0x000001B7F47FE520>
    └ <__main__.AvitoParse object at 0x000001B7F4228090>

  File "C:\parser_avito-master\parser_cls.py", line 130, in parse
    filter_ads = self.filter_ads(ads=ads)
                 │    │              └ [Item(id=7932546834, categoryId=28, locationId=637640, isVerifiedItem=False, urlPath='/moskva/chasy_i_ukrasheniya/apple_watch...
                 │    └ <function AvitoParse.filter_ads at 0x000001B7F47FE3E0>
                 └ <__main__.AvitoParse object at 0x000001B7F4228090>

  File "C:\parser_avito-master\parser_cls.py", line 189, in filter_ads
    return self.ads_filter.apply(ads)
           │    │          │     └ [Item(id=7932546834, categoryId=28, locationId=637640, isVerifiedItem=False, urlPath='/moskva/chasy_i_ukrasheniya/apple_watch...
           │    │          └ <function AdsFilter.apply at 0x000001B7E4F1FBA0>
           │    └ <filters.ads_filter.AdsFilter object at 0x000001B7F69B3590>
           └ <__main__.AvitoParse object at 0x000001B7F4228090>

  File "C:\parser_avito-master\filters\ads_filter.py", line 115, in apply
    ads = filter_fn(ads)
          │         └ [Item(id=7932546834, categoryId=28, locationId=637640, isVerifiedItem=False, urlPath='/moskva/chasy_i_ukrasheniya/apple_watch...
          └ <bound method AdsFilter._filter_watch_accessories of <filters.ads_filter.AdsFilter object at 0x000001B7F69B3590>>

  File "C:\parser_avito-master\filters\ads_filter.py", line 159, in _filter_watch_accessories
    if self._is_apple_watch_fake_or_bundle(ad):
       │    │                              └ Item(id=4774362451, categoryId=28, locationId=637640, isVerifiedItem=False, urlPath='/moskva/chasy_i_ukrasheniya/smart_watch_...
       │    └ <function AdsFilter._is_apple_watch_fake_or_bundle at 0x000001B7E4F1FE20>
       └ <filters.ads_filter.AdsFilter object at 0x000001B7F69B3590>

  File "C:\parser_avito-master\filters\ads_filter.py", line 175, in _is_apple_watch_fake_or_bundle
    if "apple watch" not in full_text and not re.search(r"\bs(?:2|3|4|5|6|7|8|9|10|11)\b", full_text):
                            │                 │                                            └ 'smart watch hk 11 pro max 46mm новинка 2025 умныe cмaрт чaсы smаrt wаtсh нк11 рro mаx кoрпус caмый тoнкий из вcex мoделей.\n...
                            │                 └ re
                            └ 'smart watch hk 11 pro max 46mm новинка 2025 умныe cмaрт чaсы smаrt wаtсh нк11 рro mаx кoрпус caмый тoнкий из вcex мoделей.\n...

AttributeError: type object 're' has no attribute 'search'
2026-03-29 01:00:59.903 | ERROR    | __main__:<module>:310 - Произошла ошибка type object 're' has no attribute 'search'. Будет повторный запуск через 30 сек.
2026-03-29 01:01:29.912 | INFO     | parser.proxies.proxy_factory:build_proxy:15 - Прокси определен как мобильный
2026-03-29 01:01:29.915 | INFO     | hide_private_data:log_config:64 - Запуск AvitoParse v3.2.08 с настройками:
AvitoConfig(urls=['https://www.avito.ru/moskva_i_mo/chasy_i_ukrasheniya/chasy/smart/smart_chasi-ASgBAgICA0TQAYYGhNgR_paHA4jYEY6XhwM?cd=1&f=ASgBAgECBkTQAYYG5rwN8tE08ooOpIKUAeSODpqbzgGE2BH~locDiNgRjpeHAwFFxpoMGXsiZnJvbSI6MTAwMCwidG8iOjE1MDAwMH0&localPriority=1&q=watch'], proxy_string='Uk5eZy:***@mproxy.site:14085', proxy_change_url='https://changeip.mobileproxy.space/***', keys_word_white_list=[], keys_word_black_list=[], seller_black_list=[], count=1, tg_token='', tg_chat_id=['***'], vk_token='', vk_user_id=[], max_price=99999999, min_price=0, geo='', max_age=0, debug_mode=0, pause_general=1, pause_between_links=3, max_count_of_retry=5, ignore_reserv=True, ignore_promotion=False, one_time_start=True, one_file_for_link=False, parse_views=False, save_xlsx=True, use_webdriver=False, use_bypass_api=False, cookies_api_key='', output_dir=WindowsPath('result'), use_own_cookies=False, parse_phone=False, proxy_notifier='')
2026-03-29 01:01:29.918 | INFO     | __main__:parse:97 - page=1
2026-03-29 01:01:33.395 | INFO     | __main__:parse:122 - Объявлений перед чисткой 50
2026-03-29 01:01:33.434 | INFO     | filters.ads_filter:apply:116 - После фильтрации _filter_viewed осталось 50
2026-03-29 01:01:33.438 | INFO     | filters.ads_filter:apply:116 - После фильтрации _filter_by_price_range осталось 50
2026-03-29 01:01:33.440 | ERROR    | __main__:<module>:309 - type object 're' has no attribute 'search'
Traceback (most recent call last):

> File "C:\parser_avito-master\parser_cls.py", line 302, in <module>
    parser.parse()
    │      └ <function AvitoParse.parse at 0x000001B7F47FE520>
    └ <__main__.AvitoParse object at 0x000001B7F6FE8CD0>

  File "C:\parser_avito-master\parser_cls.py", line 130, in parse
    filter_ads = self.filter_ads(ads=ads)
                 │    │              └ [Item(id=7932546834, categoryId=28, locationId=637640, isVerifiedItem=False, urlPath='/moskva/chasy_i_ukrasheniya/apple_watch...
                 │    └ <function AvitoParse.filter_ads at 0x000001B7F47FE3E0>
                 └ <__main__.AvitoParse object at 0x000001B7F6FE8CD0>

  File "C:\parser_avito-master\parser_cls.py", line 189, in filter_ads
    return self.ads_filter.apply(ads)
           │    │          │     └ [Item(id=7932546834, categoryId=28, locationId=637640, isVerifiedItem=False, urlPath='/moskva/chasy_i_ukrasheniya/apple_watch...
           │    │          └ <function AdsFilter.apply at 0x000001B7E4F1FBA0>
           │    └ <filters.ads_filter.AdsFilter object at 0x000001B7F89FE710>
           └ <__main__.AvitoParse object at 0x000001B7F6FE8CD0>

  File "C:\parser_avito-master\filters\ads_filter.py", line 115, in apply
    ads = filter_fn(ads)
          │         └ [Item(id=7932546834, categoryId=28, locationId=637640, isVerifiedItem=False, urlPath='/moskva/chasy_i_ukrasheniya/apple_watch...
          └ <bound method AdsFilter._filter_watch_accessories of <filters.ads_filter.AdsFilter object at 0x000001B7F89FE710>>

  File "C:\parser_avito-master\filters\ads_filter.py", line 159, in _filter_watch_accessories
    if self._is_apple_watch_fake_or_bundle(ad):
       │    │                              └ Item(id=4774362451, categoryId=28, locationId=637640, isVerifiedItem=False, urlPath='/moskva/chasy_i_ukrasheniya/smart_watch_...
       │    └ <function AdsFilter._is_apple_watch_fake_or_bundle at 0x000001B7E4F1FE20>
       └ <filters.ads_filter.AdsFilter object at 0x000001B7F89FE710>

  File "C:\parser_avito-master\filters\ads_filter.py", line 175, in _is_apple_watch_fake_or_bundle
    if "apple watch" not in full_text and not re.search(r"\bs(?:2|3|4|5|6|7|8|9|10|11)\b", full_text):
                            │                 │                                            └ 'smart watch hk 11 pro max 46mm новинка 2025 умныe cмaрт чaсы smаrt wаtсh нк11 рro mаx кoрпус caмый тoнкий из вcex мoделей.\n...
                            │                 └ re
                            └ 'smart watch hk 11 pro max 46mm новинка 2025 умныe cмaрт чaсы smаrt wаtсh нк11 рro mаx кoрпус caмый тoнкий из вcex мoделей.\n...

AttributeError: type object 're' has no attribute 'search'
2026-03-29 01:01:33.669 | ERROR    | __main__:<module>:310 - Произошла ошибка type object 're' has no attribute 'search'. Будет повторный запуск через 30 сек.
2026-03-29 01:02:36.791 | INFO     | parser.proxies.proxy_factory:build_proxy:15 - Прокси определен как мобильный
2026-03-29 01:02:36.796 | INFO     | hide_private_data:log_config:64 - Запуск AvitoParse v3.2.08 с настройками:
AvitoConfig(urls=['https://www.avito.ru/moskva_i_mo/chasy_i_ukrasheniya/chasy/smart/smart_chasi-ASgBAgICA0TQAYYGhNgR_paHA4jYEY6XhwM?cd=1&f=ASgBAgECBkTQAYYG5rwN8tE08ooOpIKUAeSODpqbzgGE2BH~locDiNgRjpeHAwFFxpoMGXsiZnJvbSI6MTAwMCwidG8iOjE1MDAwMH0&localPriority=1&q=watch'], proxy_string='Uk5eZy:***@mproxy.site:14085', proxy_change_url='https://changeip.mobileproxy.space/***', keys_word_white_list=[], keys_word_black_list=[], seller_black_list=[], count=1, tg_token='', tg_chat_id=['***'], vk_token='', vk_user_id=[], max_price=99999999, min_price=0, geo='', max_age=0, debug_mode=0, pause_general=1, pause_between_links=3, max_count_of_retry=5, ignore_reserv=True, ignore_promotion=False, one_time_start=True, one_file_for_link=False, parse_views=False, save_xlsx=True, use_webdriver=False, use_bypass_api=False, cookies_api_key='', output_dir=WindowsPath('result'), use_own_cookies=False, parse_phone=False, proxy_notifier='')
2026-03-29 01:02:36.799 | INFO     | __main__:parse:97 - page=1
2026-03-29 01:02:40.334 | INFO     | __main__:parse:122 - Объявлений перед чисткой 50
2026-03-29 01:02:40.370 | INFO     | filters.ads_filter:apply:117 - После фильтрации _filter_viewed осталось 50
2026-03-29 01:02:40.372 | INFO     | filters.ads_filter:apply:117 - После фильтрации _filter_by_price_range осталось 50
2026-03-29 01:02:40.375 | ERROR    | __main__:<module>:309 - type object 're' has no attribute 'search'
Traceback (most recent call last):

> File "C:\parser_avito-master\parser_cls.py", line 302, in <module>
    parser.parse()
    │      └ <function AvitoParse.parse at 0x000001EA99902700>
    └ <__main__.AvitoParse object at 0x000001EA99906850>

  File "C:\parser_avito-master\parser_cls.py", line 130, in parse
    filter_ads = self.filter_ads(ads=ads)
                 │    │              └ [Item(id=7932546834, categoryId=28, locationId=637640, isVerifiedItem=False, urlPath='/moskva/chasy_i_ukrasheniya/apple_watch...
                 │    └ <function AvitoParse.filter_ads at 0x000001EA999025C0>
                 └ <__main__.AvitoParse object at 0x000001EA99906850>

  File "C:\parser_avito-master\parser_cls.py", line 189, in filter_ads
    return self.ads_filter.apply(ads)
           │    │          │     └ [Item(id=7932546834, categoryId=28, locationId=637640, isVerifiedItem=False, urlPath='/moskva/chasy_i_ukrasheniya/apple_watch...
           │    │          └ <function AdsFilter.apply at 0x000001EA8A227E20>
           │    └ <filters.ads_filter.AdsFilter object at 0x000001EA99906D10>
           └ <__main__.AvitoParse object at 0x000001EA99906850>

  File "C:\parser_avito-master\filters\ads_filter.py", line 116, in apply
    ads = filter_fn(ads)
          │         └ [Item(id=7932546834, categoryId=28, locationId=637640, isVerifiedItem=False, urlPath='/moskva/chasy_i_ukrasheniya/apple_watch...
          └ <bound method AdsFilter._filter_watch_accessories of <filters.ads_filter.AdsFilter object at 0x000001EA99906D10>>

  File "C:\parser_avito-master\filters\ads_filter.py", line 160, in _filter_watch_accessories
    if self._is_apple_watch_fake_or_bundle(ad):
       │    │                              └ Item(id=3007975135, categoryId=28, locationId=637640, isVerifiedItem=False, urlPath='/moskva/chasy_i_ukrasheniya/watch_ultra_...
       │    └ <function AdsFilter._is_apple_watch_fake_or_bundle at 0x000001EA8A2380E0>
       └ <filters.ads_filter.AdsFilter object at 0x000001EA99906D10>

  File "C:\parser_avito-master\filters\ads_filter.py", line 176, in _is_apple_watch_fake_or_bundle
    if "apple watch" not in full_text and not re.search(r"\bs(?:2|3|4|5|6|7|8|9|10|11)\b", full_text):
                            │                 │                                            └ 'watch ultra 3 49mm natural всем привет! меня зовут константин.\n\nмой магазин является лидером мелкооптовых продаж в россии!...
                            │                 └ re
                            └ 'watch ultra 3 49mm natural всем привет! меня зовут константин.\n\nмой магазин является лидером мелкооптовых продаж в россии!...

AttributeError: type object 're' has no attribute 'search'
2026-03-29 01:02:40.576 | ERROR    | __main__:<module>:310 - Произошла ошибка type object 're' has no attribute 'search'. Будет повторный запуск через 30 сек.
2026-03-29 01:03:33.787 | INFO     | parser.proxies.proxy_factory:build_proxy:15 - Прокси определен как мобильный
2026-03-29 01:03:33.792 | INFO     | hide_private_data:log_config:64 - Запуск AvitoParse v3.2.08 с настройками:
AvitoConfig(urls=['https://www.avito.ru/moskva_i_mo/chasy_i_ukrasheniya/chasy/smart/smart_chasi-ASgBAgICA0TQAYYGhNgR_paHA4jYEY6XhwM?cd=1&f=ASgBAgECBkTQAYYG5rwN8tE08ooOpIKUAeSODpqbzgGE2BH~locDiNgRjpeHAwFFxpoMGXsiZnJvbSI6MTAwMCwidG8iOjE1MDAwMH0&localPriority=1&q=watch'], proxy_string='Uk5eZy:***@mproxy.site:14085', proxy_change_url='https://changeip.mobileproxy.space/***', keys_word_white_list=[], keys_word_black_list=[], seller_black_list=[], count=1, tg_token='', tg_chat_id=['***'], vk_token='', vk_user_id=[], max_price=99999999, min_price=0, geo='', max_age=0, debug_mode=0, pause_general=1, pause_between_links=3, max_count_of_retry=5, ignore_reserv=True, ignore_promotion=False, one_time_start=True, one_file_for_link=False, parse_views=False, save_xlsx=True, use_webdriver=False, use_bypass_api=False, cookies_api_key='', output_dir=WindowsPath('result'), use_own_cookies=False, parse_phone=False, proxy_notifier='')
2026-03-29 01:03:33.795 | INFO     | __main__:parse:97 - page=1
2026-03-29 01:03:36.405 | INFO     | __main__:parse:122 - Объявлений перед чисткой 50
2026-03-29 01:03:36.442 | INFO     | filters.ads_filter:apply:116 - После фильтрации _filter_viewed осталось 50
2026-03-29 01:03:36.445 | INFO     | filters.ads_filter:apply:116 - После фильтрации _filter_by_price_range осталось 50
2026-03-29 01:03:36.448 | INFO     | filters.ads_filter:apply:116 - После фильтрации _filter_watch_accessories осталось 40
2026-03-29 01:03:36.450 | INFO     | filters.ads_filter:apply:116 - После фильтрации _filter_by_black_keywords осталось 40
2026-03-29 01:03:36.452 | INFO     | filters.ads_filter:apply:116 - После фильтрации _filter_by_white_keyword осталось 40
2026-03-29 01:03:36.454 | INFO     | filters.ads_filter:apply:116 - После фильтрации _filter_by_address осталось 40
2026-03-29 01:03:36.455 | INFO     | filters.ads_filter:apply:116 - После фильтрации _filter_by_seller осталось 40
2026-03-29 01:03:36.456 | INFO     | filters.ads_filter:apply:116 - После фильтрации _filter_by_recent_time осталось 40
2026-03-29 01:03:36.458 | INFO     | filters.ads_filter:apply:116 - После фильтрации _filter_by_reserve осталось 40
2026-03-29 01:03:36.459 | INFO     | filters.ads_filter:apply:116 - После фильтрации _filter_by_promotion осталось 40
2026-03-29 01:03:36.475 | DEBUG    | __main__:get_next_page_url:282 - Страница 1
2026-03-29 01:03:36.478 | INFO     | __main__:parse:146 - Пауза 3 сек.
2026-03-29 01:03:39.481 | INFO     | __main__:parse:150 - Сохраняю 40 объявлений
2026-03-29 01:03:39.525 | ERROR    | parser.export.composite:save:26 - Failed to save results using ExcelStorage: no such group
Traceback (most recent call last):

  File "C:\parser_avito-master\parser_cls.py", line 302, in <module>
    parser.parse()
    │      └ <function AvitoParse.parse at 0x000001A9EF6F9C60>
    └ <__main__.AvitoParse object at 0x000001A9EF63B650>

  File "C:\parser_avito-master\parser_cls.py", line 151, in parse
    self.result_storage.save(ads_in_link)
    │    │              │    └ [Item(id=7696920429, categoryId=28, locationId=637640, isVerifiedItem=False, urlPath='/moskva/chasy_i_ukrasheniya/apple_watch...
    │    │              └ <function CompositeResultStorage.save at 0x000001A9EF60F2E0>
    │    └ <parser.export.composite.CompositeResultStorage object at 0x000001A9EF708750>
    └ <__main__.AvitoParse object at 0x000001A9EF63B650>

> File "C:\parser_avito-master\parser\export\composite.py", line 24, in save
    storage.save(ads)
    │       │    └ [Item(id=7696920429, categoryId=28, locationId=637640, isVerifiedItem=False, urlPath='/moskva/chasy_i_ukrasheniya/apple_watch...
    │       └ <function ExcelStorage.save at 0x000001A9EF60F100>
    └ <parser.export.excel.ExcelStorage object at 0x000001A9EF707C90>

  File "C:\parser_avito-master\parser\export\excel.py", line 124, in save
    model = extract_model(title, description)
            │             │      └ 'Новые, оригинальные Смарт-часы Apple Watch S11 46 мм, Rose Gold, ремешок S/M | Дата поступления\xa0— 20.01.2026.\n— Каждое у...
            │             └ 'Смарт-часы Apple Watch S11 46 мм, Rose Gold, ремешок S/M'
            └ <function extract_model at 0x000001A9EF60EC00>

  File "C:\parser_avito-master\utils\watch_fields.py", line 294, in extract_model
    return extract_apple_model(title, description)
           │                   │      └ 'Новые, оригинальные Смарт-часы Apple Watch S11 46 мм, Rose Gold, ремешок S/M | Дата поступления\xa0— 20.01.2026.\n— Каждое у...
           │                   └ 'Смарт-часы Apple Watch S11 46 мм, Rose Gold, ремешок S/M'
           └ <function extract_apple_model at 0x000001A9EF60EB60>

  File "C:\parser_avito-master\utils\watch_fields.py", line 268, in extract_apple_model
    value = _clean_text(match.group(1))
            │           │     └ <method 'group' of 're.Match' objects>
            │           └ <re.Match object; span=(23, 26), match='s11'>
            └ <function _clean_text at 0x000001A9EF60E5C0>

IndexError: no such group
2026-03-29 01:03:39.650 | INFO     | __main__:parse:155 - Хорошие запросы: 1шт, плохие: 0шт
2026-03-29 01:03:39.652 | INFO     | __main__:<module>:304 - Парсинг завершен т.к. включён one_time_start в настройках
2026-03-29 01:06:10.974 | INFO     | parser.proxies.proxy_factory:build_proxy:15 - Прокси определен как мобильный
2026-03-29 01:06:10.979 | INFO     | hide_private_data:log_config:64 - Запуск AvitoParse v3.2.08 с настройками:
AvitoConfig(urls=['https://www.avito.ru/moskva_i_mo/chasy_i_ukrasheniya/chasy/smart/smart_chasi-ASgBAgICA0TQAYYGhNgR_paHA4jYEY6XhwM?cd=1&f=ASgBAgECBkTQAYYG5rwN8tE08ooOpIKUAeSODpqbzgGE2BH~locDiNgRjpeHAwFFxpoMGXsiZnJvbSI6MTAwMCwidG8iOjE1MDAwMH0&localPriority=1&q=watch'], proxy_string='Uk5eZy:***@mproxy.site:14085', proxy_change_url='https://changeip.mobileproxy.space/***', keys_word_white_list=[], keys_word_black_list=[], seller_black_list=[], count=1, tg_token='', tg_chat_id=['***'], vk_token='', vk_user_id=[], max_price=99999999, min_price=0, geo='', max_age=0, debug_mode=0, pause_general=1, pause_between_links=3, max_count_of_retry=5, ignore_reserv=True, ignore_promotion=False, one_time_start=True, one_file_for_link=False, parse_views=False, save_xlsx=True, use_webdriver=False, use_bypass_api=False, cookies_api_key='', output_dir=WindowsPath('result'), use_own_cookies=False, parse_phone=False, proxy_notifier='')
2026-03-29 01:06:10.983 | INFO     | __main__:parse:97 - page=1
2026-03-29 01:06:14.189 | INFO     | __main__:parse:122 - Объявлений перед чисткой 50
2026-03-29 01:06:14.226 | INFO     | filters.ads_filter:apply:116 - После фильтрации _filter_viewed осталось 33
2026-03-29 01:06:14.229 | INFO     | filters.ads_filter:apply:116 - После фильтрации _filter_by_price_range осталось 33
2026-03-29 01:06:14.232 | INFO     | filters.ads_filter:apply:116 - После фильтрации _filter_watch_accessories осталось 25
2026-03-29 01:06:14.234 | INFO     | filters.ads_filter:apply:116 - После фильтрации _filter_by_black_keywords осталось 25
2026-03-29 01:06:14.236 | INFO     | filters.ads_filter:apply:116 - После фильтрации _filter_by_white_keyword осталось 25
2026-03-29 01:06:14.242 | INFO     | filters.ads_filter:apply:116 - После фильтрации _filter_by_address осталось 25
2026-03-29 01:06:14.244 | INFO     | filters.ads_filter:apply:116 - После фильтрации _filter_by_seller осталось 25
2026-03-29 01:06:14.245 | INFO     | filters.ads_filter:apply:116 - После фильтрации _filter_by_recent_time осталось 25
2026-03-29 01:06:14.247 | INFO     | filters.ads_filter:apply:116 - После фильтрации _filter_by_reserve осталось 25
2026-03-29 01:06:14.249 | INFO     | filters.ads_filter:apply:116 - После фильтрации _filter_by_promotion осталось 25
2026-03-29 01:06:14.266 | DEBUG    | __main__:get_next_page_url:282 - Страница 1
2026-03-29 01:06:14.268 | INFO     | __main__:parse:146 - Пауза 3 сек.
2026-03-29 01:06:17.271 | INFO     | __main__:parse:150 - Сохраняю 25 объявлений
2026-03-29 01:06:17.328 | INFO     | __main__:parse:155 - Хорошие запросы: 1шт, плохие: 0шт
2026-03-29 01:06:17.334 | INFO     | __main__:<module>:304 - Парсинг завершен т.к. включён one_time_start в настройках
2026-03-29 01:17:15.416 | INFO     | parser.proxies.proxy_factory:build_proxy:15 - Прокси определен как мобильный
2026-03-29 01:17:15.432 | INFO     | hide_private_data:log_config:64 - Запуск AvitoParse v3.2.08 с настройками:
AvitoConfig(urls=['https://www.avito.ru/moskva_i_mo/chasy_i_ukrasheniya/chasy/smart/smart_chasi-ASgBAgICA0TQAYYGhNgR_paHA4jYEY6XhwM?cd=1&f=ASgBAgECBkTQAYYG5rwN8tE08ooOpIKUAeSODpqbzgGE2BH~locDiNgRjpeHAwFFxpoMGXsiZnJvbSI6MTAwMCwidG8iOjE1MDAwMH0&localPriority=1&q=watch'], proxy_string='Uk5eZy:***@mproxy.site:14085', proxy_change_url='https://changeip.mobileproxy.space/***', keys_word_white_list=[], keys_word_black_list=[], seller_black_list=[], count=1, tg_token='', tg_chat_id=['***'], vk_token='', vk_user_id=[], max_price=99999999, min_price=0, geo='', max_age=0, debug_mode=0, pause_general=1, pause_between_links=3, max_count_of_retry=5, ignore_reserv=True, ignore_promotion=False, one_time_start=True, one_file_for_link=False, parse_views=False, save_xlsx=True, use_webdriver=False, use_bypass_api=False, cookies_api_key='', output_dir=WindowsPath('result'), use_own_cookies=False, parse_phone=False, proxy_notifier='')
2026-03-29 01:17:15.446 | INFO     | __main__:parse:97 - page=1
2026-03-29 01:17:18.631 | INFO     | __main__:parse:122 - Объявлений перед чисткой 50
2026-03-29 01:17:18.667 | INFO     | filters.ads_filter:apply:116 - После фильтрации _filter_viewed осталось 50
2026-03-29 01:17:18.670 | INFO     | filters.ads_filter:apply:116 - После фильтрации _filter_by_price_range осталось 50
2026-03-29 01:17:18.673 | INFO     | filters.ads_filter:apply:116 - После фильтрации _filter_watch_accessories осталось 40
2026-03-29 01:17:18.675 | INFO     | filters.ads_filter:apply:116 - После фильтрации _filter_by_black_keywords осталось 40
2026-03-29 01:17:18.676 | INFO     | filters.ads_filter:apply:116 - После фильтрации _filter_by_white_keyword осталось 40
2026-03-29 01:17:18.678 | INFO     | filters.ads_filter:apply:116 - После фильтрации _filter_by_address осталось 40
2026-03-29 01:17:18.680 | INFO     | filters.ads_filter:apply:116 - После фильтрации _filter_by_seller осталось 40
2026-03-29 01:17:18.681 | INFO     | filters.ads_filter:apply:116 - После фильтрации _filter_by_recent_time осталось 40
2026-03-29 01:17:18.683 | INFO     | filters.ads_filter:apply:116 - После фильтрации _filter_by_reserve осталось 40
2026-03-29 01:17:18.688 | INFO     | filters.ads_filter:apply:116 - После фильтрации _filter_by_promotion осталось 40
2026-03-29 01:17:18.700 | DEBUG    | __main__:get_next_page_url:282 - Страница 1
2026-03-29 01:17:18.702 | INFO     | __main__:parse:146 - Пауза 3 сек.
2026-03-29 01:17:21.705 | INFO     | __main__:parse:150 - Сохраняю 40 объявлений
2026-03-29 01:17:21.794 | INFO     | __main__:parse:155 - Хорошие запросы: 1шт, плохие: 0шт
2026-03-29 01:17:21.800 | INFO     | __main__:<module>:304 - Парсинг завершен т.к. включён one_time_start в настройках
2026-03-29 22:29:20.862 | INFO     | parser.proxies.proxy_factory:build_proxy:15 - Прокси определен как мобильный
2026-03-29 22:29:20.868 | INFO     | hide_private_data:log_config:64 - Запуск AvitoParse v3.2.08 с настройками:
AvitoConfig(urls=['https://www.avito.ru/moskva_i_mo/chasy_i_ukrasheniya/chasy/smart/smart_chasi-ASgBAgICA0TQAYYGhNgR_paHA4jYEY6XhwM?cd=1&f=ASgBAgECBkTQAYYG5rwN8tE08ooOpIKUAeSODpqbzgGE2BH~locDiNgRjpeHAwFFxpoMGXsiZnJvbSI6MTAwMCwidG8iOjE1MDAwMH0&localPriority=1&q=watch'], proxy_string='Uk5eZy:***@mproxy.site:14085', proxy_change_url='https://changeip.mobileproxy.space/***', keys_word_white_list=[], keys_word_black_list=[], seller_black_list=[], count=10, tg_token='', tg_chat_id=['***'], vk_token='', vk_user_id=[], max_price=99999999, min_price=0, geo='', max_age=0, debug_mode=0, pause_general=1, pause_between_links=3, max_count_of_retry=5, ignore_reserv=True, ignore_promotion=False, one_time_start=True, one_file_for_link=False, parse_views=False, save_xlsx=True, use_webdriver=False, use_bypass_api=False, cookies_api_key='', output_dir=WindowsPath('result'), use_own_cookies=False, parse_phone=False, proxy_notifier='')
2026-03-29 22:29:20.871 | ERROR    | __main__:<module>:324 - name 'url' is not defined
Traceback (most recent call last):

> File "C:\parser_avito-master\parser_cls.py", line 317, in <module>
    parser.parse()
    │      └ <function AvitoParse.parse at 0x000002498E4020C0>
    └ <__main__.AvitoParse object at 0x000002498E3FFC10>

  File "C:\parser_avito-master\parser_cls.py", line 88, in parse
    current_url = url

NameError: name 'url' is not defined
2026-03-29 22:29:20.881 | ERROR    | __main__:<module>:325 - Произошла ошибка name 'url' is not defined. Будет повторный запуск через 30 сек.
2026-03-29 22:29:50.884 | INFO     | parser.proxies.proxy_factory:build_proxy:15 - Прокси определен как мобильный
2026-03-29 22:29:50.886 | INFO     | hide_private_data:log_config:64 - Запуск AvitoParse v3.2.08 с настройками:
AvitoConfig(urls=['https://www.avito.ru/moskva_i_mo/chasy_i_ukrasheniya/chasy/smart/smart_chasi-ASgBAgICA0TQAYYGhNgR_paHA4jYEY6XhwM?cd=1&f=ASgBAgECBkTQAYYG5rwN8tE08ooOpIKUAeSODpqbzgGE2BH~locDiNgRjpeHAwFFxpoMGXsiZnJvbSI6MTAwMCwidG8iOjE1MDAwMH0&localPriority=1&q=watch'], proxy_string='Uk5eZy:***@mproxy.site:14085', proxy_change_url='https://changeip.mobileproxy.space/***', keys_word_white_list=[], keys_word_black_list=[], seller_black_list=[], count=10, tg_token='', tg_chat_id=['***'], vk_token='', vk_user_id=[], max_price=99999999, min_price=0, geo='', max_age=0, debug_mode=0, pause_general=1, pause_between_links=3, max_count_of_retry=5, ignore_reserv=True, ignore_promotion=False, one_time_start=True, one_file_for_link=False, parse_views=False, save_xlsx=True, use_webdriver=False, use_bypass_api=False, cookies_api_key='', output_dir=WindowsPath('result'), use_own_cookies=False, parse_phone=False, proxy_notifier='')
2026-03-29 22:29:50.887 | ERROR    | __main__:<module>:324 - name 'url' is not defined
Traceback (most recent call last):

> File "C:\parser_avito-master\parser_cls.py", line 317, in <module>
    parser.parse()
    │      └ <function AvitoParse.parse at 0x000002498E4020C0>
    └ <__main__.AvitoParse object at 0x000002498E3FF550>

  File "C:\parser_avito-master\parser_cls.py", line 88, in parse
    current_url = url

NameError: name 'url' is not defined
2026-03-29 22:29:50.895 | ERROR    | __main__:<module>:325 - Произошла ошибка name 'url' is not defined. Будет повторный запуск через 30 сек.
2026-03-29 22:30:20.897 | INFO     | parser.proxies.proxy_factory:build_proxy:15 - Прокси определен как мобильный
2026-03-29 22:30:20.899 | INFO     | hide_private_data:log_config:64 - Запуск AvitoParse v3.2.08 с настройками:
AvitoConfig(urls=['https://www.avito.ru/moskva_i_mo/chasy_i_ukrasheniya/chasy/smart/smart_chasi-ASgBAgICA0TQAYYGhNgR_paHA4jYEY6XhwM?cd=1&f=ASgBAgECBkTQAYYG5rwN8tE08ooOpIKUAeSODpqbzgGE2BH~locDiNgRjpeHAwFFxpoMGXsiZnJvbSI6MTAwMCwidG8iOjE1MDAwMH0&localPriority=1&q=watch'], proxy_string='Uk5eZy:***@mproxy.site:14085', proxy_change_url='https://changeip.mobileproxy.space/***', keys_word_white_list=[], keys_word_black_list=[], seller_black_list=[], count=10, tg_token='', tg_chat_id=['***'], vk_token='', vk_user_id=[], max_price=99999999, min_price=0, geo='', max_age=0, debug_mode=0, pause_general=1, pause_between_links=3, max_count_of_retry=5, ignore_reserv=True, ignore_promotion=False, one_time_start=True, one_file_for_link=False, parse_views=False, save_xlsx=True, use_webdriver=False, use_bypass_api=False, cookies_api_key='', output_dir=WindowsPath('result'), use_own_cookies=False, parse_phone=False, proxy_notifier='')
2026-03-29 22:30:20.902 | ERROR    | __main__:<module>:324 - name 'url' is not defined
Traceback (most recent call last):

> File "C:\parser_avito-master\parser_cls.py", line 317, in <module>
    parser.parse()
    │      └ <function AvitoParse.parse at 0x000002498E4020C0>
    └ <__main__.AvitoParse object at 0x000002498E41D250>

  File "C:\parser_avito-master\parser_cls.py", line 88, in parse
    current_url = url

NameError: name 'url' is not defined
2026-03-29 22:30:20.917 | ERROR    | __main__:<module>:325 - Произошла ошибка name 'url' is not defined. Будет повторный запуск через 30 сек.
2026-03-29 22:38:37.343 | INFO     | parser.proxies.proxy_factory:build_proxy:15 - Прокси определен как мобильный
2026-03-29 22:38:37.347 | INFO     | hide_private_data:log_config:64 - Запуск AvitoParse v3.2.08 с настройками:
AvitoConfig(urls=['https://www.avito.ru/moskva_i_mo/chasy_i_ukrasheniya/chasy/smart/smart_chasi-ASgBAgICA0TQAYYGhNgR_paHA4jYEY6XhwM?cd=1&f=ASgBAgECBkTQAYYG5rwN8tE08ooOpIKUAeSODpqbzgGE2BH~locDiNgRjpeHAwFFxpoMGXsiZnJvbSI6MTAwMCwidG8iOjE1MDAwMH0&localPriority=1&q=watch'], proxy_string='Uk5eZy:***@mproxy.site:14085', proxy_change_url='https://changeip.mobileproxy.space/***', keys_word_white_list=[], keys_word_black_list=[], seller_black_list=[], count=10, tg_token='', tg_chat_id=['***'], vk_token='', vk_user_id=[], max_price=99999999, min_price=0, geo='', max_age=0, debug_mode=0, pause_general=1, pause_between_links=3, max_count_of_retry=5, ignore_reserv=True, ignore_promotion=False, one_time_start=True, one_file_for_link=False, parse_views=False, save_xlsx=True, use_webdriver=False, use_bypass_api=False, cookies_api_key='', output_dir=WindowsPath('result'), use_own_cookies=False, parse_phone=False, proxy_notifier='')
2026-03-29 22:38:37.350 | INFO     | __main__:parse:86 - Начинаю парсинг ссылки: https://www.avito.ru/moskva_i_mo/chasy_i_ukrasheniya/chasy/smart/smart_chasi-ASgBAgICA0TQAYYGhNgR_paHA4jYEY6XhwM?cd=1&f=ASgBAgECBkTQAYYG5rwN8tE08ooOpIKUAeSODpqbzgGE2BH~locDiNgRjpeHAwFFxpoMGXsiZnJvbSI6MTAwMCwidG8iOjE1MDAwMH0&localPriority=1&q=watch
2026-03-29 22:38:37.356 | INFO     | __main__:parse:96 - page=1 url=https://www.avito.ru/moskva_i_mo/chasy_i_ukrasheniya/chasy/smart/smart_chasi-ASgBAgICA0TQAYYGhNgR_paHA4jYEY6XhwM?cd=1&f=ASgBAgECBkTQAYYG5rwN8tE08ooOpIKUAeSODpqbzgGE2BH~locDiNgRjpeHAwFFxpoMGXsiZnJvbSI6MTAwMCwidG8iOjE1MDAwMH0&localPriority=1&q=watch
2026-03-29 22:38:40.644 | INFO     | __main__:parse:123 - Объявлений до фильтров: 50
2026-03-29 22:38:40.663 | INFO     | filters.ads_filter:apply:116 - После фильтрации _filter_by_price_range осталось 50
2026-03-29 22:38:40.667 | INFO     | filters.ads_filter:apply:116 - После фильтрации _filter_watch_accessories осталось 38
2026-03-29 22:38:40.669 | INFO     | __main__:parse:138 - После фильтров: 38
2026-03-29 22:38:40.671 | INFO     | __main__:parse:146 - Новых объявлений на странице: 38
2026-03-29 22:38:40.673 | DEBUG    | __main__:get_next_page_url:317 - Страница 1
2026-03-29 22:38:40.677 | INFO     | __main__:parse:166 - Пауза 3 сек.
2026-03-29 22:38:43.680 | INFO     | __main__:parse:96 - page=2 url=https://www.avito.ru/moskva_i_mo/chasy_i_ukrasheniya/chasy/smart/smart_chasi-ASgBAgICA0TQAYYGhNgR_paHA4jYEY6XhwM?cd=1&f=ASgBAgECBkTQAYYG5rwN8tE08ooOpIKUAeSODpqbzgGE2BH~locDiNgRjpeHAwFFxpoMGXsiZnJvbSI6MTAwMCwidG8iOjE1MDAwMH0&localPriority=1&q=watch&p=2
2026-03-29 22:38:46.066 | INFO     | __main__:parse:123 - Объявлений до фильтров: 50
2026-03-29 22:38:46.082 | INFO     | filters.ads_filter:apply:116 - После фильтрации _filter_by_price_range осталось 50
2026-03-29 22:38:46.085 | INFO     | filters.ads_filter:apply:116 - После фильтрации _filter_watch_accessories осталось 42
2026-03-29 22:38:46.091 | INFO     | __main__:parse:138 - После фильтров: 42
2026-03-29 22:38:46.094 | INFO     | __main__:parse:146 - Новых объявлений на странице: 41
2026-03-29 22:38:46.096 | DEBUG    | __main__:get_next_page_url:317 - Страница 2
2026-03-29 22:38:46.097 | INFO     | __main__:parse:166 - Пауза 3 сек.
2026-03-29 22:38:49.100 | INFO     | __main__:parse:96 - page=3 url=https://www.avito.ru/moskva_i_mo/chasy_i_ukrasheniya/chasy/smart/smart_chasi-ASgBAgICA0TQAYYGhNgR_paHA4jYEY6XhwM?cd=1&f=ASgBAgECBkTQAYYG5rwN8tE08ooOpIKUAeSODpqbzgGE2BH~locDiNgRjpeHAwFFxpoMGXsiZnJvbSI6MTAwMCwidG8iOjE1MDAwMH0&localPriority=1&q=watch&p=3
2026-03-29 22:38:51.409 | INFO     | __main__:parse:123 - Объявлений до фильтров: 50
2026-03-29 22:38:51.427 | INFO     | filters.ads_filter:apply:116 - После фильтрации _filter_by_price_range осталось 50
2026-03-29 22:38:51.432 | INFO     | filters.ads_filter:apply:116 - После фильтрации _filter_watch_accessories осталось 47
2026-03-29 22:38:51.436 | INFO     | __main__:parse:138 - После фильтров: 47
2026-03-29 22:38:51.440 | INFO     | __main__:parse:146 - Новых объявлений на странице: 35
2026-03-29 22:38:51.443 | DEBUG    | __main__:get_next_page_url:317 - Страница 3
2026-03-29 22:38:51.444 | INFO     | __main__:parse:166 - Пауза 3 сек.
2026-03-29 22:38:54.446 | INFO     | __main__:parse:96 - page=4 url=https://www.avito.ru/moskva_i_mo/chasy_i_ukrasheniya/chasy/smart/smart_chasi-ASgBAgICA0TQAYYGhNgR_paHA4jYEY6XhwM?cd=1&f=ASgBAgECBkTQAYYG5rwN8tE08ooOpIKUAeSODpqbzgGE2BH~locDiNgRjpeHAwFFxpoMGXsiZnJvbSI6MTAwMCwidG8iOjE1MDAwMH0&localPriority=1&q=watch&p=4
2026-03-29 22:38:56.872 | INFO     | __main__:parse:123 - Объявлений до фильтров: 50
2026-03-29 22:38:56.891 | INFO     | filters.ads_filter:apply:116 - После фильтрации _filter_by_price_range осталось 50
2026-03-29 22:38:56.895 | INFO     | filters.ads_filter:apply:116 - После фильтрации _filter_watch_accessories осталось 46
2026-03-29 22:38:56.899 | INFO     | __main__:parse:138 - После фильтров: 46
2026-03-29 22:38:56.900 | INFO     | __main__:parse:146 - Новых объявлений на странице: 35
2026-03-29 22:38:56.902 | DEBUG    | __main__:get_next_page_url:317 - Страница 4
2026-03-29 22:38:56.903 | INFO     | __main__:parse:166 - Пауза 3 сек.
2026-03-29 22:38:59.909 | INFO     | __main__:parse:96 - page=5 url=https://www.avito.ru/moskva_i_mo/chasy_i_ukrasheniya/chasy/smart/smart_chasi-ASgBAgICA0TQAYYGhNgR_paHA4jYEY6XhwM?cd=1&f=ASgBAgECBkTQAYYG5rwN8tE08ooOpIKUAeSODpqbzgGE2BH~locDiNgRjpeHAwFFxpoMGXsiZnJvbSI6MTAwMCwidG8iOjE1MDAwMH0&localPriority=1&q=watch&p=5
2026-03-29 22:39:02.183 | INFO     | __main__:parse:123 - Объявлений до фильтров: 50
2026-03-29 22:39:02.200 | INFO     | filters.ads_filter:apply:116 - После фильтрации _filter_by_price_range осталось 50
2026-03-29 22:39:02.204 | INFO     | filters.ads_filter:apply:116 - После фильтрации _filter_watch_accessories осталось 40
2026-03-29 22:39:02.209 | INFO     | __main__:parse:138 - После фильтров: 40
2026-03-29 22:39:02.215 | INFO     | __main__:parse:146 - Новых объявлений на странице: 39
2026-03-29 22:39:02.217 | DEBUG    | __main__:get_next_page_url:317 - Страница 5
2026-03-29 22:39:02.218 | INFO     | __main__:parse:166 - Пауза 3 сек.
2026-03-29 22:39:05.223 | INFO     | __main__:parse:96 - page=6 url=https://www.avito.ru/moskva_i_mo/chasy_i_ukrasheniya/chasy/smart/smart_chasi-ASgBAgICA0TQAYYGhNgR_paHA4jYEY6XhwM?cd=1&f=ASgBAgECBkTQAYYG5rwN8tE08ooOpIKUAeSODpqbzgGE2BH~locDiNgRjpeHAwFFxpoMGXsiZnJvbSI6MTAwMCwidG8iOjE1MDAwMH0&localPriority=1&q=watch&p=6
2026-03-29 22:39:05.919 | WARNING  | parser.http.client:request:84 - Blocked request (429), attempt 1
2026-03-29 22:39:12.560 | WARNING  | parser.http.client:request:84 - Blocked request (429), attempt 2
2026-03-29 22:39:19.162 | WARNING  | parser.http.client:request:84 - Blocked request (429), attempt 3
2026-03-29 22:39:19.165 | WARNING  | parser.http.client:request:90 - Block threshold reached, handling block
2026-03-29 22:39:29.376 | WARNING  | __main__:fetch_data:79 - Ошибка при запросе https://www.avito.ru/moskva_i_mo/chasy_i_ukrasheniya/chasy/smart/smart_chasi-ASgBAgICA0TQAYYGhNgR_paHA4jYEY6XhwM?cd=1&f=ASgBAgECBkTQAYYG5rwN8tE08ooOpIKUAeSODpqbzgGE2BH~locDiNgRjpeHAwFFxpoMGXsiZnJvbSI6MTAwMCwidG8iOjE1MDAwMH0&localPriority=1&q=watch&p=6: HTTPSConnectionPool(host='changeip.mobileproxy.space', port=443): Read timed out. (read timeout=10)
2026-03-29 22:39:29.381 | WARNING  | __main__:parse:107 - Не удалось получить HTML для https://www.avito.ru/moskva_i_mo/chasy_i_ukrasheniya/chasy/smart/smart_chasi-ASgBAgICA0TQAYYGhNgR_paHA4jYEY6XhwM?cd=1&f=ASgBAgECBkTQAYYG5rwN8tE08ooOpIKUAeSODpqbzgGE2BH~locDiNgRjpeHAwFFxpoMGXsiZnJvbSI6MTAwMCwidG8iOjE1MDAwMH0&localPriority=1&q=watch&p=6, пауза 3 сек.
2026-03-29 22:39:32.384 | INFO     | __main__:parse:96 - page=6 url=https://www.avito.ru/moskva_i_mo/chasy_i_ukrasheniya/chasy/smart/smart_chasi-ASgBAgICA0TQAYYGhNgR_paHA4jYEY6XhwM?cd=1&f=ASgBAgECBkTQAYYG5rwN8tE08ooOpIKUAeSODpqbzgGE2BH~locDiNgRjpeHAwFFxpoMGXsiZnJvbSI6MTAwMCwidG8iOjE1MDAwMH0&localPriority=1&q=watch&p=6
2026-03-29 22:39:35.205 | INFO     | __main__:parse:123 - Объявлений до фильтров: 50
2026-03-29 22:39:35.221 | INFO     | filters.ads_filter:apply:116 - После фильтрации _filter_by_price_range осталось 50
2026-03-29 22:39:35.224 | INFO     | filters.ads_filter:apply:116 - После фильтрации _filter_watch_accessories осталось 45
2026-03-29 22:39:35.226 | INFO     | __main__:parse:138 - После фильтров: 45
2026-03-29 22:39:35.227 | INFO     | __main__:parse:146 - Новых объявлений на странице: 32
2026-03-29 22:39:35.229 | DEBUG    | __main__:get_next_page_url:317 - Страница 6
2026-03-29 22:39:35.230 | INFO     | __main__:parse:166 - Пауза 3 сек.
2026-03-29 22:39:38.232 | INFO     | __main__:parse:96 - page=7 url=https://www.avito.ru/moskva_i_mo/chasy_i_ukrasheniya/chasy/smart/smart_chasi-ASgBAgICA0TQAYYGhNgR_paHA4jYEY6XhwM?cd=1&f=ASgBAgECBkTQAYYG5rwN8tE08ooOpIKUAeSODpqbzgGE2BH~locDiNgRjpeHAwFFxpoMGXsiZnJvbSI6MTAwMCwidG8iOjE1MDAwMH0&localPriority=1&q=watch&p=7
2026-03-29 22:39:41.304 | INFO     | __main__:parse:123 - Объявлений до фильтров: 50
2026-03-29 22:39:41.322 | INFO     | filters.ads_filter:apply:116 - После фильтрации _filter_by_price_range осталось 50
2026-03-29 22:39:41.326 | INFO     | filters.ads_filter:apply:116 - После фильтрации _filter_watch_accessories осталось 44
2026-03-29 22:39:41.330 | INFO     | __main__:parse:138 - После фильтров: 44
2026-03-29 22:39:41.332 | INFO     | __main__:parse:146 - Новых объявлений на странице: 33
2026-03-29 22:39:41.333 | DEBUG    | __main__:get_next_page_url:317 - Страница 7
2026-03-29 22:39:41.335 | INFO     | __main__:parse:166 - Пауза 3 сек.
2026-03-29 22:39:44.337 | INFO     | __main__:parse:96 - page=8 url=https://www.avito.ru/moskva_i_mo/chasy_i_ukrasheniya/chasy/smart/smart_chasi-ASgBAgICA0TQAYYGhNgR_paHA4jYEY6XhwM?cd=1&f=ASgBAgECBkTQAYYG5rwN8tE08ooOpIKUAeSODpqbzgGE2BH~locDiNgRjpeHAwFFxpoMGXsiZnJvbSI6MTAwMCwidG8iOjE1MDAwMH0&localPriority=1&q=watch&p=8
2026-03-29 22:39:44.860 | WARNING  | parser.http.client:request:84 - Blocked request (429), attempt 1
2026-03-29 22:39:53.933 | WARNING  | parser.http.client:request:84 - Blocked request (429), attempt 2
2026-03-29 22:40:01.324 | WARNING  | parser.http.client:request:84 - Blocked request (429), attempt 3
2026-03-29 22:40:01.326 | WARNING  | parser.http.client:request:90 - Block threshold reached, handling block
2026-03-29 22:40:11.408 | WARNING  | __main__:fetch_data:79 - Ошибка при запросе https://www.avito.ru/moskva_i_mo/chasy_i_ukrasheniya/chasy/smart/smart_chasi-ASgBAgICA0TQAYYGhNgR_paHA4jYEY6XhwM?cd=1&f=ASgBAgECBkTQAYYG5rwN8tE08ooOpIKUAeSODpqbzgGE2BH~locDiNgRjpeHAwFFxpoMGXsiZnJvbSI6MTAwMCwidG8iOjE1MDAwMH0&localPriority=1&q=watch&p=8: HTTPSConnectionPool(host='changeip.mobileproxy.space', port=443): Read timed out. (read timeout=10)
2026-03-29 22:40:11.412 | WARNING  | __main__:parse:107 - Не удалось получить HTML для https://www.avito.ru/moskva_i_mo/chasy_i_ukrasheniya/chasy/smart/smart_chasi-ASgBAgICA0TQAYYGhNgR_paHA4jYEY6XhwM?cd=1&f=ASgBAgECBkTQAYYG5rwN8tE08ooOpIKUAeSODpqbzgGE2BH~locDiNgRjpeHAwFFxpoMGXsiZnJvbSI6MTAwMCwidG8iOjE1MDAwMH0&localPriority=1&q=watch&p=8, пауза 3 сек.
2026-03-29 22:40:14.416 | INFO     | __main__:parse:96 - page=8 url=https://www.avito.ru/moskva_i_mo/chasy_i_ukrasheniya/chasy/smart/smart_chasi-ASgBAgICA0TQAYYGhNgR_paHA4jYEY6XhwM?cd=1&f=ASgBAgECBkTQAYYG5rwN8tE08ooOpIKUAeSODpqbzgGE2BH~locDiNgRjpeHAwFFxpoMGXsiZnJvbSI6MTAwMCwidG8iOjE1MDAwMH0&localPriority=1&q=watch&p=8
2026-03-29 22:40:34.435 | WARNING  | parser.http.client:request:108 - Request error (attempt 1): Failed to perform, curl: (28) Connection timed out after 20005 milliseconds. See https://curl.se/libcurl/c/libcurl-errors.html first for more details.
2026-03-29 22:41:00.967 | WARNING  | parser.http.client:request:108 - Request error (attempt 2): Failed to perform, curl: (28) Connection timed out after 20014 milliseconds. See https://curl.se/libcurl/c/libcurl-errors.html first for more details.
2026-03-29 22:41:10.530 | INFO     | __main__:parse:123 - Объявлений до фильтров: 50
2026-03-29 22:41:10.546 | INFO     | filters.ads_filter:apply:116 - После фильтрации _filter_by_price_range осталось 50
2026-03-29 22:41:10.550 | INFO     | filters.ads_filter:apply:116 - После фильтрации _filter_watch_accessories осталось 45
2026-03-29 22:41:10.555 | INFO     | __main__:parse:138 - После фильтров: 45
2026-03-29 22:41:10.557 | INFO     | __main__:parse:146 - Новых объявлений на странице: 38
2026-03-29 22:41:10.558 | DEBUG    | __main__:get_next_page_url:317 - Страница 8
2026-03-29 22:41:10.563 | INFO     | __main__:parse:166 - Пауза 3 сек.
2026-03-29 22:41:13.565 | INFO     | __main__:parse:96 - page=9 url=https://www.avito.ru/moskva_i_mo/chasy_i_ukrasheniya/chasy/smart/smart_chasi-ASgBAgICA0TQAYYGhNgR_paHA4jYEY6XhwM?cd=1&f=ASgBAgECBkTQAYYG5rwN8tE08ooOpIKUAeSODpqbzgGE2BH~locDiNgRjpeHAwFFxpoMGXsiZnJvbSI6MTAwMCwidG8iOjE1MDAwMH0&localPriority=1&q=watch&p=9
2026-03-29 22:41:33.578 | WARNING  | parser.http.client:request:108 - Request error (attempt 1): Failed to perform, curl: (28) Connection timed out after 20009 milliseconds. See https://curl.se/libcurl/c/libcurl-errors.html first for more details.
2026-03-29 22:41:43.877 | INFO     | __main__:parse:123 - Объявлений до фильтров: 50
2026-03-29 22:41:43.893 | INFO     | filters.ads_filter:apply:116 - После фильтрации _filter_by_price_range осталось 50
2026-03-29 22:41:43.897 | INFO     | filters.ads_filter:apply:116 - После фильтрации _filter_watch_accessories осталось 42
2026-03-29 22:41:43.899 | INFO     | __main__:parse:138 - После фильтров: 42
2026-03-29 22:41:43.900 | INFO     | __main__:parse:146 - Новых объявлений на странице: 32
2026-03-29 22:41:43.902 | DEBUG    | __main__:get_next_page_url:317 - Страница 9
2026-03-29 22:41:43.907 | INFO     | __main__:parse:166 - Пауза 3 сек.
2026-03-29 22:41:46.909 | INFO     | __main__:parse:96 - page=10 url=https://www.avito.ru/moskva_i_mo/chasy_i_ukrasheniya/chasy/smart/smart_chasi-ASgBAgICA0TQAYYGhNgR_paHA4jYEY6XhwM?cd=1&f=ASgBAgECBkTQAYYG5rwN8tE08ooOpIKUAeSODpqbzgGE2BH~locDiNgRjpeHAwFFxpoMGXsiZnJvbSI6MTAwMCwidG8iOjE1MDAwMH0&localPriority=1&q=watch&p=10
2026-03-29 22:42:06.928 | WARNING  | parser.http.client:request:108 - Request error (attempt 1): Failed to perform, curl: (28) Connection timed out after 20014 milliseconds. See https://curl.se/libcurl/c/libcurl-errors.html first for more details.
2026-03-29 22:42:31.300 | INFO     | __main__:parse:123 - Объявлений до фильтров: 50
2026-03-29 22:42:31.316 | INFO     | filters.ads_filter:apply:116 - После фильтрации _filter_by_price_range осталось 50
2026-03-29 22:42:31.321 | INFO     | filters.ads_filter:apply:116 - После фильтрации _filter_watch_accessories осталось 43
2026-03-29 22:42:31.324 | INFO     | __main__:parse:138 - После фильтров: 43
2026-03-29 22:42:31.326 | INFO     | __main__:parse:146 - Новых объявлений на странице: 27
2026-03-29 22:42:31.327 | INFO     | __main__:parse:155 - Достигнут лимит страниц count=10
2026-03-29 22:42:31.329 | INFO     | __main__:parse:169 - По ссылке собрано объявлений: 350
2026-03-29 22:42:31.330 | INFO     | __main__:parse:181 - Всего собрано объявлений: 350
2026-03-29 22:42:31.546 | INFO     | __main__:parse:187 - Сохранил общий итоговый файл
2026-03-29 22:42:31.561 | INFO     | __main__:<module>:339 - Парсинг завершен т.к. включён one_time_start в настройках
2026-03-29 23:02:07.190 | INFO     | parser.proxies.proxy_factory:build_proxy:15 - Прокси определен как мобильный
2026-03-29 23:02:07.217 | INFO     | hide_private_data:log_config:64 - Запуск AvitoParse v3.2.08 с настройками:
AvitoConfig(urls=['https://www.avito.ru/moskva_i_mo/chasy_i_ukrasheniya/chasy/smart/smart_chasi-ASgBAgICA0TQAYYGhNgR_paHA4jYEY6XhwM?cd=1&f=ASgBAgECBkTQAYYG5rwN8tE08ooOpIKUAeSODpKfzgGE2BH~locDiNgRjpeHAwFFxpoMGXsiZnJvbSI6MTAwMCwidG8iOjE1MDAwMH0&localPriority=1&q=watch', 'https://www.avito.ru/moskva_i_mo/chasy_i_ukrasheniya/chasy/smart/smart_chasi-ASgBAgICA0TQAYYGhNgR_paHA4jYEY6XhwM?cd=1&f=ASgBAgECBkTQAYYG5rwN8tE08ooOpIKUAeSODpqbzgGE2BH~locDiNgRjpeHAwFFxpoMGXsiZnJvbSI6MTAwMCwidG8iOjE1MDAwMH0&localPriority=1&q=watch', 'https://www.avito.ru/moskva_i_mo/chasy_i_ukrasheniya/chasy/smart/smart_chasi-ASgBAgICA0TQAYYGhNgR_paHA4jYEY6XhwM?cd=1&f=ASgBAgECBkTQAYYG5rwN8tE08ooOpIKUAeSODtKlzgGE2BH~locDiNgRjpeHAwFFxpoMGXsiZnJvbSI6MTAwMCwidG8iOjE1MDAwMH0&localPriority=1&q=watch'], proxy_string='Uk5eZy:***@mproxy.site:14085', proxy_change_url='https://changeip.mobileproxy.space/***', keys_word_white_list=[], keys_word_black_list=[], seller_black_list=[], count=20, tg_token='', tg_chat_id=['***'], vk_token='', vk_user_id=[], max_price=99999999, min_price=0, geo='', max_age=0, debug_mode=0, pause_general=1, pause_between_links=4, max_count_of_retry=5, ignore_reserv=True, ignore_promotion=False, one_time_start=True, one_file_for_link=False, parse_views=False, save_xlsx=True, use_webdriver=False, use_bypass_api=False, cookies_api_key='', output_dir=WindowsPath('result'), use_own_cookies=False, parse_phone=False, proxy_notifier='')
2026-03-29 23:02:07.220 | INFO     | __main__:parse:86 - Начинаю парсинг ссылки: https://www.avito.ru/moskva_i_mo/chasy_i_ukrasheniya/chasy/smart/smart_chasi-ASgBAgICA0TQAYYGhNgR_paHA4jYEY6XhwM?cd=1&f=ASgBAgECBkTQAYYG5rwN8tE08ooOpIKUAeSODpKfzgGE2BH~locDiNgRjpeHAwFFxpoMGXsiZnJvbSI6MTAwMCwidG8iOjE1MDAwMH0&localPriority=1&q=watch
2026-03-29 23:02:07.221 | INFO     | __main__:parse:96 - page=1 url=https://www.avito.ru/moskva_i_mo/chasy_i_ukrasheniya/chasy/smart/smart_chasi-ASgBAgICA0TQAYYGhNgR_paHA4jYEY6XhwM?cd=1&f=ASgBAgECBkTQAYYG5rwN8tE08ooOpIKUAeSODpKfzgGE2BH~locDiNgRjpeHAwFFxpoMGXsiZnJvbSI6MTAwMCwidG8iOjE1MDAwMH0&localPriority=1&q=watch
2026-03-29 23:02:07.962 | WARNING  | parser.http.client:request:84 - Blocked request (429), attempt 1
2026-03-29 23:02:29.608 | WARNING  | parser.http.client:request:84 - Blocked request (429), attempt 2
2026-03-29 23:02:56.752 | WARNING  | parser.http.client:request:108 - Request error (attempt 3): Failed to perform, curl: (28) Connection timed out after 20004 milliseconds. See https://curl.se/libcurl/c/libcurl-errors.html first for more details.
2026-03-29 23:03:24.606 | WARNING  | parser.http.client:request:108 - Request error (attempt 4): Failed to perform, curl: (28) Connection timed out after 20004 milliseconds. See https://curl.se/libcurl/c/libcurl-errors.html first for more details.
2026-03-29 23:03:50.970 | WARNING  | parser.http.client:request:108 - Request error (attempt 5): Failed to perform, curl: (28) Connection timed out after 20016 milliseconds. See https://curl.se/libcurl/c/libcurl-errors.html first for more details.
2026-03-29 23:03:58.350 | WARNING  | __main__:fetch_data:79 - Ошибка при запросе https://www.avito.ru/moskva_i_mo/chasy_i_ukrasheniya/chasy/smart/smart_chasi-ASgBAgICA0TQAYYGhNgR_paHA4jYEY6XhwM?cd=1&f=ASgBAgECBkTQAYYG5rwN8tE08ooOpIKUAeSODpKfzgGE2BH~locDiNgRjpeHAwFFxpoMGXsiZnJvbSI6MTAwMCwidG8iOjE1MDAwMH0&localPriority=1&q=watch: HTTP request failed after retries
2026-03-29 23:03:58.362 | ERROR    | __main__:<module>:350 - cannot access local variable 'failed_html_attempts' where it is not associated with a value
Traceback (most recent call last):

> File "C:\parser_avito-master\parser_cls.py", line 343, in <module>
    parser.parse()
    │      └ <function AvitoParse.parse at 0x000001B7D63FDEE0>
    └ <__main__.AvitoParse object at 0x000001B7D63FBFD0>

  File "C:\parser_avito-master\parser_cls.py", line 107, in parse
    failed_html_attempts += 1

UnboundLocalError: cannot access local variable 'failed_html_attempts' where it is not associated with a value
2026-03-29 23:03:58.378 | ERROR    | __main__:<module>:351 - Произошла ошибка cannot access local variable 'failed_html_attempts' where it is not associated with a value. Будет повторный запуск через 30 сек.
2026-03-29 23:04:28.387 | INFO     | parser.proxies.proxy_factory:build_proxy:15 - Прокси определен как мобильный
2026-03-29 23:04:28.390 | INFO     | hide_private_data:log_config:64 - Запуск AvitoParse v3.2.08 с настройками:
AvitoConfig(urls=['https://www.avito.ru/moskva_i_mo/chasy_i_ukrasheniya/chasy/smart/smart_chasi-ASgBAgICA0TQAYYGhNgR_paHA4jYEY6XhwM?cd=1&f=ASgBAgECBkTQAYYG5rwN8tE08ooOpIKUAeSODpKfzgGE2BH~locDiNgRjpeHAwFFxpoMGXsiZnJvbSI6MTAwMCwidG8iOjE1MDAwMH0&localPriority=1&q=watch', 'https://www.avito.ru/moskva_i_mo/chasy_i_ukrasheniya/chasy/smart/smart_chasi-ASgBAgICA0TQAYYGhNgR_paHA4jYEY6XhwM?cd=1&f=ASgBAgECBkTQAYYG5rwN8tE08ooOpIKUAeSODpqbzgGE2BH~locDiNgRjpeHAwFFxpoMGXsiZnJvbSI6MTAwMCwidG8iOjE1MDAwMH0&localPriority=1&q=watch', 'https://www.avito.ru/moskva_i_mo/chasy_i_ukrasheniya/chasy/smart/smart_chasi-ASgBAgICA0TQAYYGhNgR_paHA4jYEY6XhwM?cd=1&f=ASgBAgECBkTQAYYG5rwN8tE08ooOpIKUAeSODtKlzgGE2BH~locDiNgRjpeHAwFFxpoMGXsiZnJvbSI6MTAwMCwidG8iOjE1MDAwMH0&localPriority=1&q=watch'], proxy_string='Uk5eZy:***@mproxy.site:14085', proxy_change_url='https://changeip.mobileproxy.space/***', keys_word_white_list=[], keys_word_black_list=[], seller_black_list=[], count=20, tg_token='', tg_chat_id=['***'], vk_token='', vk_user_id=[], max_price=99999999, min_price=0, geo='', max_age=0, debug_mode=0, pause_general=1, pause_between_links=4, max_count_of_retry=5, ignore_reserv=True, ignore_promotion=False, one_time_start=True, one_file_for_link=False, parse_views=False, save_xlsx=True, use_webdriver=False, use_bypass_api=False, cookies_api_key='', output_dir=WindowsPath('result'), use_own_cookies=False, parse_phone=False, proxy_notifier='')
2026-03-29 23:04:28.393 | INFO     | __main__:parse:86 - Начинаю парсинг ссылки: https://www.avito.ru/moskva_i_mo/chasy_i_ukrasheniya/chasy/smart/smart_chasi-ASgBAgICA0TQAYYGhNgR_paHA4jYEY6XhwM?cd=1&f=ASgBAgECBkTQAYYG5rwN8tE08ooOpIKUAeSODpKfzgGE2BH~locDiNgRjpeHAwFFxpoMGXsiZnJvbSI6MTAwMCwidG8iOjE1MDAwMH0&localPriority=1&q=watch
2026-03-29 23:04:28.395 | INFO     | __main__:parse:96 - page=1 url=https://www.avito.ru/moskva_i_mo/chasy_i_ukrasheniya/chasy/smart/smart_chasi-ASgBAgICA0TQAYYGhNgR_paHA4jYEY6XhwM?cd=1&f=ASgBAgECBkTQAYYG5rwN8tE08ooOpIKUAeSODpKfzgGE2BH~locDiNgRjpeHAwFFxpoMGXsiZnJvbSI6MTAwMCwidG8iOjE1MDAwMH0&localPriority=1&q=watch
2026-03-29 23:04:48.403 | WARNING  | parser.http.client:request:108 - Request error (attempt 1): Failed to perform, curl: (28) Connection timed out after 20005 milliseconds. See https://curl.se/libcurl/c/libcurl-errors.html first for more details.
2026-03-29 23:05:14.701 | WARNING  | parser.http.client:request:108 - Request error (attempt 2): Failed to perform, curl: (28) Connection timed out after 20007 milliseconds. See https://curl.se/libcurl/c/libcurl-errors.html first for more details.
2026-03-29 23:05:22.061 | WARNING  | parser.http.client:request:84 - Blocked request (429), attempt 1
2026-03-29 23:05:30.562 | WARNING  | parser.http.client:request:84 - Blocked request (429), attempt 2
2026-03-29 23:05:53.740 | WARNING  | parser.http.client:request:108 - Request error (attempt 5): Failed to perform, curl: (23) Failure writing output to destination, passed 37 returned 0. See https://curl.se/libcurl/c/libcurl-errors.html first for more details.
2026-03-29 23:05:59.921 | WARNING  | __main__:fetch_data:79 - Ошибка при запросе https://www.avito.ru/moskva_i_mo/chasy_i_ukrasheniya/chasy/smart/smart_chasi-ASgBAgICA0TQAYYGhNgR_paHA4jYEY6XhwM?cd=1&f=ASgBAgECBkTQAYYG5rwN8tE08ooOpIKUAeSODpKfzgGE2BH~locDiNgRjpeHAwFFxpoMGXsiZnJvbSI6MTAwMCwidG8iOjE1MDAwMH0&localPriority=1&q=watch: HTTP request failed after retries
2026-03-29 23:05:59.923 | ERROR    | __main__:<module>:350 - cannot access local variable 'failed_html_attempts' where it is not associated with a value
Traceback (most recent call last):

> File "C:\parser_avito-master\parser_cls.py", line 343, in <module>
    parser.parse()
    │      └ <function AvitoParse.parse at 0x000001B7D63FDEE0>
    └ <__main__.AvitoParse object at 0x000001B7D600B310>

  File "C:\parser_avito-master\parser_cls.py", line 107, in parse
    failed_html_attempts += 1

UnboundLocalError: cannot access local variable 'failed_html_attempts' where it is not associated with a value
2026-03-29 23:05:59.934 | ERROR    | __main__:<module>:351 - Произошла ошибка cannot access local variable 'failed_html_attempts' where it is not associated with a value. Будет повторный запуск через 30 сек.
2026-03-29 23:06:29.936 | INFO     | parser.proxies.proxy_factory:build_proxy:15 - Прокси определен как мобильный
2026-03-29 23:06:29.939 | INFO     | hide_private_data:log_config:64 - Запуск AvitoParse v3.2.08 с настройками:
AvitoConfig(urls=['https://www.avito.ru/moskva_i_mo/chasy_i_ukrasheniya/chasy/smart/smart_chasi-ASgBAgICA0TQAYYGhNgR_paHA4jYEY6XhwM?cd=1&f=ASgBAgECBkTQAYYG5rwN8tE08ooOpIKUAeSODpKfzgGE2BH~locDiNgRjpeHAwFFxpoMGXsiZnJvbSI6MTAwMCwidG8iOjE1MDAwMH0&localPriority=1&q=watch', 'https://www.avito.ru/moskva_i_mo/chasy_i_ukrasheniya/chasy/smart/smart_chasi-ASgBAgICA0TQAYYGhNgR_paHA4jYEY6XhwM?cd=1&f=ASgBAgECBkTQAYYG5rwN8tE08ooOpIKUAeSODpqbzgGE2BH~locDiNgRjpeHAwFFxpoMGXsiZnJvbSI6MTAwMCwidG8iOjE1MDAwMH0&localPriority=1&q=watch', 'https://www.avito.ru/moskva_i_mo/chasy_i_ukrasheniya/chasy/smart/smart_chasi-ASgBAgICA0TQAYYGhNgR_paHA4jYEY6XhwM?cd=1&f=ASgBAgECBkTQAYYG5rwN8tE08ooOpIKUAeSODtKlzgGE2BH~locDiNgRjpeHAwFFxpoMGXsiZnJvbSI6MTAwMCwidG8iOjE1MDAwMH0&localPriority=1&q=watch'], proxy_string='Uk5eZy:***@mproxy.site:14085', proxy_change_url='https://changeip.mobileproxy.space/***', keys_word_white_list=[], keys_word_black_list=[], seller_black_list=[], count=20, tg_token='', tg_chat_id=['***'], vk_token='', vk_user_id=[], max_price=99999999, min_price=0, geo='', max_age=0, debug_mode=0, pause_general=1, pause_between_links=4, max_count_of_retry=5, ignore_reserv=True, ignore_promotion=False, one_time_start=True, one_file_for_link=False, parse_views=False, save_xlsx=True, use_webdriver=False, use_bypass_api=False, cookies_api_key='', output_dir=WindowsPath('result'), use_own_cookies=False, parse_phone=False, proxy_notifier='')
2026-03-29 23:06:29.941 | INFO     | __main__:parse:86 - Начинаю парсинг ссылки: https://www.avito.ru/moskva_i_mo/chasy_i_ukrasheniya/chasy/smart/smart_chasi-ASgBAgICA0TQAYYGhNgR_paHA4jYEY6XhwM?cd=1&f=ASgBAgECBkTQAYYG5rwN8tE08ooOpIKUAeSODpKfzgGE2BH~locDiNgRjpeHAwFFxpoMGXsiZnJvbSI6MTAwMCwidG8iOjE1MDAwMH0&localPriority=1&q=watch
2026-03-29 23:06:29.943 | INFO     | __main__:parse:96 - page=1 url=https://www.avito.ru/moskva_i_mo/chasy_i_ukrasheniya/chasy/smart/smart_chasi-ASgBAgICA0TQAYYGhNgR_paHA4jYEY6XhwM?cd=1&f=ASgBAgECBkTQAYYG5rwN8tE08ooOpIKUAeSODpKfzgGE2BH~locDiNgRjpeHAwFFxpoMGXsiZnJvbSI6MTAwMCwidG8iOjE1MDAwMH0&localPriority=1&q=watch
2026-03-29 23:06:30.587 | WARNING  | parser.http.client:request:84 - Blocked request (429), attempt 1
2026-03-29 23:06:49.387 | INFO     | parser.proxies.proxy_factory:build_proxy:15 - Прокси определен как мобильный
2026-03-29 23:06:49.392 | INFO     | hide_private_data:log_config:64 - Запуск AvitoParse v3.2.08 с настройками:
AvitoConfig(urls=['https://www.avito.ru/moskva_i_mo/chasy_i_ukrasheniya/chasy/smart/smart_chasi-ASgBAgICA0TQAYYGhNgR_paHA4jYEY6XhwM?cd=1&f=ASgBAgECBkTQAYYG5rwN8tE08ooOpIKUAeSODpKfzgGE2BH~locDiNgRjpeHAwFFxpoMGXsiZnJvbSI6MTAwMCwidG8iOjE1MDAwMH0&localPriority=1&q=watch', 'https://www.avito.ru/moskva_i_mo/chasy_i_ukrasheniya/chasy/smart/smart_chasi-ASgBAgICA0TQAYYGhNgR_paHA4jYEY6XhwM?cd=1&f=ASgBAgECBkTQAYYG5rwN8tE08ooOpIKUAeSODpqbzgGE2BH~locDiNgRjpeHAwFFxpoMGXsiZnJvbSI6MTAwMCwidG8iOjE1MDAwMH0&localPriority=1&q=watch', 'https://www.avito.ru/moskva_i_mo/chasy_i_ukrasheniya/chasy/smart/smart_chasi-ASgBAgICA0TQAYYGhNgR_paHA4jYEY6XhwM?cd=1&f=ASgBAgECBkTQAYYG5rwN8tE08ooOpIKUAeSODtKlzgGE2BH~locDiNgRjpeHAwFFxpoMGXsiZnJvbSI6MTAwMCwidG8iOjE1MDAwMH0&localPriority=1&q=watch'], proxy_string='Uk5eZy:***@mproxy.site:14085', proxy_change_url='https://changeip.mobileproxy.space/***', keys_word_white_list=[], keys_word_black_list=[], seller_black_list=[], count=20, tg_token='', tg_chat_id=['***'], vk_token='', vk_user_id=[], max_price=99999999, min_price=0, geo='', max_age=0, debug_mode=0, pause_general=1, pause_between_links=4, max_count_of_retry=5, ignore_reserv=True, ignore_promotion=False, one_time_start=True, one_file_for_link=False, parse_views=False, save_xlsx=True, use_webdriver=False, use_bypass_api=False, cookies_api_key='', output_dir=WindowsPath('result'), use_own_cookies=False, parse_phone=False, proxy_notifier='')
2026-03-29 23:06:49.396 | INFO     | __main__:parse:86 - Начинаю парсинг ссылки: https://www.avito.ru/moskva_i_mo/chasy_i_ukrasheniya/chasy/smart/smart_chasi-ASgBAgICA0TQAYYGhNgR_paHA4jYEY6XhwM?cd=1&f=ASgBAgECBkTQAYYG5rwN8tE08ooOpIKUAeSODpKfzgGE2BH~locDiNgRjpeHAwFFxpoMGXsiZnJvbSI6MTAwMCwidG8iOjE1MDAwMH0&localPriority=1&q=watch
2026-03-29 23:06:49.398 | INFO     | __main__:parse:97 - page=1 url=https://www.avito.ru/moskva_i_mo/chasy_i_ukrasheniya/chasy/smart/smart_chasi-ASgBAgICA0TQAYYGhNgR_paHA4jYEY6XhwM?cd=1&f=ASgBAgECBkTQAYYG5rwN8tE08ooOpIKUAeSODpKfzgGE2BH~locDiNgRjpeHAwFFxpoMGXsiZnJvbSI6MTAwMCwidG8iOjE1MDAwMH0&localPriority=1&q=watch
2026-03-29 23:07:09.414 | WARNING  | parser.http.client:request:108 - Request error (attempt 1): Failed to perform, curl: (28) Connection timed out after 20008 milliseconds. See https://curl.se/libcurl/c/libcurl-errors.html first for more details.
2026-03-29 23:07:18.226 | WARNING  | parser.http.client:request:84 - Blocked request (429), attempt 1
2026-03-29 23:07:25.145 | WARNING  | parser.http.client:request:84 - Blocked request (429), attempt 2
2026-03-29 23:07:32.778 | WARNING  | parser.http.client:request:84 - Blocked request (429), attempt 3
2026-03-29 23:07:32.780 | WARNING  | parser.http.client:request:90 - Block threshold reached, handling block
2026-03-29 23:07:50.820 | INFO     | __main__:parse:130 - Объявлений до фильтров: 50
2026-03-29 23:07:50.836 | INFO     | filters.ads_filter:apply:116 - После фильтрации _filter_by_price_range осталось 50
2026-03-29 23:07:50.840 | INFO     | filters.ads_filter:apply:116 - После фильтрации _filter_watch_accessories осталось 49
2026-03-29 23:07:50.842 | INFO     | __main__:parse:145 - После фильтров: 49
2026-03-29 23:07:50.845 | INFO     | __main__:parse:153 - Новых объявлений на странице: 49
2026-03-29 23:07:50.847 | DEBUG    | __main__:get_next_page_url:324 - Страница 1
2026-03-29 23:07:50.849 | INFO     | __main__:parse:173 - Пауза 4 сек.
2026-03-29 23:07:54.855 | INFO     | __main__:parse:97 - page=2 url=https://www.avito.ru/moskva_i_mo/chasy_i_ukrasheniya/chasy/smart/smart_chasi-ASgBAgICA0TQAYYGhNgR_paHA4jYEY6XhwM?cd=1&f=ASgBAgECBkTQAYYG5rwN8tE08ooOpIKUAeSODpKfzgGE2BH~locDiNgRjpeHAwFFxpoMGXsiZnJvbSI6MTAwMCwidG8iOjE1MDAwMH0&localPriority=1&q=watch&p=2
2026-03-29 23:07:57.907 | INFO     | __main__:parse:130 - Объявлений до фильтров: 50
2026-03-29 23:07:57.922 | INFO     | filters.ads_filter:apply:116 - После фильтрации _filter_by_price_range осталось 50
2026-03-29 23:07:57.926 | INFO     | filters.ads_filter:apply:116 - После фильтрации _filter_watch_accessories осталось 50
2026-03-29 23:07:57.928 | INFO     | __main__:parse:145 - После фильтров: 50
2026-03-29 23:07:57.930 | INFO     | __main__:parse:153 - Новых объявлений на странице: 50
2026-03-29 23:07:57.932 | DEBUG    | __main__:get_next_page_url:324 - Страница 2
2026-03-29 23:07:57.934 | INFO     | __main__:parse:173 - Пауза 4 сек.
2026-03-29 23:08:01.941 | INFO     | __main__:parse:97 - page=3 url=https://www.avito.ru/moskva_i_mo/chasy_i_ukrasheniya/chasy/smart/smart_chasi-ASgBAgICA0TQAYYGhNgR_paHA4jYEY6XhwM?cd=1&f=ASgBAgECBkTQAYYG5rwN8tE08ooOpIKUAeSODpKfzgGE2BH~locDiNgRjpeHAwFFxpoMGXsiZnJvbSI6MTAwMCwidG8iOjE1MDAwMH0&localPriority=1&q=watch&p=3
2026-03-29 23:08:02.583 | WARNING  | parser.http.client:request:84 - Blocked request (429), attempt 1
2026-03-29 23:08:10.531 | WARNING  | parser.http.client:request:84 - Blocked request (429), attempt 2
2026-03-29 23:08:17.603 | WARNING  | parser.http.client:request:84 - Blocked request (429), attempt 3
2026-03-29 23:08:17.606 | WARNING  | parser.http.client:request:90 - Block threshold reached, handling block
2026-03-29 23:08:33.928 | INFO     | __main__:parse:130 - Объявлений до фильтров: 50
2026-03-29 23:08:33.943 | INFO     | filters.ads_filter:apply:116 - После фильтрации _filter_by_price_range осталось 50
2026-03-29 23:08:33.947 | INFO     | filters.ads_filter:apply:116 - После фильтрации _filter_watch_accessories осталось 49
2026-03-29 23:08:33.948 | INFO     | __main__:parse:145 - После фильтров: 49
2026-03-29 23:08:33.954 | INFO     | __main__:parse:153 - Новых объявлений на странице: 39
2026-03-29 23:08:33.955 | DEBUG    | __main__:get_next_page_url:324 - Страница 3
2026-03-29 23:08:33.958 | INFO     | __main__:parse:173 - Пауза 4 сек.
2026-03-29 23:08:37.960 | INFO     | __main__:parse:97 - page=4 url=https://www.avito.ru/moskva_i_mo/chasy_i_ukrasheniya/chasy/smart/smart_chasi-ASgBAgICA0TQAYYGhNgR_paHA4jYEY6XhwM?cd=1&f=ASgBAgECBkTQAYYG5rwN8tE08ooOpIKUAeSODpKfzgGE2BH~locDiNgRjpeHAwFFxpoMGXsiZnJvbSI6MTAwMCwidG8iOjE1MDAwMH0&localPriority=1&q=watch&p=4
2026-03-29 23:08:40.400 | INFO     | __main__:parse:130 - Объявлений до фильтров: 50
2026-03-29 23:08:40.416 | INFO     | filters.ads_filter:apply:116 - После фильтрации _filter_by_price_range осталось 50
2026-03-29 23:08:40.419 | INFO     | filters.ads_filter:apply:116 - После фильтрации _filter_watch_accessories осталось 50
2026-03-29 23:08:40.421 | INFO     | __main__:parse:145 - После фильтров: 50
2026-03-29 23:08:40.423 | INFO     | __main__:parse:153 - Новых объявлений на странице: 38
2026-03-29 23:08:40.425 | DEBUG    | __main__:get_next_page_url:324 - Страница 4
2026-03-29 23:08:40.429 | INFO     | __main__:parse:173 - Пауза 4 сек.
2026-03-29 23:08:44.432 | INFO     | __main__:parse:97 - page=5 url=https://www.avito.ru/moskva_i_mo/chasy_i_ukrasheniya/chasy/smart/smart_chasi-ASgBAgICA0TQAYYGhNgR_paHA4jYEY6XhwM?cd=1&f=ASgBAgECBkTQAYYG5rwN8tE08ooOpIKUAeSODpKfzgGE2BH~locDiNgRjpeHAwFFxpoMGXsiZnJvbSI6MTAwMCwidG8iOjE1MDAwMH0&localPriority=1&q=watch&p=5
2026-03-29 23:08:48.311 | INFO     | __main__:parse:130 - Объявлений до фильтров: 50
2026-03-29 23:08:48.326 | INFO     | filters.ads_filter:apply:116 - После фильтрации _filter_by_price_range осталось 50
2026-03-29 23:08:48.329 | INFO     | filters.ads_filter:apply:116 - После фильтрации _filter_watch_accessories осталось 50
2026-03-29 23:08:48.332 | INFO     | __main__:parse:145 - После фильтров: 50
2026-03-29 23:08:48.334 | INFO     | __main__:parse:153 - Новых объявлений на странице: 41
2026-03-29 23:08:48.336 | DEBUG    | __main__:get_next_page_url:324 - Страница 5
2026-03-29 23:08:48.340 | INFO     | __main__:parse:173 - Пауза 4 сек.
2026-03-29 23:08:52.343 | INFO     | __main__:parse:97 - page=6 url=https://www.avito.ru/moskva_i_mo/chasy_i_ukrasheniya/chasy/smart/smart_chasi-ASgBAgICA0TQAYYGhNgR_paHA4jYEY6XhwM?cd=1&f=ASgBAgECBkTQAYYG5rwN8tE08ooOpIKUAeSODpKfzgGE2BH~locDiNgRjpeHAwFFxpoMGXsiZnJvbSI6MTAwMCwidG8iOjE1MDAwMH0&localPriority=1&q=watch&p=6
2026-03-29 23:08:52.915 | WARNING  | parser.http.client:request:84 - Blocked request (429), attempt 1
2026-03-29 23:09:00.373 | WARNING  | parser.http.client:request:84 - Blocked request (429), attempt 2
2026-03-29 23:09:07.278 | WARNING  | parser.http.client:request:84 - Blocked request (429), attempt 3
2026-03-29 23:09:07.281 | WARNING  | parser.http.client:request:90 - Block threshold reached, handling block
2026-03-29 23:09:20.390 | INFO     | __main__:parse:130 - Объявлений до фильтров: 50
2026-03-29 23:09:20.405 | INFO     | filters.ads_filter:apply:116 - После фильтрации _filter_by_price_range осталось 50
2026-03-29 23:09:20.409 | INFO     | filters.ads_filter:apply:116 - После фильтрации _filter_watch_accessories осталось 50
2026-03-29 23:09:20.411 | INFO     | __main__:parse:145 - После фильтров: 50
2026-03-29 23:09:20.413 | INFO     | __main__:parse:153 - Новых объявлений на странице: 42
2026-03-29 23:09:20.415 | DEBUG    | __main__:get_next_page_url:324 - Страница 6
2026-03-29 23:09:20.419 | INFO     | __main__:parse:173 - Пауза 4 сек.
2026-03-29 23:09:24.423 | INFO     | __main__:parse:97 - page=7 url=https://www.avito.ru/moskva_i_mo/chasy_i_ukrasheniya/chasy/smart/smart_chasi-ASgBAgICA0TQAYYGhNgR_paHA4jYEY6XhwM?cd=1&f=ASgBAgECBkTQAYYG5rwN8tE08ooOpIKUAeSODpKfzgGE2BH~locDiNgRjpeHAwFFxpoMGXsiZnJvbSI6MTAwMCwidG8iOjE1MDAwMH0&localPriority=1&q=watch&p=7
2026-03-29 23:09:26.728 | INFO     | __main__:parse:130 - Объявлений до фильтров: 50
2026-03-29 23:09:26.745 | INFO     | filters.ads_filter:apply:116 - После фильтрации _filter_by_price_range осталось 50
2026-03-29 23:09:26.749 | INFO     | filters.ads_filter:apply:116 - После фильтрации _filter_watch_accessories осталось 50
2026-03-29 23:09:26.754 | INFO     | __main__:parse:145 - После фильтров: 50
2026-03-29 23:09:26.756 | INFO     | __main__:parse:153 - Новых объявлений на странице: 30
2026-03-29 23:09:26.758 | DEBUG    | __main__:get_next_page_url:324 - Страница 7
2026-03-29 23:09:26.760 | INFO     | __main__:parse:173 - Пауза 4 сек.
2026-03-29 23:09:30.762 | INFO     | __main__:parse:97 - page=8 url=https://www.avito.ru/moskva_i_mo/chasy_i_ukrasheniya/chasy/smart/smart_chasi-ASgBAgICA0TQAYYGhNgR_paHA4jYEY6XhwM?cd=1&f=ASgBAgECBkTQAYYG5rwN8tE08ooOpIKUAeSODpKfzgGE2BH~locDiNgRjpeHAwFFxpoMGXsiZnJvbSI6MTAwMCwidG8iOjE1MDAwMH0&localPriority=1&q=watch&p=8
2026-03-29 23:09:33.979 | INFO     | __main__:parse:130 - Объявлений до фильтров: 50
2026-03-29 23:09:33.996 | INFO     | filters.ads_filter:apply:116 - После фильтрации _filter_by_price_range осталось 50
2026-03-29 23:09:34.000 | INFO     | filters.ads_filter:apply:116 - После фильтрации _filter_watch_accessories осталось 50
2026-03-29 23:09:34.004 | INFO     | __main__:parse:145 - После фильтров: 50
2026-03-29 23:09:34.006 | INFO     | __main__:parse:153 - Новых объявлений на странице: 43
2026-03-29 23:09:34.008 | DEBUG    | __main__:get_next_page_url:324 - Страница 8
2026-03-29 23:09:34.009 | INFO     | __main__:parse:173 - Пауза 4 сек.
2026-03-29 23:09:38.011 | INFO     | __main__:parse:97 - page=9 url=https://www.avito.ru/moskva_i_mo/chasy_i_ukrasheniya/chasy/smart/smart_chasi-ASgBAgICA0TQAYYGhNgR_paHA4jYEY6XhwM?cd=1&f=ASgBAgECBkTQAYYG5rwN8tE08ooOpIKUAeSODpKfzgGE2BH~locDiNgRjpeHAwFFxpoMGXsiZnJvbSI6MTAwMCwidG8iOjE1MDAwMH0&localPriority=1&q=watch&p=9
2026-03-29 23:09:40.215 | INFO     | __main__:parse:130 - Объявлений до фильтров: 50
2026-03-29 23:09:40.231 | INFO     | filters.ads_filter:apply:116 - После фильтрации _filter_by_price_range осталось 50
2026-03-29 23:09:40.235 | INFO     | filters.ads_filter:apply:116 - После фильтрации _filter_watch_accessories осталось 48
2026-03-29 23:09:40.237 | INFO     | __main__:parse:145 - После фильтров: 48
2026-03-29 23:09:40.239 | INFO     | __main__:parse:153 - Новых объявлений на странице: 34
2026-03-29 23:09:40.244 | DEBUG    | __main__:get_next_page_url:324 - Страница 9
2026-03-29 23:09:40.246 | INFO     | __main__:parse:173 - Пауза 4 сек.
2026-03-29 23:09:44.249 | INFO     | __main__:parse:97 - page=10 url=https://www.avito.ru/moskva_i_mo/chasy_i_ukrasheniya/chasy/smart/smart_chasi-ASgBAgICA0TQAYYGhNgR_paHA4jYEY6XhwM?cd=1&f=ASgBAgECBkTQAYYG5rwN8tE08ooOpIKUAeSODpKfzgGE2BH~locDiNgRjpeHAwFFxpoMGXsiZnJvbSI6MTAwMCwidG8iOjE1MDAwMH0&localPriority=1&q=watch&p=10
2026-03-29 23:09:44.775 | WARNING  | parser.http.client:request:84 - Blocked request (429), attempt 1
2026-03-29 23:09:52.600 | WARNING  | parser.http.client:request:84 - Blocked request (429), attempt 2
2026-03-29 23:10:00.801 | WARNING  | parser.http.client:request:84 - Blocked request (429), attempt 3
2026-03-29 23:10:00.803 | WARNING  | parser.http.client:request:90 - Block threshold reached, handling block
2026-03-29 23:10:13.255 | INFO     | __main__:parse:130 - Объявлений до фильтров: 50
2026-03-29 23:10:13.281 | INFO     | filters.ads_filter:apply:116 - После фильтрации _filter_by_price_range осталось 50
2026-03-29 23:10:13.285 | INFO     | filters.ads_filter:apply:116 - После фильтрации _filter_watch_accessories осталось 50
2026-03-29 23:10:13.288 | INFO     | __main__:parse:145 - После фильтров: 50
2026-03-29 23:10:13.291 | INFO     | __main__:parse:153 - Новых объявлений на странице: 40
2026-03-29 23:10:13.293 | DEBUG    | __main__:get_next_page_url:324 - Страница 10
2026-03-29 23:10:13.295 | INFO     | __main__:parse:173 - Пауза 4 сек.
2026-03-29 23:10:17.298 | INFO     | __main__:parse:97 - page=11 url=https://www.avito.ru/moskva_i_mo/chasy_i_ukrasheniya/chasy/smart/smart_chasi-ASgBAgICA0TQAYYGhNgR_paHA4jYEY6XhwM?cd=1&f=ASgBAgECBkTQAYYG5rwN8tE08ooOpIKUAeSODpKfzgGE2BH~locDiNgRjpeHAwFFxpoMGXsiZnJvbSI6MTAwMCwidG8iOjE1MDAwMH0&localPriority=1&q=watch&p=11
2026-03-29 23:10:19.742 | INFO     | __main__:parse:130 - Объявлений до фильтров: 50
2026-03-29 23:10:19.761 | INFO     | filters.ads_filter:apply:116 - После фильтрации _filter_by_price_range осталось 50
2026-03-29 23:10:19.764 | INFO     | filters.ads_filter:apply:116 - После фильтрации _filter_watch_accessories осталось 48
2026-03-29 23:10:19.768 | INFO     | __main__:parse:145 - После фильтров: 48
2026-03-29 23:10:19.769 | INFO     | __main__:parse:153 - Новых объявлений на странице: 28
2026-03-29 23:10:19.771 | DEBUG    | __main__:get_next_page_url:324 - Страница 11
2026-03-29 23:10:19.775 | INFO     | __main__:parse:173 - Пауза 4 сек.
2026-03-29 23:10:23.779 | INFO     | __main__:parse:97 - page=12 url=https://www.avito.ru/moskva_i_mo/chasy_i_ukrasheniya/chasy/smart/smart_chasi-ASgBAgICA0TQAYYGhNgR_paHA4jYEY6XhwM?cd=1&f=ASgBAgECBkTQAYYG5rwN8tE08ooOpIKUAeSODpKfzgGE2BH~locDiNgRjpeHAwFFxpoMGXsiZnJvbSI6MTAwMCwidG8iOjE1MDAwMH0&localPriority=1&q=watch&p=12
2026-03-29 23:10:24.321 | WARNING  | parser.http.client:request:84 - Blocked request (429), attempt 1
2026-03-29 23:10:31.119 | WARNING  | parser.http.client:request:84 - Blocked request (429), attempt 2
2026-03-29 23:10:37.813 | WARNING  | parser.http.client:request:84 - Blocked request (429), attempt 3
2026-03-29 23:10:37.816 | WARNING  | parser.http.client:request:90 - Block threshold reached, handling block
2026-03-29 23:10:49.333 | INFO     | __main__:parse:130 - Объявлений до фильтров: 50
2026-03-29 23:10:49.352 | INFO     | filters.ads_filter:apply:116 - После фильтрации _filter_by_price_range осталось 50
2026-03-29 23:10:49.356 | INFO     | filters.ads_filter:apply:116 - После фильтрации _filter_watch_accessories осталось 50
2026-03-29 23:10:49.363 | INFO     | __main__:parse:145 - После фильтров: 50
2026-03-29 23:10:49.365 | INFO     | __main__:parse:153 - Новых объявлений на странице: 46
2026-03-29 23:10:49.367 | DEBUG    | __main__:get_next_page_url:324 - Страница 12
2026-03-29 23:10:49.369 | INFO     | __main__:parse:173 - Пауза 4 сек.
2026-03-29 23:10:53.372 | INFO     | __main__:parse:97 - page=13 url=https://www.avito.ru/moskva_i_mo/chasy_i_ukrasheniya/chasy/smart/smart_chasi-ASgBAgICA0TQAYYGhNgR_paHA4jYEY6XhwM?cd=1&f=ASgBAgECBkTQAYYG5rwN8tE08ooOpIKUAeSODpKfzgGE2BH~locDiNgRjpeHAwFFxpoMGXsiZnJvbSI6MTAwMCwidG8iOjE1MDAwMH0&localPriority=1&q=watch&p=13
2026-03-29 23:10:55.806 | INFO     | __main__:parse:130 - Объявлений до фильтров: 50
2026-03-29 23:10:55.821 | INFO     | filters.ads_filter:apply:116 - После фильтрации _filter_by_price_range осталось 50
2026-03-29 23:10:55.825 | INFO     | filters.ads_filter:apply:116 - После фильтрации _filter_watch_accessories осталось 50
2026-03-29 23:10:55.828 | INFO     | __main__:parse:145 - После фильтров: 50
2026-03-29 23:10:55.830 | INFO     | __main__:parse:153 - Новых объявлений на странице: 31
2026-03-29 23:10:55.832 | DEBUG    | __main__:get_next_page_url:324 - Страница 13
2026-03-29 23:10:55.833 | INFO     | __main__:parse:173 - Пауза 4 сек.
2026-03-29 23:10:59.836 | INFO     | __main__:parse:97 - page=14 url=https://www.avito.ru/moskva_i_mo/chasy_i_ukrasheniya/chasy/smart/smart_chasi-ASgBAgICA0TQAYYGhNgR_paHA4jYEY6XhwM?cd=1&f=ASgBAgECBkTQAYYG5rwN8tE08ooOpIKUAeSODpKfzgGE2BH~locDiNgRjpeHAwFFxpoMGXsiZnJvbSI6MTAwMCwidG8iOjE1MDAwMH0&localPriority=1&q=watch&p=14
2026-03-29 23:11:02.240 | INFO     | __main__:parse:130 - Объявлений до фильтров: 50
2026-03-29 23:11:02.256 | INFO     | filters.ads_filter:apply:116 - После фильтрации _filter_by_price_range осталось 50
2026-03-29 23:11:02.262 | INFO     | filters.ads_filter:apply:116 - После фильтрации _filter_watch_accessories осталось 50
2026-03-29 23:11:02.265 | INFO     | __main__:parse:145 - После фильтров: 50
2026-03-29 23:11:02.267 | INFO     | __main__:parse:153 - Новых объявлений на странице: 41
2026-03-29 23:11:02.270 | DEBUG    | __main__:get_next_page_url:324 - Страница 14
2026-03-29 23:11:02.272 | INFO     | __main__:parse:173 - Пауза 4 сек.
2026-03-29 23:11:06.277 | INFO     | __main__:parse:97 - page=15 url=https://www.avito.ru/moskva_i_mo/chasy_i_ukrasheniya/chasy/smart/smart_chasi-ASgBAgICA0TQAYYGhNgR_paHA4jYEY6XhwM?cd=1&f=ASgBAgECBkTQAYYG5rwN8tE08ooOpIKUAeSODpKfzgGE2BH~locDiNgRjpeHAwFFxpoMGXsiZnJvbSI6MTAwMCwidG8iOjE1MDAwMH0&localPriority=1&q=watch&p=15
2026-03-29 23:11:06.785 | WARNING  | parser.http.client:request:84 - Blocked request (429), attempt 1
2026-03-29 23:11:14.154 | WARNING  | parser.http.client:request:84 - Blocked request (429), attempt 2
2026-03-29 23:11:20.970 | WARNING  | parser.http.client:request:84 - Blocked request (429), attempt 3
2026-03-29 23:11:20.973 | WARNING  | parser.http.client:request:90 - Block threshold reached, handling block
2026-03-29 23:11:31.276 | WARNING  | parser.http.client:request:84 - Blocked request (429), attempt 1
2026-03-29 23:11:38.396 | WARNING  | parser.http.client:request:84 - Blocked request (429), attempt 2
2026-03-29 23:11:45.835 | WARNING  | __main__:fetch_data:79 - Ошибка при запросе https://www.avito.ru/moskva_i_mo/chasy_i_ukrasheniya/chasy/smart/smart_chasi-ASgBAgICA0TQAYYGhNgR_paHA4jYEY6XhwM?cd=1&f=ASgBAgECBkTQAYYG5rwN8tE08ooOpIKUAeSODpKfzgGE2BH~locDiNgRjpeHAwFFxpoMGXsiZnJvbSI6MTAwMCwidG8iOjE1MDAwMH0&localPriority=1&q=watch&p=15: HTTP request failed after retries
2026-03-29 23:11:45.840 | WARNING  | __main__:parse:109 - Не удалось получить HTML для https://www.avito.ru/moskva_i_mo/chasy_i_ukrasheniya/chasy/smart/smart_chasi-ASgBAgICA0TQAYYGhNgR_paHA4jYEY6XhwM?cd=1&f=ASgBAgECBkTQAYYG5rwN8tE08ooOpIKUAeSODpKfzgGE2BH~locDiNgRjpeHAwFFxpoMGXsiZnJvbSI6MTAwMCwidG8iOjE1MDAwMH0&localPriority=1&q=watch&p=15, попытка 1
2026-03-29 23:11:49.843 | INFO     | __main__:parse:97 - page=15 url=https://www.avito.ru/moskva_i_mo/chasy_i_ukrasheniya/chasy/smart/smart_chasi-ASgBAgICA0TQAYYGhNgR_paHA4jYEY6XhwM?cd=1&f=ASgBAgECBkTQAYYG5rwN8tE08ooOpIKUAeSODpKfzgGE2BH~locDiNgRjpeHAwFFxpoMGXsiZnJvbSI6MTAwMCwidG8iOjE1MDAwMH0&localPriority=1&q=watch&p=15
2026-03-29 23:11:50.490 | WARNING  | parser.http.client:request:84 - Blocked request (429), attempt 3
2026-03-29 23:11:50.493 | WARNING  | parser.http.client:request:90 - Block threshold reached, handling block
2026-03-29 23:12:03.388 | INFO     | __main__:parse:130 - Объявлений до фильтров: 50
2026-03-29 23:12:03.404 | INFO     | filters.ads_filter:apply:116 - После фильтрации _filter_by_price_range осталось 50
2026-03-29 23:12:03.407 | INFO     | filters.ads_filter:apply:116 - После фильтрации _filter_watch_accessories осталось 50
2026-03-29 23:12:03.412 | INFO     | __main__:parse:145 - После фильтров: 50
2026-03-29 23:12:03.414 | INFO     | __main__:parse:153 - Новых объявлений на странице: 35
2026-03-29 23:12:03.416 | DEBUG    | __main__:get_next_page_url:324 - Страница 15
2026-03-29 23:12:03.417 | INFO     | __main__:parse:173 - Пауза 4 сек.
2026-03-29 23:12:07.419 | INFO     | __main__:parse:97 - page=16 url=https://www.avito.ru/moskva_i_mo/chasy_i_ukrasheniya/chasy/smart/smart_chasi-ASgBAgICA0TQAYYGhNgR_paHA4jYEY6XhwM?cd=1&f=ASgBAgECBkTQAYYG5rwN8tE08ooOpIKUAeSODpKfzgGE2BH~locDiNgRjpeHAwFFxpoMGXsiZnJvbSI6MTAwMCwidG8iOjE1MDAwMH0&localPriority=1&q=watch&p=16
2026-03-29 23:12:11.677 | INFO     | __main__:parse:130 - Объявлений до фильтров: 50
2026-03-29 23:12:11.694 | INFO     | filters.ads_filter:apply:116 - После фильтрации _filter_by_price_range осталось 50
2026-03-29 23:12:11.697 | INFO     | filters.ads_filter:apply:116 - После фильтрации _filter_watch_accessories осталось 49
2026-03-29 23:12:11.699 | INFO     | __main__:parse:145 - После фильтров: 49
2026-03-29 23:12:11.701 | INFO     | __main__:parse:153 - Новых объявлений на странице: 38
2026-03-29 23:12:11.703 | DEBUG    | __main__:get_next_page_url:324 - Страница 16
2026-03-29 23:12:11.704 | INFO     | __main__:parse:173 - Пауза 4 сек.
2026-03-29 23:12:15.707 | INFO     | __main__:parse:97 - page=17 url=https://www.avito.ru/moskva_i_mo/chasy_i_ukrasheniya/chasy/smart/smart_chasi-ASgBAgICA0TQAYYGhNgR_paHA4jYEY6XhwM?cd=1&f=ASgBAgECBkTQAYYG5rwN8tE08ooOpIKUAeSODpKfzgGE2BH~locDiNgRjpeHAwFFxpoMGXsiZnJvbSI6MTAwMCwidG8iOjE1MDAwMH0&localPriority=1&q=watch&p=17
2026-03-29 23:12:17.792 | INFO     | __main__:parse:130 - Объявлений до фильтров: 50
2026-03-29 23:12:17.808 | INFO     | filters.ads_filter:apply:116 - После фильтрации _filter_by_price_range осталось 50
2026-03-29 23:12:17.812 | INFO     | filters.ads_filter:apply:116 - После фильтрации _filter_watch_accessories осталось 50
2026-03-29 23:12:17.817 | INFO     | __main__:parse:145 - После фильтров: 50
2026-03-29 23:12:17.819 | INFO     | __main__:parse:153 - Новых объявлений на странице: 29
2026-03-29 23:12:17.821 | DEBUG    | __main__:get_next_page_url:324 - Страница 17
2026-03-29 23:12:17.823 | INFO     | __main__:parse:173 - Пауза 4 сек.
2026-03-29 23:12:21.825 | INFO     | __main__:parse:97 - page=18 url=https://www.avito.ru/moskva_i_mo/chasy_i_ukrasheniya/chasy/smart/smart_chasi-ASgBAgICA0TQAYYGhNgR_paHA4jYEY6XhwM?cd=1&f=ASgBAgECBkTQAYYG5rwN8tE08ooOpIKUAeSODpKfzgGE2BH~locDiNgRjpeHAwFFxpoMGXsiZnJvbSI6MTAwMCwidG8iOjE1MDAwMH0&localPriority=1&q=watch&p=18
2026-03-29 23:12:24.481 | INFO     | __main__:parse:130 - Объявлений до фильтров: 50
2026-03-29 23:12:24.496 | INFO     | filters.ads_filter:apply:116 - После фильтрации _filter_by_price_range осталось 50
2026-03-29 23:12:24.501 | INFO     | filters.ads_filter:apply:116 - После фильтрации _filter_watch_accessories осталось 50
2026-03-29 23:12:24.504 | INFO     | __main__:parse:145 - После фильтров: 50
2026-03-29 23:12:24.505 | INFO     | __main__:parse:153 - Новых объявлений на странице: 43
2026-03-29 23:12:24.507 | DEBUG    | __main__:get_next_page_url:324 - Страница 18
2026-03-29 23:12:24.509 | INFO     | __main__:parse:173 - Пауза 4 сек.
2026-03-29 23:12:28.512 | INFO     | __main__:parse:97 - page=19 url=https://www.avito.ru/moskva_i_mo/chasy_i_ukrasheniya/chasy/smart/smart_chasi-ASgBAgICA0TQAYYGhNgR_paHA4jYEY6XhwM?cd=1&f=ASgBAgECBkTQAYYG5rwN8tE08ooOpIKUAeSODpKfzgGE2BH~locDiNgRjpeHAwFFxpoMGXsiZnJvbSI6MTAwMCwidG8iOjE1MDAwMH0&localPriority=1&q=watch&p=19
2026-03-29 23:12:29.052 | WARNING  | parser.http.client:request:84 - Blocked request (429), attempt 1
2026-03-29 23:12:36.456 | WARNING  | parser.http.client:request:84 - Blocked request (429), attempt 2
2026-03-29 23:12:44.888 | WARNING  | parser.http.client:request:84 - Blocked request (429), attempt 3
2026-03-29 23:12:44.890 | WARNING  | parser.http.client:request:90 - Block threshold reached, handling block
2026-03-29 23:12:55.811 | WARNING  | parser.http.client:request:84 - Blocked request (429), attempt 1
2026-03-29 23:13:03.649 | WARNING  | parser.http.client:request:84 - Blocked request (429), attempt 2
2026-03-29 23:13:11.364 | WARNING  | __main__:fetch_data:79 - Ошибка при запросе https://www.avito.ru/moskva_i_mo/chasy_i_ukrasheniya/chasy/smart/smart_chasi-ASgBAgICA0TQAYYGhNgR_paHA4jYEY6XhwM?cd=1&f=ASgBAgECBkTQAYYG5rwN8tE08ooOpIKUAeSODpKfzgGE2BH~locDiNgRjpeHAwFFxpoMGXsiZnJvbSI6MTAwMCwidG8iOjE1MDAwMH0&localPriority=1&q=watch&p=19: HTTP request failed after retries
2026-03-29 23:13:11.369 | WARNING  | __main__:parse:109 - Не удалось получить HTML для https://www.avito.ru/moskva_i_mo/chasy_i_ukrasheniya/chasy/smart/smart_chasi-ASgBAgICA0TQAYYGhNgR_paHA4jYEY6XhwM?cd=1&f=ASgBAgECBkTQAYYG5rwN8tE08ooOpIKUAeSODpKfzgGE2BH~locDiNgRjpeHAwFFxpoMGXsiZnJvbSI6MTAwMCwidG8iOjE1MDAwMH0&localPriority=1&q=watch&p=19, попытка 1
2026-03-29 23:13:15.373 | INFO     | __main__:parse:97 - page=19 url=https://www.avito.ru/moskva_i_mo/chasy_i_ukrasheniya/chasy/smart/smart_chasi-ASgBAgICA0TQAYYGhNgR_paHA4jYEY6XhwM?cd=1&f=ASgBAgECBkTQAYYG5rwN8tE08ooOpIKUAeSODpKfzgGE2BH~locDiNgRjpeHAwFFxpoMGXsiZnJvbSI6MTAwMCwidG8iOjE1MDAwMH0&localPriority=1&q=watch&p=19
2026-03-29 23:13:16.176 | WARNING  | parser.http.client:request:84 - Blocked request (429), attempt 3
2026-03-29 23:13:16.179 | WARNING  | parser.http.client:request:90 - Block threshold reached, handling block
2026-03-29 23:13:28.091 | INFO     | __main__:parse:130 - Объявлений до фильтров: 50
2026-03-29 23:13:28.108 | INFO     | filters.ads_filter:apply:116 - После фильтрации _filter_by_price_range осталось 50
2026-03-29 23:13:28.111 | INFO     | filters.ads_filter:apply:116 - После фильтрации _filter_watch_accessories осталось 50
2026-03-29 23:13:28.113 | INFO     | __main__:parse:145 - После фильтров: 50
2026-03-29 23:13:28.115 | INFO     | __main__:parse:153 - Новых объявлений на странице: 26
2026-03-29 23:13:28.117 | DEBUG    | __main__:get_next_page_url:324 - Страница 19
2026-03-29 23:13:28.119 | INFO     | __main__:parse:173 - Пауза 4 сек.
2026-03-29 23:13:32.125 | INFO     | __main__:parse:97 - page=20 url=https://www.avito.ru/moskva_i_mo/chasy_i_ukrasheniya/chasy/smart/smart_chasi-ASgBAgICA0TQAYYGhNgR_paHA4jYEY6XhwM?cd=1&f=ASgBAgECBkTQAYYG5rwN8tE08ooOpIKUAeSODpKfzgGE2BH~locDiNgRjpeHAwFFxpoMGXsiZnJvbSI6MTAwMCwidG8iOjE1MDAwMH0&localPriority=1&q=watch&p=20
2026-03-29 23:13:34.710 | INFO     | __main__:parse:130 - Объявлений до фильтров: 50
2026-03-29 23:13:34.725 | INFO     | filters.ads_filter:apply:116 - После фильтрации _filter_by_price_range осталось 50
2026-03-29 23:13:34.729 | INFO     | filters.ads_filter:apply:116 - После фильтрации _filter_watch_accessories осталось 49
2026-03-29 23:13:34.732 | INFO     | __main__:parse:145 - После фильтров: 49
2026-03-29 23:13:34.733 | INFO     | __main__:parse:153 - Новых объявлений на странице: 24
2026-03-29 23:13:34.735 | INFO     | __main__:parse:162 - Достигнут лимит страниц count=20
2026-03-29 23:13:34.736 | INFO     | __main__:parse:176 - По ссылке собрано объявлений: 747
2026-03-29 23:13:34.741 | INFO     | __main__:parse:86 - Начинаю парсинг ссылки: https://www.avito.ru/moskva_i_mo/chasy_i_ukrasheniya/chasy/smart/smart_chasi-ASgBAgICA0TQAYYGhNgR_paHA4jYEY6XhwM?cd=1&f=ASgBAgECBkTQAYYG5rwN8tE08ooOpIKUAeSODpqbzgGE2BH~locDiNgRjpeHAwFFxpoMGXsiZnJvbSI6MTAwMCwidG8iOjE1MDAwMH0&localPriority=1&q=watch
2026-03-29 23:13:34.744 | INFO     | __main__:parse:97 - page=1 url=https://www.avito.ru/moskva_i_mo/chasy_i_ukrasheniya/chasy/smart/smart_chasi-ASgBAgICA0TQAYYGhNgR_paHA4jYEY6XhwM?cd=1&f=ASgBAgECBkTQAYYG5rwN8tE08ooOpIKUAeSODpqbzgGE2BH~locDiNgRjpeHAwFFxpoMGXsiZnJvbSI6MTAwMCwidG8iOjE1MDAwMH0&localPriority=1&q=watch
2026-03-29 23:13:38.319 | INFO     | __main__:parse:130 - Объявлений до фильтров: 50
2026-03-29 23:13:38.337 | INFO     | filters.ads_filter:apply:116 - После фильтрации _filter_by_price_range осталось 50
2026-03-29 23:13:38.340 | INFO     | filters.ads_filter:apply:116 - После фильтрации _filter_watch_accessories осталось 36
2026-03-29 23:13:38.343 | INFO     | __main__:parse:145 - После фильтров: 36
2026-03-29 23:13:38.347 | INFO     | __main__:parse:153 - Новых объявлений на странице: 36
2026-03-29 23:13:38.349 | DEBUG    | __main__:get_next_page_url:324 - Страница 1
2026-03-29 23:13:38.351 | INFO     | __main__:parse:173 - Пауза 4 сек.
2026-03-29 23:13:42.353 | INFO     | __main__:parse:97 - page=2 url=https://www.avito.ru/moskva_i_mo/chasy_i_ukrasheniya/chasy/smart/smart_chasi-ASgBAgICA0TQAYYGhNgR_paHA4jYEY6XhwM?cd=1&f=ASgBAgECBkTQAYYG5rwN8tE08ooOpIKUAeSODpqbzgGE2BH~locDiNgRjpeHAwFFxpoMGXsiZnJvbSI6MTAwMCwidG8iOjE1MDAwMH0&localPriority=1&q=watch&p=2
2026-03-29 23:13:44.901 | INFO     | __main__:parse:130 - Объявлений до фильтров: 50
2026-03-29 23:13:44.918 | INFO     | filters.ads_filter:apply:116 - После фильтрации _filter_by_price_range осталось 50
2026-03-29 23:13:44.924 | INFO     | filters.ads_filter:apply:116 - После фильтрации _filter_watch_accessories осталось 42
2026-03-29 23:13:44.926 | INFO     | __main__:parse:145 - После фильтров: 42
2026-03-29 23:13:44.928 | INFO     | __main__:parse:153 - Новых объявлений на странице: 41
2026-03-29 23:13:44.930 | DEBUG    | __main__:get_next_page_url:324 - Страница 2
2026-03-29 23:13:44.932 | INFO     | __main__:parse:173 - Пауза 4 сек.
2026-03-29 23:13:48.935 | INFO     | __main__:parse:97 - page=3 url=https://www.avito.ru/moskva_i_mo/chasy_i_ukrasheniya/chasy/smart/smart_chasi-ASgBAgICA0TQAYYGhNgR_paHA4jYEY6XhwM?cd=1&f=ASgBAgECBkTQAYYG5rwN8tE08ooOpIKUAeSODpqbzgGE2BH~locDiNgRjpeHAwFFxpoMGXsiZnJvbSI6MTAwMCwidG8iOjE1MDAwMH0&localPriority=1&q=watch&p=3
2026-03-29 23:13:49.509 | WARNING  | parser.http.client:request:84 - Blocked request (429), attempt 1
2026-03-29 23:13:57.686 | WARNING  | parser.http.client:request:84 - Blocked request (429), attempt 2
2026-03-29 23:14:05.555 | WARNING  | parser.http.client:request:84 - Blocked request (429), attempt 3
2026-03-29 23:14:05.558 | WARNING  | parser.http.client:request:90 - Block threshold reached, handling block
2026-03-29 23:14:15.604 | WARNING  | __main__:fetch_data:79 - Ошибка при запросе https://www.avito.ru/moskva_i_mo/chasy_i_ukrasheniya/chasy/smart/smart_chasi-ASgBAgICA0TQAYYGhNgR_paHA4jYEY6XhwM?cd=1&f=ASgBAgECBkTQAYYG5rwN8tE08ooOpIKUAeSODpqbzgGE2BH~locDiNgRjpeHAwFFxpoMGXsiZnJvbSI6MTAwMCwidG8iOjE1MDAwMH0&localPriority=1&q=watch&p=3: HTTPSConnectionPool(host='changeip.mobileproxy.space', port=443): Read timed out. (read timeout=10)
2026-03-29 23:14:15.608 | WARNING  | __main__:parse:109 - Не удалось получить HTML для https://www.avito.ru/moskva_i_mo/chasy_i_ukrasheniya/chasy/smart/smart_chasi-ASgBAgICA0TQAYYGhNgR_paHA4jYEY6XhwM?cd=1&f=ASgBAgECBkTQAYYG5rwN8tE08ooOpIKUAeSODpqbzgGE2BH~locDiNgRjpeHAwFFxpoMGXsiZnJvbSI6MTAwMCwidG8iOjE1MDAwMH0&localPriority=1&q=watch&p=3, попытка 1
2026-03-29 23:14:19.612 | INFO     | __main__:parse:97 - page=3 url=https://www.avito.ru/moskva_i_mo/chasy_i_ukrasheniya/chasy/smart/smart_chasi-ASgBAgICA0TQAYYGhNgR_paHA4jYEY6XhwM?cd=1&f=ASgBAgECBkTQAYYG5rwN8tE08ooOpIKUAeSODpqbzgGE2BH~locDiNgRjpeHAwFFxpoMGXsiZnJvbSI6MTAwMCwidG8iOjE1MDAwMH0&localPriority=1&q=watch&p=3
2026-03-29 23:14:22.428 | INFO     | __main__:parse:130 - Объявлений до фильтров: 50
2026-03-29 23:14:22.444 | INFO     | filters.ads_filter:apply:116 - После фильтрации _filter_by_price_range осталось 50
2026-03-29 23:14:22.447 | INFO     | filters.ads_filter:apply:116 - После фильтрации _filter_watch_accessories осталось 46
2026-03-29 23:14:22.449 | INFO     | __main__:parse:145 - После фильтров: 46
2026-03-29 23:14:22.452 | INFO     | __main__:parse:153 - Новых объявлений на странице: 46
2026-03-29 23:14:22.457 | DEBUG    | __main__:get_next_page_url:324 - Страница 3
2026-03-29 23:14:22.459 | INFO     | __main__:parse:173 - Пауза 4 сек.
2026-03-29 23:14:26.461 | INFO     | __main__:parse:97 - page=4 url=https://www.avito.ru/moskva_i_mo/chasy_i_ukrasheniya/chasy/smart/smart_chasi-ASgBAgICA0TQAYYGhNgR_paHA4jYEY6XhwM?cd=1&f=ASgBAgECBkTQAYYG5rwN8tE08ooOpIKUAeSODpqbzgGE2BH~locDiNgRjpeHAwFFxpoMGXsiZnJvbSI6MTAwMCwidG8iOjE1MDAwMH0&localPriority=1&q=watch&p=4
2026-03-29 23:14:29.418 | INFO     | __main__:parse:130 - Объявлений до фильтров: 50
2026-03-29 23:14:29.435 | INFO     | filters.ads_filter:apply:116 - После фильтрации _filter_by_price_range осталось 50
2026-03-29 23:14:29.439 | INFO     | filters.ads_filter:apply:116 - После фильтрации _filter_watch_accessories осталось 44
2026-03-29 23:14:29.441 | INFO     | __main__:parse:145 - После фильтров: 44
2026-03-29 23:14:29.443 | INFO     | __main__:parse:153 - Новых объявлений на странице: 44
2026-03-29 23:14:29.447 | DEBUG    | __main__:get_next_page_url:324 - Страница 4
2026-03-29 23:14:29.450 | INFO     | __main__:parse:173 - Пауза 4 сек.
2026-03-29 23:14:33.452 | INFO     | __main__:parse:97 - page=5 url=https://www.avito.ru/moskva_i_mo/chasy_i_ukrasheniya/chasy/smart/smart_chasi-ASgBAgICA0TQAYYGhNgR_paHA4jYEY6XhwM?cd=1&f=ASgBAgECBkTQAYYG5rwN8tE08ooOpIKUAeSODpqbzgGE2BH~locDiNgRjpeHAwFFxpoMGXsiZnJvbSI6MTAwMCwidG8iOjE1MDAwMH0&localPriority=1&q=watch&p=5
2026-03-29 23:14:37.448 | INFO     | __main__:parse:130 - Объявлений до фильтров: 50
2026-03-29 23:14:37.464 | INFO     | filters.ads_filter:apply:116 - После фильтрации _filter_by_price_range осталось 50
2026-03-29 23:14:37.468 | INFO     | filters.ads_filter:apply:116 - После фильтрации _filter_watch_accessories осталось 46
2026-03-29 23:14:37.470 | INFO     | __main__:parse:145 - После фильтров: 46
2026-03-29 23:14:37.472 | INFO     | __main__:parse:153 - Новых объявлений на странице: 39
2026-03-29 23:14:37.473 | DEBUG    | __main__:get_next_page_url:324 - Страница 5
2026-03-29 23:14:37.475 | INFO     | __main__:parse:173 - Пауза 4 сек.
2026-03-29 23:14:41.477 | INFO     | __main__:parse:97 - page=6 url=https://www.avito.ru/moskva_i_mo/chasy_i_ukrasheniya/chasy/smart/smart_chasi-ASgBAgICA0TQAYYGhNgR_paHA4jYEY6XhwM?cd=1&f=ASgBAgECBkTQAYYG5rwN8tE08ooOpIKUAeSODpqbzgGE2BH~locDiNgRjpeHAwFFxpoMGXsiZnJvbSI6MTAwMCwidG8iOjE1MDAwMH0&localPriority=1&q=watch&p=6
2026-03-29 23:14:44.085 | INFO     | __main__:parse:130 - Объявлений до фильтров: 50
2026-03-29 23:14:44.101 | INFO     | filters.ads_filter:apply:116 - После фильтрации _filter_by_price_range осталось 50
2026-03-29 23:14:44.105 | INFO     | filters.ads_filter:apply:116 - После фильтрации _filter_watch_accessories осталось 46
2026-03-29 23:14:44.108 | INFO     | __main__:parse:145 - После фильтров: 46
2026-03-29 23:14:44.109 | INFO     | __main__:parse:153 - Новых объявлений на странице: 45
2026-03-29 23:14:44.111 | DEBUG    | __main__:get_next_page_url:324 - Страница 6
2026-03-29 23:14:44.113 | INFO     | __main__:parse:173 - Пауза 4 сек.
2026-03-29 23:14:48.119 | INFO     | __main__:parse:97 - page=7 url=https://www.avito.ru/moskva_i_mo/chasy_i_ukrasheniya/chasy/smart/smart_chasi-ASgBAgICA0TQAYYGhNgR_paHA4jYEY6XhwM?cd=1&f=ASgBAgECBkTQAYYG5rwN8tE08ooOpIKUAeSODpqbzgGE2BH~locDiNgRjpeHAwFFxpoMGXsiZnJvbSI6MTAwMCwidG8iOjE1MDAwMH0&localPriority=1&q=watch&p=7
2026-03-29 23:14:48.712 | WARNING  | parser.http.client:request:84 - Blocked request (429), attempt 1
2026-03-29 23:14:58.107 | WARNING  | parser.http.client:request:84 - Blocked request (429), attempt 2
2026-03-29 23:15:06.289 | WARNING  | parser.http.client:request:84 - Blocked request (429), attempt 3
2026-03-29 23:15:06.291 | WARNING  | parser.http.client:request:90 - Block threshold reached, handling block
2026-03-29 23:15:21.677 | INFO     | __main__:parse:130 - Объявлений до фильтров: 50
2026-03-29 23:15:21.692 | INFO     | filters.ads_filter:apply:116 - После фильтрации _filter_by_price_range осталось 50
2026-03-29 23:15:21.695 | INFO     | filters.ads_filter:apply:116 - После фильтрации _filter_watch_accessories осталось 43
2026-03-29 23:15:21.697 | INFO     | __main__:parse:145 - После фильтров: 43
2026-03-29 23:15:21.699 | INFO     | __main__:parse:153 - Новых объявлений на странице: 43
2026-03-29 23:15:21.700 | DEBUG    | __main__:get_next_page_url:324 - Страница 7
2026-03-29 23:15:21.705 | INFO     | __main__:parse:173 - Пауза 4 сек.
2026-03-29 23:15:25.708 | INFO     | __main__:parse:97 - page=8 url=https://www.avito.ru/moskva_i_mo/chasy_i_ukrasheniya/chasy/smart/smart_chasi-ASgBAgICA0TQAYYGhNgR_paHA4jYEY6XhwM?cd=1&f=ASgBAgECBkTQAYYG5rwN8tE08ooOpIKUAeSODpqbzgGE2BH~locDiNgRjpeHAwFFxpoMGXsiZnJvbSI6MTAwMCwidG8iOjE1MDAwMH0&localPriority=1&q=watch&p=8
2026-03-29 23:15:29.297 | INFO     | __main__:parse:130 - Объявлений до фильтров: 50
2026-03-29 23:15:29.317 | INFO     | filters.ads_filter:apply:116 - После фильтрации _filter_by_price_range осталось 50
2026-03-29 23:15:29.320 | INFO     | filters.ads_filter:apply:116 - После фильтрации _filter_watch_accessories осталось 42
2026-03-29 23:15:29.325 | INFO     | __main__:parse:145 - После фильтров: 42
2026-03-29 23:15:29.326 | INFO     | __main__:parse:153 - Новых объявлений на странице: 39
2026-03-29 23:15:29.328 | DEBUG    | __main__:get_next_page_url:324 - Страница 8
2026-03-29 23:15:29.330 | INFO     | __main__:parse:173 - Пауза 4 сек.
2026-03-29 23:15:33.332 | INFO     | __main__:parse:97 - page=9 url=https://www.avito.ru/moskva_i_mo/chasy_i_ukrasheniya/chasy/smart/smart_chasi-ASgBAgICA0TQAYYGhNgR_paHA4jYEY6XhwM?cd=1&f=ASgBAgECBkTQAYYG5rwN8tE08ooOpIKUAeSODpqbzgGE2BH~locDiNgRjpeHAwFFxpoMGXsiZnJvbSI6MTAwMCwidG8iOjE1MDAwMH0&localPriority=1&q=watch&p=9
2026-03-29 23:15:36.970 | INFO     | __main__:parse:130 - Объявлений до фильтров: 50
2026-03-29 23:15:36.990 | INFO     | filters.ads_filter:apply:116 - После фильтрации _filter_by_price_range осталось 50
2026-03-29 23:15:36.995 | INFO     | filters.ads_filter:apply:116 - После фильтрации _filter_watch_accessories осталось 42
2026-03-29 23:15:37.001 | INFO     | __main__:parse:145 - После фильтров: 42
2026-03-29 23:15:37.004 | INFO     | __main__:parse:153 - Новых объявлений на странице: 25
2026-03-29 23:15:37.009 | DEBUG    | __main__:get_next_page_url:324 - Страница 9
2026-03-29 23:15:37.017 | INFO     | __main__:parse:173 - Пауза 4 сек.
2026-03-29 23:15:41.020 | INFO     | __main__:parse:97 - page=10 url=https://www.avito.ru/moskva_i_mo/chasy_i_ukrasheniya/chasy/smart/smart_chasi-ASgBAgICA0TQAYYGhNgR_paHA4jYEY6XhwM?cd=1&f=ASgBAgECBkTQAYYG5rwN8tE08ooOpIKUAeSODpqbzgGE2BH~locDiNgRjpeHAwFFxpoMGXsiZnJvbSI6MTAwMCwidG8iOjE1MDAwMH0&localPriority=1&q=watch&p=10
2026-03-29 23:15:41.704 | WARNING  | parser.http.client:request:84 - Blocked request (429), attempt 1
2026-03-29 23:15:49.126 | WARNING  | parser.http.client:request:84 - Blocked request (429), attempt 2
2026-03-29 23:15:57.636 | WARNING  | parser.http.client:request:84 - Blocked request (429), attempt 3
2026-03-29 23:15:57.639 | WARNING  | parser.http.client:request:90 - Block threshold reached, handling block
2026-03-29 23:16:07.695 | WARNING  | __main__:fetch_data:79 - Ошибка при запросе https://www.avito.ru/moskva_i_mo/chasy_i_ukrasheniya/chasy/smart/smart_chasi-ASgBAgICA0TQAYYGhNgR_paHA4jYEY6XhwM?cd=1&f=ASgBAgECBkTQAYYG5rwN8tE08ooOpIKUAeSODpqbzgGE2BH~locDiNgRjpeHAwFFxpoMGXsiZnJvbSI6MTAwMCwidG8iOjE1MDAwMH0&localPriority=1&q=watch&p=10: HTTPSConnectionPool(host='changeip.mobileproxy.space', port=443): Read timed out. (read timeout=10)
2026-03-29 23:16:07.701 | WARNING  | __main__:parse:109 - Не удалось получить HTML для https://www.avito.ru/moskva_i_mo/chasy_i_ukrasheniya/chasy/smart/smart_chasi-ASgBAgICA0TQAYYGhNgR_paHA4jYEY6XhwM?cd=1&f=ASgBAgECBkTQAYYG5rwN8tE08ooOpIKUAeSODpqbzgGE2BH~locDiNgRjpeHAwFFxpoMGXsiZnJvbSI6MTAwMCwidG8iOjE1MDAwMH0&localPriority=1&q=watch&p=10, попытка 1
2026-03-29 23:16:11.705 | INFO     | __main__:parse:97 - page=10 url=https://www.avito.ru/moskva_i_mo/chasy_i_ukrasheniya/chasy/smart/smart_chasi-ASgBAgICA0TQAYYGhNgR_paHA4jYEY6XhwM?cd=1&f=ASgBAgECBkTQAYYG5rwN8tE08ooOpIKUAeSODpqbzgGE2BH~locDiNgRjpeHAwFFxpoMGXsiZnJvbSI6MTAwMCwidG8iOjE1MDAwMH0&localPriority=1&q=watch&p=10
2026-03-29 23:16:14.282 | INFO     | __main__:parse:130 - Объявлений до фильтров: 50
2026-03-29 23:16:14.300 | INFO     | filters.ads_filter:apply:116 - После фильтрации _filter_by_price_range осталось 50
2026-03-29 23:16:14.302 | INFO     | filters.ads_filter:apply:116 - После фильтрации _filter_watch_accessories осталось 44
2026-03-29 23:16:14.308 | INFO     | __main__:parse:145 - После фильтров: 44
2026-03-29 23:16:14.312 | INFO     | __main__:parse:153 - Новых объявлений на странице: 44
2026-03-29 23:16:14.315 | DEBUG    | __main__:get_next_page_url:324 - Страница 10
2026-03-29 23:16:14.316 | INFO     | __main__:parse:173 - Пауза 4 сек.
2026-03-29 23:16:18.324 | INFO     | __main__:parse:97 - page=11 url=https://www.avito.ru/moskva_i_mo/chasy_i_ukrasheniya/chasy/smart/smart_chasi-ASgBAgICA0TQAYYGhNgR_paHA4jYEY6XhwM?cd=1&f=ASgBAgECBkTQAYYG5rwN8tE08ooOpIKUAeSODpqbzgGE2BH~locDiNgRjpeHAwFFxpoMGXsiZnJvbSI6MTAwMCwidG8iOjE1MDAwMH0&localPriority=1&q=watch&p=11
2026-03-29 23:16:20.766 | INFO     | __main__:parse:130 - Объявлений до фильтров: 50
2026-03-29 23:16:20.784 | INFO     | filters.ads_filter:apply:116 - После фильтрации _filter_by_price_range осталось 50
2026-03-29 23:16:20.788 | INFO     | filters.ads_filter:apply:116 - После фильтрации _filter_watch_accessories осталось 42
2026-03-29 23:16:20.790 | INFO     | __main__:parse:145 - После фильтров: 42
2026-03-29 23:16:20.796 | INFO     | __main__:parse:153 - Новых объявлений на странице: 23
2026-03-29 23:16:20.798 | DEBUG    | __main__:get_next_page_url:324 - Страница 11
2026-03-29 23:16:20.801 | INFO     | __main__:parse:173 - Пауза 4 сек.
2026-03-29 23:16:24.803 | INFO     | __main__:parse:97 - page=12 url=https://www.avito.ru/moskva_i_mo/chasy_i_ukrasheniya/chasy/smart/smart_chasi-ASgBAgICA0TQAYYGhNgR_paHA4jYEY6XhwM?cd=1&f=ASgBAgECBkTQAYYG5rwN8tE08ooOpIKUAeSODpqbzgGE2BH~locDiNgRjpeHAwFFxpoMGXsiZnJvbSI6MTAwMCwidG8iOjE1MDAwMH0&localPriority=1&q=watch&p=12
2026-03-29 23:16:27.094 | INFO     | __main__:parse:130 - Объявлений до фильтров: 50
2026-03-29 23:16:27.112 | INFO     | filters.ads_filter:apply:116 - После фильтрации _filter_by_price_range осталось 50
2026-03-29 23:16:27.114 | INFO     | filters.ads_filter:apply:116 - После фильтрации _filter_watch_accessories осталось 38
2026-03-29 23:16:27.116 | INFO     | __main__:parse:145 - После фильтров: 38
2026-03-29 23:16:27.118 | INFO     | __main__:parse:153 - Новых объявлений на странице: 35
2026-03-29 23:16:27.119 | DEBUG    | __main__:get_next_page_url:324 - Страница 12
2026-03-29 23:16:27.125 | INFO     | __main__:parse:173 - Пауза 4 сек.
2026-03-29 23:16:31.128 | INFO     | __main__:parse:97 - page=13 url=https://www.avito.ru/moskva_i_mo/chasy_i_ukrasheniya/chasy/smart/smart_chasi-ASgBAgICA0TQAYYGhNgR_paHA4jYEY6XhwM?cd=1&f=ASgBAgECBkTQAYYG5rwN8tE08ooOpIKUAeSODpqbzgGE2BH~locDiNgRjpeHAwFFxpoMGXsiZnJvbSI6MTAwMCwidG8iOjE1MDAwMH0&localPriority=1&q=watch&p=13
2026-03-29 23:16:33.836 | WARNING  | parser.http.client:request:84 - Blocked request (429), attempt 1
2026-03-29 23:16:42.051 | WARNING  | parser.http.client:request:84 - Blocked request (429), attempt 2
2026-03-29 23:16:49.532 | WARNING  | parser.http.client:request:84 - Blocked request (429), attempt 3
2026-03-29 23:16:49.534 | WARNING  | parser.http.client:request:90 - Block threshold reached, handling block
2026-03-29 23:17:03.893 | INFO     | __main__:parse:130 - Объявлений до фильтров: 50
2026-03-29 23:17:03.915 | INFO     | filters.ads_filter:apply:116 - После фильтрации _filter_by_price_range осталось 50
2026-03-29 23:17:03.917 | INFO     | filters.ads_filter:apply:116 - После фильтрации _filter_watch_accessories осталось 38
2026-03-29 23:17:03.918 | INFO     | __main__:parse:145 - После фильтров: 38
2026-03-29 23:17:03.920 | INFO     | __main__:parse:153 - Новых объявлений на странице: 34
2026-03-29 23:17:03.921 | DEBUG    | __main__:get_next_page_url:324 - Страница 13
2026-03-29 23:17:03.925 | INFO     | __main__:parse:173 - Пауза 4 сек.
2026-03-29 23:17:07.929 | INFO     | __main__:parse:97 - page=14 url=https://www.avito.ru/moskva_i_mo/chasy_i_ukrasheniya/chasy/smart/smart_chasi-ASgBAgICA0TQAYYGhNgR_paHA4jYEY6XhwM?cd=1&f=ASgBAgECBkTQAYYG5rwN8tE08ooOpIKUAeSODpqbzgGE2BH~locDiNgRjpeHAwFFxpoMGXsiZnJvbSI6MTAwMCwidG8iOjE1MDAwMH0&localPriority=1&q=watch&p=14
2026-03-29 23:17:10.155 | INFO     | __main__:parse:130 - Объявлений до фильтров: 50
2026-03-29 23:17:10.171 | INFO     | filters.ads_filter:apply:116 - После фильтрации _filter_by_price_range осталось 50
2026-03-29 23:17:10.174 | INFO     | filters.ads_filter:apply:116 - После фильтрации _filter_watch_accessories осталось 41
2026-03-29 23:17:10.177 | INFO     | __main__:parse:145 - После фильтров: 41
2026-03-29 23:17:10.178 | INFO     | __main__:parse:153 - Новых объявлений на странице: 31
2026-03-29 23:17:10.180 | DEBUG    | __main__:get_next_page_url:324 - Страница 14
2026-03-29 23:17:10.182 | INFO     | __main__:parse:173 - Пауза 4 сек.
2026-03-29 23:17:14.184 | INFO     | __main__:parse:97 - page=15 url=https://www.avito.ru/moskva_i_mo/chasy_i_ukrasheniya/chasy/smart/smart_chasi-ASgBAgICA0TQAYYGhNgR_paHA4jYEY6XhwM?cd=1&f=ASgBAgECBkTQAYYG5rwN8tE08ooOpIKUAeSODpqbzgGE2BH~locDiNgRjpeHAwFFxpoMGXsiZnJvbSI6MTAwMCwidG8iOjE1MDAwMH0&localPriority=1&q=watch&p=15
2026-03-29 23:17:16.666 | INFO     | __main__:parse:130 - Объявлений до фильтров: 50
2026-03-29 23:17:16.682 | INFO     | filters.ads_filter:apply:116 - После фильтрации _filter_by_price_range осталось 50
2026-03-29 23:17:16.688 | INFO     | filters.ads_filter:apply:116 - После фильтрации _filter_watch_accessories осталось 34
2026-03-29 23:17:16.690 | INFO     | __main__:parse:145 - После фильтров: 34
2026-03-29 23:17:16.695 | INFO     | __main__:parse:153 - Новых объявлений на странице: 19
2026-03-29 23:17:16.697 | DEBUG    | __main__:get_next_page_url:324 - Страница 15
2026-03-29 23:17:16.702 | INFO     | __main__:parse:173 - Пауза 4 сек.
2026-03-29 23:17:20.706 | INFO     | __main__:parse:97 - page=16 url=https://www.avito.ru/moskva_i_mo/chasy_i_ukrasheniya/chasy/smart/smart_chasi-ASgBAgICA0TQAYYGhNgR_paHA4jYEY6XhwM?cd=1&f=ASgBAgECBkTQAYYG5rwN8tE08ooOpIKUAeSODpqbzgGE2BH~locDiNgRjpeHAwFFxpoMGXsiZnJvbSI6MTAwMCwidG8iOjE1MDAwMH0&localPriority=1&q=watch&p=16
2026-03-29 23:17:21.391 | WARNING  | parser.http.client:request:84 - Blocked request (429), attempt 1
2026-03-29 23:17:29.521 | WARNING  | parser.http.client:request:84 - Blocked request (429), attempt 2
2026-03-29 23:17:36.532 | WARNING  | parser.http.client:request:84 - Blocked request (429), attempt 3
2026-03-29 23:17:36.535 | WARNING  | parser.http.client:request:90 - Block threshold reached, handling block
2026-03-29 23:17:49.515 | INFO     | __main__:parse:130 - Объявлений до фильтров: 50
2026-03-29 23:17:49.529 | INFO     | filters.ads_filter:apply:116 - После фильтрации _filter_by_price_range осталось 50
2026-03-29 23:17:49.532 | INFO     | filters.ads_filter:apply:116 - После фильтрации _filter_watch_accessories осталось 39
2026-03-29 23:17:49.535 | INFO     | __main__:parse:145 - После фильтров: 39
2026-03-29 23:17:49.537 | INFO     | __main__:parse:153 - Новых объявлений на странице: 31
2026-03-29 23:17:49.539 | DEBUG    | __main__:get_next_page_url:324 - Страница 16
2026-03-29 23:17:49.543 | INFO     | __main__:parse:173 - Пауза 4 сек.
2026-03-29 23:17:53.545 | INFO     | __main__:parse:97 - page=17 url=https://www.avito.ru/moskva_i_mo/chasy_i_ukrasheniya/chasy/smart/smart_chasi-ASgBAgICA0TQAYYGhNgR_paHA4jYEY6XhwM?cd=1&f=ASgBAgECBkTQAYYG5rwN8tE08ooOpIKUAeSODpqbzgGE2BH~locDiNgRjpeHAwFFxpoMGXsiZnJvbSI6MTAwMCwidG8iOjE1MDAwMH0&localPriority=1&q=watch&p=17
2026-03-29 23:17:56.179 | INFO     | __main__:parse:130 - Объявлений до фильтров: 50
2026-03-29 23:17:56.196 | INFO     | filters.ads_filter:apply:116 - После фильтрации _filter_by_price_range осталось 50
2026-03-29 23:17:56.199 | INFO     | filters.ads_filter:apply:116 - После фильтрации _filter_watch_accessories осталось 42
2026-03-29 23:17:56.202 | INFO     | __main__:parse:145 - После фильтров: 42
2026-03-29 23:17:56.207 | INFO     | __main__:parse:153 - Новых объявлений на странице: 27
2026-03-29 23:17:56.208 | DEBUG    | __main__:get_next_page_url:324 - Страница 17
2026-03-29 23:17:56.209 | INFO     | __main__:parse:173 - Пауза 4 сек.
2026-03-29 23:18:00.212 | INFO     | __main__:parse:97 - page=18 url=https://www.avito.ru/moskva_i_mo/chasy_i_ukrasheniya/chasy/smart/smart_chasi-ASgBAgICA0TQAYYGhNgR_paHA4jYEY6XhwM?cd=1&f=ASgBAgECBkTQAYYG5rwN8tE08ooOpIKUAeSODpqbzgGE2BH~locDiNgRjpeHAwFFxpoMGXsiZnJvbSI6MTAwMCwidG8iOjE1MDAwMH0&localPriority=1&q=watch&p=18
2026-03-29 23:18:02.671 | INFO     | __main__:parse:130 - Объявлений до фильтров: 50
2026-03-29 23:18:02.687 | INFO     | filters.ads_filter:apply:116 - После фильтрации _filter_by_price_range осталось 50
2026-03-29 23:18:02.692 | INFO     | filters.ads_filter:apply:116 - После фильтрации _filter_watch_accessories осталось 38
2026-03-29 23:18:02.696 | INFO     | __main__:parse:145 - После фильтров: 38
2026-03-29 23:18:02.697 | INFO     | __main__:parse:153 - Новых объявлений на странице: 32
2026-03-29 23:18:02.699 | DEBUG    | __main__:get_next_page_url:324 - Страница 18
2026-03-29 23:18:02.701 | INFO     | __main__:parse:173 - Пауза 4 сек.
2026-03-29 23:18:06.707 | INFO     | __main__:parse:97 - page=19 url=https://www.avito.ru/moskva_i_mo/chasy_i_ukrasheniya/chasy/smart/smart_chasi-ASgBAgICA0TQAYYGhNgR_paHA4jYEY6XhwM?cd=1&f=ASgBAgECBkTQAYYG5rwN8tE08ooOpIKUAeSODpqbzgGE2BH~locDiNgRjpeHAwFFxpoMGXsiZnJvbSI6MTAwMCwidG8iOjE1MDAwMH0&localPriority=1&q=watch&p=19
2026-03-29 23:18:09.266 | INFO     | __main__:parse:130 - Объявлений до фильтров: 50
2026-03-29 23:18:09.283 | INFO     | filters.ads_filter:apply:116 - После фильтрации _filter_by_price_range осталось 50
2026-03-29 23:18:09.286 | INFO     | filters.ads_filter:apply:116 - После фильтрации _filter_watch_accessories осталось 41
2026-03-29 23:18:09.288 | INFO     | __main__:parse:145 - После фильтров: 41
2026-03-29 23:18:09.291 | INFO     | __main__:parse:153 - Новых объявлений на странице: 17
2026-03-29 23:18:09.295 | DEBUG    | __main__:get_next_page_url:324 - Страница 19
2026-03-29 23:18:09.297 | INFO     | __main__:parse:173 - Пауза 4 сек.
2026-03-29 23:18:13.300 | INFO     | __main__:parse:97 - page=20 url=https://www.avito.ru/moskva_i_mo/chasy_i_ukrasheniya/chasy/smart/smart_chasi-ASgBAgICA0TQAYYGhNgR_paHA4jYEY6XhwM?cd=1&f=ASgBAgECBkTQAYYG5rwN8tE08ooOpIKUAeSODpqbzgGE2BH~locDiNgRjpeHAwFFxpoMGXsiZnJvbSI6MTAwMCwidG8iOjE1MDAwMH0&localPriority=1&q=watch&p=20
2026-03-29 23:18:13.799 | WARNING  | parser.http.client:request:84 - Blocked request (429), attempt 1
2026-03-29 23:18:20.395 | WARNING  | parser.http.client:request:84 - Blocked request (429), attempt 2
2026-03-29 23:18:27.868 | WARNING  | parser.http.client:request:84 - Blocked request (429), attempt 3
2026-03-29 23:18:27.871 | WARNING  | parser.http.client:request:90 - Block threshold reached, handling block
2026-03-29 23:18:37.944 | WARNING  | __main__:fetch_data:79 - Ошибка при запросе https://www.avito.ru/moskva_i_mo/chasy_i_ukrasheniya/chasy/smart/smart_chasi-ASgBAgICA0TQAYYGhNgR_paHA4jYEY6XhwM?cd=1&f=ASgBAgECBkTQAYYG5rwN8tE08ooOpIKUAeSODpqbzgGE2BH~locDiNgRjpeHAwFFxpoMGXsiZnJvbSI6MTAwMCwidG8iOjE1MDAwMH0&localPriority=1&q=watch&p=20: HTTPSConnectionPool(host='changeip.mobileproxy.space', port=443): Read timed out. (read timeout=10)
2026-03-29 23:18:37.949 | WARNING  | __main__:parse:109 - Не удалось получить HTML для https://www.avito.ru/moskva_i_mo/chasy_i_ukrasheniya/chasy/smart/smart_chasi-ASgBAgICA0TQAYYGhNgR_paHA4jYEY6XhwM?cd=1&f=ASgBAgECBkTQAYYG5rwN8tE08ooOpIKUAeSODpqbzgGE2BH~locDiNgRjpeHAwFFxpoMGXsiZnJvbSI6MTAwMCwidG8iOjE1MDAwMH0&localPriority=1&q=watch&p=20, попытка 1
2026-03-29 23:18:41.953 | INFO     | __main__:parse:97 - page=20 url=https://www.avito.ru/moskva_i_mo/chasy_i_ukrasheniya/chasy/smart/smart_chasi-ASgBAgICA0TQAYYGhNgR_paHA4jYEY6XhwM?cd=1&f=ASgBAgECBkTQAYYG5rwN8tE08ooOpIKUAeSODpqbzgGE2BH~locDiNgRjpeHAwFFxpoMGXsiZnJvbSI6MTAwMCwidG8iOjE1MDAwMH0&localPriority=1&q=watch&p=20
2026-03-29 23:18:42.537 | WARNING  | parser.http.client:request:84 - Blocked request (429), attempt 4
2026-03-29 23:18:42.540 | WARNING  | parser.http.client:request:90 - Block threshold reached, handling block
2026-03-29 23:18:50.086 | WARNING  | parser.http.client:request:84 - Blocked request (429), attempt 1
2026-03-29 23:18:58.323 | WARNING  | parser.http.client:request:84 - Blocked request (429), attempt 2
2026-03-29 23:19:05.629 | WARNING  | parser.http.client:request:84 - Blocked request (429), attempt 3
2026-03-29 23:19:05.631 | WARNING  | parser.http.client:request:90 - Block threshold reached, handling block
2026-03-29 23:19:15.686 | WARNING  | __main__:fetch_data:79 - Ошибка при запросе https://www.avito.ru/moskva_i_mo/chasy_i_ukrasheniya/chasy/smart/smart_chasi-ASgBAgICA0TQAYYGhNgR_paHA4jYEY6XhwM?cd=1&f=ASgBAgECBkTQAYYG5rwN8tE08ooOpIKUAeSODpqbzgGE2BH~locDiNgRjpeHAwFFxpoMGXsiZnJvbSI6MTAwMCwidG8iOjE1MDAwMH0&localPriority=1&q=watch&p=20: HTTPSConnectionPool(host='changeip.mobileproxy.space', port=443): Read timed out. (read timeout=10)
2026-03-29 23:19:15.690 | WARNING  | __main__:parse:109 - Не удалось получить HTML для https://www.avito.ru/moskva_i_mo/chasy_i_ukrasheniya/chasy/smart/smart_chasi-ASgBAgICA0TQAYYGhNgR_paHA4jYEY6XhwM?cd=1&f=ASgBAgECBkTQAYYG5rwN8tE08ooOpIKUAeSODpqbzgGE2BH~locDiNgRjpeHAwFFxpoMGXsiZnJvbSI6MTAwMCwidG8iOjE1MDAwMH0&localPriority=1&q=watch&p=20, попытка 2
2026-03-29 23:19:19.693 | INFO     | __main__:parse:97 - page=20 url=https://www.avito.ru/moskva_i_mo/chasy_i_ukrasheniya/chasy/smart/smart_chasi-ASgBAgICA0TQAYYGhNgR_paHA4jYEY6XhwM?cd=1&f=ASgBAgECBkTQAYYG5rwN8tE08ooOpIKUAeSODpqbzgGE2BH~locDiNgRjpeHAwFFxpoMGXsiZnJvbSI6MTAwMCwidG8iOjE1MDAwMH0&localPriority=1&q=watch&p=20
2026-03-29 23:19:24.696 | INFO     | __main__:parse:130 - Объявлений до фильтров: 50
2026-03-29 23:19:24.711 | INFO     | filters.ads_filter:apply:116 - После фильтрации _filter_by_price_range осталось 50
2026-03-29 23:19:24.715 | INFO     | filters.ads_filter:apply:116 - После фильтрации _filter_watch_accessories осталось 39
2026-03-29 23:19:24.718 | INFO     | __main__:parse:145 - После фильтров: 39
2026-03-29 23:19:24.719 | INFO     | __main__:parse:153 - Новых объявлений на странице: 31
2026-03-29 23:19:24.721 | INFO     | __main__:parse:162 - Достигнут лимит страниц count=20
2026-03-29 23:19:24.722 | INFO     | __main__:parse:176 - По ссылке собрано объявлений: 682
2026-03-29 23:19:24.727 | INFO     | __main__:parse:86 - Начинаю парсинг ссылки: https://www.avito.ru/moskva_i_mo/chasy_i_ukrasheniya/chasy/smart/smart_chasi-ASgBAgICA0TQAYYGhNgR_paHA4jYEY6XhwM?cd=1&f=ASgBAgECBkTQAYYG5rwN8tE08ooOpIKUAeSODtKlzgGE2BH~locDiNgRjpeHAwFFxpoMGXsiZnJvbSI6MTAwMCwidG8iOjE1MDAwMH0&localPriority=1&q=watch
2026-03-29 23:19:24.731 | INFO     | __main__:parse:97 - page=1 url=https://www.avito.ru/moskva_i_mo/chasy_i_ukrasheniya/chasy/smart/smart_chasi-ASgBAgICA0TQAYYGhNgR_paHA4jYEY6XhwM?cd=1&f=ASgBAgECBkTQAYYG5rwN8tE08ooOpIKUAeSODtKlzgGE2BH~locDiNgRjpeHAwFFxpoMGXsiZnJvbSI6MTAwMCwidG8iOjE1MDAwMH0&localPriority=1&q=watch
2026-03-29 23:19:27.419 | INFO     | __main__:parse:130 - Объявлений до фильтров: 50
2026-03-29 23:19:27.436 | INFO     | filters.ads_filter:apply:116 - После фильтрации _filter_by_price_range осталось 50
2026-03-29 23:19:27.441 | INFO     | filters.ads_filter:apply:116 - После фильтрации _filter_watch_accessories осталось 48
2026-03-29 23:19:27.442 | INFO     | __main__:parse:145 - После фильтров: 48
2026-03-29 23:19:27.448 | INFO     | __main__:parse:153 - Новых объявлений на странице: 48
2026-03-29 23:19:27.450 | DEBUG    | __main__:get_next_page_url:324 - Страница 1
2026-03-29 23:19:27.452 | INFO     | __main__:parse:173 - Пауза 4 сек.
2026-03-29 23:19:31.454 | INFO     | __main__:parse:97 - page=2 url=https://www.avito.ru/moskva_i_mo/chasy_i_ukrasheniya/chasy/smart/smart_chasi-ASgBAgICA0TQAYYGhNgR_paHA4jYEY6XhwM?cd=1&f=ASgBAgECBkTQAYYG5rwN8tE08ooOpIKUAeSODtKlzgGE2BH~locDiNgRjpeHAwFFxpoMGXsiZnJvbSI6MTAwMCwidG8iOjE1MDAwMH0&localPriority=1&q=watch&p=2
2026-03-29 23:19:32.064 | WARNING  | parser.http.client:request:84 - Blocked request (429), attempt 1
2026-03-29 23:19:39.668 | WARNING  | parser.http.client:request:84 - Blocked request (429), attempt 2
2026-03-29 23:19:46.455 | WARNING  | parser.http.client:request:84 - Blocked request (429), attempt 3
2026-03-29 23:19:46.457 | WARNING  | parser.http.client:request:90 - Block threshold reached, handling block
2026-03-29 23:20:03.078 | INFO     | __main__:parse:130 - Объявлений до фильтров: 50
2026-03-29 23:20:03.094 | INFO     | filters.ads_filter:apply:116 - После фильтрации _filter_by_price_range осталось 50
2026-03-29 23:20:03.097 | INFO     | filters.ads_filter:apply:116 - После фильтрации _filter_watch_accessories осталось 47
2026-03-29 23:20:03.099 | INFO     | __main__:parse:145 - После фильтров: 47
2026-03-29 23:20:03.105 | INFO     | __main__:parse:153 - Новых объявлений на странице: 46
2026-03-29 23:20:03.108 | DEBUG    | __main__:get_next_page_url:324 - Страница 2
2026-03-29 23:20:03.111 | INFO     | __main__:parse:173 - Пауза 4 сек.
2026-03-29 23:20:07.114 | INFO     | __main__:parse:97 - page=3 url=https://www.avito.ru/moskva_i_mo/chasy_i_ukrasheniya/chasy/smart/smart_chasi-ASgBAgICA0TQAYYGhNgR_paHA4jYEY6XhwM?cd=1&f=ASgBAgECBkTQAYYG5rwN8tE08ooOpIKUAeSODtKlzgGE2BH~locDiNgRjpeHAwFFxpoMGXsiZnJvbSI6MTAwMCwidG8iOjE1MDAwMH0&localPriority=1&q=watch&p=3
2026-03-29 23:20:10.485 | INFO     | __main__:parse:130 - Объявлений до фильтров: 50
2026-03-29 23:20:10.500 | INFO     | filters.ads_filter:apply:116 - После фильтрации _filter_by_price_range осталось 50
2026-03-29 23:20:10.505 | INFO     | filters.ads_filter:apply:116 - После фильтрации _filter_watch_accessories осталось 46
2026-03-29 23:20:10.507 | INFO     | __main__:parse:145 - После фильтров: 46
2026-03-29 23:20:10.509 | INFO     | __main__:parse:153 - Новых объявлений на странице: 45
2026-03-29 23:20:10.511 | DEBUG    | __main__:get_next_page_url:324 - Страница 3
2026-03-29 23:20:10.513 | INFO     | __main__:parse:173 - Пауза 4 сек.
2026-03-29 23:20:14.514 | INFO     | __main__:parse:97 - page=4 url=https://www.avito.ru/moskva_i_mo/chasy_i_ukrasheniya/chasy/smart/smart_chasi-ASgBAgICA0TQAYYGhNgR_paHA4jYEY6XhwM?cd=1&f=ASgBAgECBkTQAYYG5rwN8tE08ooOpIKUAeSODtKlzgGE2BH~locDiNgRjpeHAwFFxpoMGXsiZnJvbSI6MTAwMCwidG8iOjE1MDAwMH0&localPriority=1&q=watch&p=4
2026-03-29 23:20:17.474 | INFO     | __main__:parse:130 - Объявлений до фильтров: 50
2026-03-29 23:20:17.493 | INFO     | filters.ads_filter:apply:116 - После фильтрации _filter_by_price_range осталось 50
2026-03-29 23:20:17.496 | INFO     | filters.ads_filter:apply:116 - После фильтрации _filter_watch_accessories осталось 46
2026-03-29 23:20:17.501 | INFO     | __main__:parse:145 - После фильтров: 46
2026-03-29 23:20:17.504 | INFO     | __main__:parse:153 - Новых объявлений на странице: 38
2026-03-29 23:20:17.507 | DEBUG    | __main__:get_next_page_url:324 - Страница 4
2026-03-29 23:20:17.510 | INFO     | __main__:parse:173 - Пауза 4 сек.
2026-03-29 23:20:21.514 | INFO     | __main__:parse:97 - page=5 url=https://www.avito.ru/moskva_i_mo/chasy_i_ukrasheniya/chasy/smart/smart_chasi-ASgBAgICA0TQAYYGhNgR_paHA4jYEY6XhwM?cd=1&f=ASgBAgECBkTQAYYG5rwN8tE08ooOpIKUAeSODtKlzgGE2BH~locDiNgRjpeHAwFFxpoMGXsiZnJvbSI6MTAwMCwidG8iOjE1MDAwMH0&localPriority=1&q=watch&p=5
2026-03-29 23:20:22.101 | WARNING  | parser.http.client:request:84 - Blocked request (429), attempt 1
2026-03-29 23:20:30.187 | WARNING  | parser.http.client:request:84 - Blocked request (429), attempt 2
2026-03-29 23:20:38.783 | WARNING  | parser.http.client:request:84 - Blocked request (429), attempt 3
2026-03-29 23:20:38.785 | WARNING  | parser.http.client:request:90 - Block threshold reached, handling block
2026-03-29 23:20:56.570 | INFO     | __main__:parse:130 - Объявлений до фильтров: 50
2026-03-29 23:20:56.584 | INFO     | filters.ads_filter:apply:116 - После фильтрации _filter_by_price_range осталось 50
2026-03-29 23:20:56.587 | INFO     | filters.ads_filter:apply:116 - После фильтрации _filter_watch_accessories осталось 48
2026-03-29 23:20:56.589 | INFO     | __main__:parse:145 - После фильтров: 48
2026-03-29 23:20:56.591 | INFO     | __main__:parse:153 - Новых объявлений на странице: 35
2026-03-29 23:20:56.593 | DEBUG    | __main__:get_next_page_url:324 - Страница 5
2026-03-29 23:20:56.594 | INFO     | __main__:parse:173 - Пауза 4 сек.
2026-03-29 23:21:00.598 | INFO     | __main__:parse:97 - page=6 url=https://www.avito.ru/moskva_i_mo/chasy_i_ukrasheniya/chasy/smart/smart_chasi-ASgBAgICA0TQAYYGhNgR_paHA4jYEY6XhwM?cd=1&f=ASgBAgECBkTQAYYG5rwN8tE08ooOpIKUAeSODtKlzgGE2BH~locDiNgRjpeHAwFFxpoMGXsiZnJvbSI6MTAwMCwidG8iOjE1MDAwMH0&localPriority=1&q=watch&p=6
2026-03-29 23:21:03.434 | INFO     | __main__:parse:130 - Объявлений до фильтров: 50
2026-03-29 23:21:03.451 | INFO     | filters.ads_filter:apply:116 - После фильтрации _filter_by_price_range осталось 50
2026-03-29 23:21:03.454 | INFO     | filters.ads_filter:apply:116 - После фильтрации _filter_watch_accessories осталось 46
2026-03-29 23:21:03.456 | INFO     | __main__:parse:145 - После фильтров: 46
2026-03-29 23:21:03.459 | INFO     | __main__:parse:153 - Новых объявлений на странице: 42
2026-03-29 23:21:03.461 | DEBUG    | __main__:get_next_page_url:324 - Страница 6
2026-03-29 23:21:03.464 | INFO     | __main__:parse:173 - Пауза 4 сек.
2026-03-29 23:21:07.469 | INFO     | __main__:parse:97 - page=7 url=https://www.avito.ru/moskva_i_mo/chasy_i_ukrasheniya/chasy/smart/smart_chasi-ASgBAgICA0TQAYYGhNgR_paHA4jYEY6XhwM?cd=1&f=ASgBAgECBkTQAYYG5rwN8tE08ooOpIKUAeSODtKlzgGE2BH~locDiNgRjpeHAwFFxpoMGXsiZnJvbSI6MTAwMCwidG8iOjE1MDAwMH0&localPriority=1&q=watch&p=7
2026-03-29 23:21:09.385 | INFO     | __main__:parse:130 - Объявлений до фильтров: 27
2026-03-29 23:21:09.397 | INFO     | filters.ads_filter:apply:116 - После фильтрации _filter_by_price_range осталось 27
2026-03-29 23:21:09.400 | INFO     | filters.ads_filter:apply:116 - После фильтрации _filter_watch_accessories осталось 25
2026-03-29 23:21:09.401 | INFO     | __main__:parse:145 - После фильтров: 25
2026-03-29 23:21:09.404 | INFO     | __main__:parse:153 - Новых объявлений на странице: 25
2026-03-29 23:21:09.407 | DEBUG    | __main__:get_next_page_url:324 - Страница 7
2026-03-29 23:21:09.413 | INFO     | __main__:parse:173 - Пауза 4 сек.
2026-03-29 23:21:13.416 | INFO     | __main__:parse:97 - page=8 url=https://www.avito.ru/moskva_i_mo/chasy_i_ukrasheniya/chasy/smart/smart_chasi-ASgBAgICA0TQAYYGhNgR_paHA4jYEY6XhwM?cd=1&f=ASgBAgECBkTQAYYG5rwN8tE08ooOpIKUAeSODtKlzgGE2BH~locDiNgRjpeHAwFFxpoMGXsiZnJvbSI6MTAwMCwidG8iOjE1MDAwMH0&localPriority=1&q=watch&p=8
2026-03-29 23:21:13.957 | WARNING  | parser.http.client:request:84 - Blocked request (429), attempt 1
2026-03-29 23:21:22.445 | WARNING  | parser.http.client:request:84 - Blocked request (429), attempt 2
2026-03-29 23:21:30.116 | WARNING  | parser.http.client:request:84 - Blocked request (429), attempt 3
2026-03-29 23:21:30.118 | WARNING  | parser.http.client:request:90 - Block threshold reached, handling block
2026-03-29 23:21:41.119 | WARNING  | parser.http.client:request:84 - Blocked request (429), attempt 1
2026-03-29 23:21:48.835 | WARNING  | parser.http.client:request:84 - Blocked request (429), attempt 2
2026-03-29 23:21:54.937 | WARNING  | __main__:fetch_data:79 - Ошибка при запросе https://www.avito.ru/moskva_i_mo/chasy_i_ukrasheniya/chasy/smart/smart_chasi-ASgBAgICA0TQAYYGhNgR_paHA4jYEY6XhwM?cd=1&f=ASgBAgECBkTQAYYG5rwN8tE08ooOpIKUAeSODtKlzgGE2BH~locDiNgRjpeHAwFFxpoMGXsiZnJvbSI6MTAwMCwidG8iOjE1MDAwMH0&localPriority=1&q=watch&p=8: HTTP request failed after retries
2026-03-29 23:21:54.947 | WARNING  | __main__:parse:109 - Не удалось получить HTML для https://www.avito.ru/moskva_i_mo/chasy_i_ukrasheniya/chasy/smart/smart_chasi-ASgBAgICA0TQAYYGhNgR_paHA4jYEY6XhwM?cd=1&f=ASgBAgECBkTQAYYG5rwN8tE08ooOpIKUAeSODtKlzgGE2BH~locDiNgRjpeHAwFFxpoMGXsiZnJvbSI6MTAwMCwidG8iOjE1MDAwMH0&localPriority=1&q=watch&p=8, попытка 1
2026-03-29 23:21:58.955 | INFO     | __main__:parse:97 - page=8 url=https://www.avito.ru/moskva_i_mo/chasy_i_ukrasheniya/chasy/smart/smart_chasi-ASgBAgICA0TQAYYGhNgR_paHA4jYEY6XhwM?cd=1&f=ASgBAgECBkTQAYYG5rwN8tE08ooOpIKUAeSODtKlzgGE2BH~locDiNgRjpeHAwFFxpoMGXsiZnJvbSI6MTAwMCwidG8iOjE1MDAwMH0&localPriority=1&q=watch&p=8
2026-03-29 23:21:59.573 | WARNING  | parser.http.client:request:84 - Blocked request (429), attempt 3
2026-03-29 23:21:59.575 | WARNING  | parser.http.client:request:90 - Block threshold reached, handling block
2026-03-29 23:22:10.317 | WARNING  | parser.http.client:request:84 - Blocked request (429), attempt 1
2026-03-29 23:22:18.422 | WARNING  | parser.http.client:request:84 - Blocked request (429), attempt 2
2026-03-29 23:22:25.903 | WARNING  | parser.http.client:request:84 - Blocked request (429), attempt 3
2026-03-29 23:22:25.905 | WARNING  | parser.http.client:request:90 - Block threshold reached, handling block
2026-03-29 23:22:41.015 | WARNING  | parser.http.client:request:84 - Blocked request (429), attempt 1
2026-03-29 23:22:47.614 | WARNING  | __main__:fetch_data:79 - Ошибка при запросе https://www.avito.ru/moskva_i_mo/chasy_i_ukrasheniya/chasy/smart/smart_chasi-ASgBAgICA0TQAYYGhNgR_paHA4jYEY6XhwM?cd=1&f=ASgBAgECBkTQAYYG5rwN8tE08ooOpIKUAeSODtKlzgGE2BH~locDiNgRjpeHAwFFxpoMGXsiZnJvbSI6MTAwMCwidG8iOjE1MDAwMH0&localPriority=1&q=watch&p=8: HTTP request failed after retries
2026-03-29 23:22:47.617 | WARNING  | __main__:parse:109 - Не удалось получить HTML для https://www.avito.ru/moskva_i_mo/chasy_i_ukrasheniya/chasy/smart/smart_chasi-ASgBAgICA0TQAYYGhNgR_paHA4jYEY6XhwM?cd=1&f=ASgBAgECBkTQAYYG5rwN8tE08ooOpIKUAeSODtKlzgGE2BH~locDiNgRjpeHAwFFxpoMGXsiZnJvbSI6MTAwMCwidG8iOjE1MDAwMH0&localPriority=1&q=watch&p=8, попытка 2
2026-03-29 23:22:51.621 | INFO     | __main__:parse:97 - page=8 url=https://www.avito.ru/moskva_i_mo/chasy_i_ukrasheniya/chasy/smart/smart_chasi-ASgBAgICA0TQAYYGhNgR_paHA4jYEY6XhwM?cd=1&f=ASgBAgECBkTQAYYG5rwN8tE08ooOpIKUAeSODtKlzgGE2BH~locDiNgRjpeHAwFFxpoMGXsiZnJvbSI6MTAwMCwidG8iOjE1MDAwMH0&localPriority=1&q=watch&p=8
2026-03-29 23:22:52.176 | WARNING  | parser.http.client:request:84 - Blocked request (429), attempt 2
2026-03-29 23:22:59.792 | WARNING  | parser.http.client:request:84 - Blocked request (429), attempt 3
2026-03-29 23:22:59.794 | WARNING  | parser.http.client:request:90 - Block threshold reached, handling block
2026-03-29 23:23:11.369 | ERROR    | __main__:parse:126 - При валидации объявлений произошла ошибка: 1 validation error for ItemsResponse
items
  Field required [type=missing, input_value={}, input_type=dict]
    For further information visit https://errors.pydantic.dev/2.9/v/missing
2026-03-29 23:23:11.373 | INFO     | __main__:parse:176 - По ссылке собрано объявлений: 279
2026-03-29 23:23:11.375 | INFO     | __main__:parse:188 - Всего собрано объявлений: 1708
2026-03-29 23:23:12.159 | INFO     | __main__:parse:194 - Сохранил общий итоговый файл
2026-03-29 23:23:12.202 | INFO     | __main__:<module>:346 - Парсинг завершен т.к. включён one_time_start в настройках
2026-03-29 23:50:12.731 | INFO     | parser.proxies.proxy_factory:build_proxy:15 - Прокси определен как мобильный
2026-03-29 23:50:12.742 | INFO     | hide_private_data:log_config:64 - Запуск AvitoParse v3.2.08 с настройками:
AvitoConfig(urls=['https://www.avito.ru/moskva_i_mo/chasy_i_ukrasheniya/chasy/smart/smart_chasi-ASgBAgICA0TQAYYGhNgR_paHA4jYEY6XhwM?cd=1&f=ASgBAgECBkTQAYYG5rwN8tE08ooOpIKUAeSODpKfzgGE2BH~locDiNgRjpeHAwFFxpoMGXsiZnJvbSI6MTAwMCwidG8iOjE1MDAwMH0&localPriority=1&q=watch', 'https://www.avito.ru/moskva_i_mo/chasy_i_ukrasheniya/chasy/smart/smart_chasi-ASgBAgICA0TQAYYGhNgR_paHA4jYEY6XhwM?cd=1&f=ASgBAgECBkTQAYYG5rwN8tE08ooOpIKUAeSODpqbzgGE2BH~locDiNgRjpeHAwFFxpoMGXsiZnJvbSI6MTAwMCwidG8iOjE1MDAwMH0&localPriority=1&q=watch', 'https://www.avito.ru/moskva_i_mo/chasy_i_ukrasheniya/chasy/smart/smart_chasi-ASgBAgICA0TQAYYGhNgR_paHA4jYEY6XhwM?cd=1&f=ASgBAgECBkTQAYYG5rwN8tE08ooOpIKUAeSODtKlzgGE2BH~locDiNgRjpeHAwFFxpoMGXsiZnJvbSI6MTAwMCwidG8iOjE1MDAwMH0&localPriority=1&q=watch'], proxy_string='Uk5eZy:***@mproxy.site:14085', proxy_change_url='https://changeip.mobileproxy.space/***', keys_word_white_list=[], keys_word_black_list=[], seller_black_list=[], count=20, tg_token='', tg_chat_id=['***'], vk_token='', vk_user_id=[], max_price=99999999, min_price=0, geo='', max_age=0, debug_mode=0, pause_general=1, pause_between_links=4, max_count_of_retry=5, ignore_reserv=True, ignore_promotion=False, one_time_start=True, one_file_for_link=False, parse_views=False, save_xlsx=True, use_webdriver=False, use_bypass_api=False, cookies_api_key='', output_dir=WindowsPath('result'), use_own_cookies=False, parse_phone=False, proxy_notifier='')
2026-03-29 23:50:12.744 | INFO     | __main__:parse:86 - Начинаю парсинг ссылки: https://www.avito.ru/moskva_i_mo/chasy_i_ukrasheniya/chasy/smart/smart_chasi-ASgBAgICA0TQAYYGhNgR_paHA4jYEY6XhwM?cd=1&f=ASgBAgECBkTQAYYG5rwN8tE08ooOpIKUAeSODpKfzgGE2BH~locDiNgRjpeHAwFFxpoMGXsiZnJvbSI6MTAwMCwidG8iOjE1MDAwMH0&localPriority=1&q=watch
2026-03-29 23:50:12.745 | INFO     | __main__:parse:97 - page=1 url=https://www.avito.ru/moskva_i_mo/chasy_i_ukrasheniya/chasy/smart/smart_chasi-ASgBAgICA0TQAYYGhNgR_paHA4jYEY6XhwM?cd=1&f=ASgBAgECBkTQAYYG5rwN8tE08ooOpIKUAeSODpKfzgGE2BH~locDiNgRjpeHAwFFxpoMGXsiZnJvbSI6MTAwMCwidG8iOjE1MDAwMH0&localPriority=1&q=watch
2026-03-29 23:50:15.380 | INFO     | __main__:parse:139 - Объявлений до фильтров: 50
2026-03-29 23:50:15.394 | INFO     | filters.ads_filter:apply:116 - После фильтрации _filter_by_price_range осталось 50
2026-03-29 23:50:15.398 | INFO     | filters.ads_filter:apply:116 - После фильтрации _filter_watch_accessories осталось 49
2026-03-29 23:50:15.401 | INFO     | __main__:parse:154 - После фильтров: 49
2026-03-29 23:50:15.402 | INFO     | __main__:parse:162 - Новых объявлений на странице: 49
2026-03-29 23:50:15.403 | DEBUG    | __main__:get_next_page_url:333 - Страница 1
2026-03-29 23:50:15.405 | INFO     | __main__:parse:182 - Пауза 4 сек.
2026-03-29 23:50:19.407 | INFO     | __main__:parse:97 - page=2 url=https://www.avito.ru/moskva_i_mo/chasy_i_ukrasheniya/chasy/smart/smart_chasi-ASgBAgICA0TQAYYGhNgR_paHA4jYEY6XhwM?cd=1&f=ASgBAgECBkTQAYYG5rwN8tE08ooOpIKUAeSODpKfzgGE2BH~locDiNgRjpeHAwFFxpoMGXsiZnJvbSI6MTAwMCwidG8iOjE1MDAwMH0&localPriority=1&q=watch&p=2
2026-03-29 23:50:22.584 | INFO     | __main__:parse:139 - Объявлений до фильтров: 50
2026-03-29 23:50:22.600 | INFO     | filters.ads_filter:apply:116 - После фильтрации _filter_by_price_range осталось 50
2026-03-29 23:50:22.606 | INFO     | filters.ads_filter:apply:116 - После фильтрации _filter_watch_accessories осталось 49
2026-03-29 23:50:22.608 | INFO     | __main__:parse:154 - После фильтров: 49
2026-03-29 23:50:22.609 | INFO     | __main__:parse:162 - Новых объявлений на странице: 42
2026-03-29 23:50:22.611 | DEBUG    | __main__:get_next_page_url:333 - Страница 2
2026-03-29 23:50:22.613 | INFO     | __main__:parse:182 - Пауза 4 сек.
2026-03-29 23:50:26.616 | INFO     | __main__:parse:97 - page=3 url=https://www.avito.ru/moskva_i_mo/chasy_i_ukrasheniya/chasy/smart/smart_chasi-ASgBAgICA0TQAYYGhNgR_paHA4jYEY6XhwM?cd=1&f=ASgBAgECBkTQAYYG5rwN8tE08ooOpIKUAeSODpKfzgGE2BH~locDiNgRjpeHAwFFxpoMGXsiZnJvbSI6MTAwMCwidG8iOjE1MDAwMH0&localPriority=1&q=watch&p=3
2026-03-29 23:50:27.137 | WARNING  | parser.http.client:request:84 - Blocked request (429), attempt 1
2026-03-29 23:50:35.095 | WARNING  | parser.http.client:request:84 - Blocked request (429), attempt 2
2026-03-29 23:50:41.775 | WARNING  | parser.http.client:request:84 - Blocked request (429), attempt 3
2026-03-29 23:50:41.777 | WARNING  | parser.http.client:request:90 - Block threshold reached, handling block
2026-03-29 23:50:51.346 | WARNING  | parser.http.client:request:84 - Blocked request (429), attempt 1
2026-03-29 23:50:58.256 | WARNING  | parser.http.client:request:84 - Blocked request (429), attempt 2
2026-03-29 23:51:05.102 | WARNING  | __main__:fetch_data:79 - Ошибка при запросе https://www.avito.ru/moskva_i_mo/chasy_i_ukrasheniya/chasy/smart/smart_chasi-ASgBAgICA0TQAYYGhNgR_paHA4jYEY6XhwM?cd=1&f=ASgBAgECBkTQAYYG5rwN8tE08ooOpIKUAeSODpKfzgGE2BH~locDiNgRjpeHAwFFxpoMGXsiZnJvbSI6MTAwMCwidG8iOjE1MDAwMH0&localPriority=1&q=watch&p=3: HTTP request failed after retries
2026-03-29 23:51:05.106 | WARNING  | __main__:parse:109 - Не удалось получить HTML для https://www.avito.ru/moskva_i_mo/chasy_i_ukrasheniya/chasy/smart/smart_chasi-ASgBAgICA0TQAYYGhNgR_paHA4jYEY6XhwM?cd=1&f=ASgBAgECBkTQAYYG5rwN8tE08ooOpIKUAeSODpKfzgGE2BH~locDiNgRjpeHAwFFxpoMGXsiZnJvbSI6MTAwMCwidG8iOjE1MDAwMH0&localPriority=1&q=watch&p=3, попытка 1
2026-03-29 23:51:09.110 | INFO     | __main__:parse:97 - page=3 url=https://www.avito.ru/moskva_i_mo/chasy_i_ukrasheniya/chasy/smart/smart_chasi-ASgBAgICA0TQAYYGhNgR_paHA4jYEY6XhwM?cd=1&f=ASgBAgECBkTQAYYG5rwN8tE08ooOpIKUAeSODpKfzgGE2BH~locDiNgRjpeHAwFFxpoMGXsiZnJvbSI6MTAwMCwidG8iOjE1MDAwMH0&localPriority=1&q=watch&p=3
2026-03-29 23:51:09.631 | WARNING  | parser.http.client:request:84 - Blocked request (429), attempt 3
2026-03-29 23:51:09.634 | WARNING  | parser.http.client:request:90 - Block threshold reached, handling block
2026-03-29 23:51:25.554 | INFO     | __main__:parse:139 - Объявлений до фильтров: 50
2026-03-29 23:51:25.569 | INFO     | filters.ads_filter:apply:116 - После фильтрации _filter_by_price_range осталось 50
2026-03-29 23:51:25.572 | INFO     | filters.ads_filter:apply:116 - После фильтрации _filter_watch_accessories осталось 48
2026-03-29 23:51:25.577 | INFO     | __main__:parse:154 - После фильтров: 48
2026-03-29 23:51:25.579 | INFO     | __main__:parse:162 - Новых объявлений на странице: 41
2026-03-29 23:51:25.580 | DEBUG    | __main__:get_next_page_url:333 - Страница 3
2026-03-29 23:51:25.582 | INFO     | __main__:parse:182 - Пауза 4 сек.
2026-03-29 23:51:29.584 | INFO     | __main__:parse:97 - page=4 url=https://www.avito.ru/moskva_i_mo/chasy_i_ukrasheniya/chasy/smart/smart_chasi-ASgBAgICA0TQAYYGhNgR_paHA4jYEY6XhwM?cd=1&f=ASgBAgECBkTQAYYG5rwN8tE08ooOpIKUAeSODpKfzgGE2BH~locDiNgRjpeHAwFFxpoMGXsiZnJvbSI6MTAwMCwidG8iOjE1MDAwMH0&localPriority=1&q=watch&p=4
2026-03-29 23:51:31.778 | INFO     | __main__:parse:139 - Объявлений до фильтров: 50
2026-03-29 23:51:31.796 | INFO     | filters.ads_filter:apply:116 - После фильтрации _filter_by_price_range осталось 50
2026-03-29 23:51:31.800 | INFO     | filters.ads_filter:apply:116 - После фильтрации _filter_watch_accessories осталось 49
2026-03-29 23:51:31.802 | INFO     | __main__:parse:154 - После фильтров: 49
2026-03-29 23:51:31.806 | INFO     | __main__:parse:162 - Новых объявлений на странице: 40
2026-03-29 23:51:31.807 | DEBUG    | __main__:get_next_page_url:333 - Страница 4
2026-03-29 23:51:31.809 | INFO     | __main__:parse:182 - Пауза 4 сек.
2026-03-29 23:51:35.812 | INFO     | __main__:parse:97 - page=5 url=https://www.avito.ru/moskva_i_mo/chasy_i_ukrasheniya/chasy/smart/smart_chasi-ASgBAgICA0TQAYYGhNgR_paHA4jYEY6XhwM?cd=1&f=ASgBAgECBkTQAYYG5rwN8tE08ooOpIKUAeSODpKfzgGE2BH~locDiNgRjpeHAwFFxpoMGXsiZnJvbSI6MTAwMCwidG8iOjE1MDAwMH0&localPriority=1&q=watch&p=5
2026-03-29 23:51:38.410 | INFO     | __main__:parse:139 - Объявлений до фильтров: 50
2026-03-29 23:51:38.425 | INFO     | filters.ads_filter:apply:116 - После фильтрации _filter_by_price_range осталось 50
2026-03-29 23:51:38.432 | INFO     | filters.ads_filter:apply:116 - После фильтрации _filter_watch_accessories осталось 50
2026-03-29 23:51:38.434 | INFO     | __main__:parse:154 - После фильтров: 50
2026-03-29 23:51:38.436 | INFO     | __main__:parse:162 - Новых объявлений на странице: 47
2026-03-29 23:51:38.438 | DEBUG    | __main__:get_next_page_url:333 - Страница 5
2026-03-29 23:51:38.440 | INFO     | __main__:parse:182 - Пауза 4 сек.
2026-03-29 23:51:42.443 | INFO     | __main__:parse:97 - page=6 url=https://www.avito.ru/moskva_i_mo/chasy_i_ukrasheniya/chasy/smart/smart_chasi-ASgBAgICA0TQAYYGhNgR_paHA4jYEY6XhwM?cd=1&f=ASgBAgECBkTQAYYG5rwN8tE08ooOpIKUAeSODpKfzgGE2BH~locDiNgRjpeHAwFFxpoMGXsiZnJvbSI6MTAwMCwidG8iOjE1MDAwMH0&localPriority=1&q=watch&p=6
2026-03-29 23:51:43.054 | WARNING  | parser.http.client:request:84 - Blocked request (429), attempt 1
2026-03-29 23:51:49.996 | WARNING  | parser.http.client:request:84 - Blocked request (429), attempt 2
2026-03-29 23:51:57.680 | WARNING  | parser.http.client:request:84 - Blocked request (429), attempt 3
2026-03-29 23:51:57.683 | WARNING  | parser.http.client:request:90 - Block threshold reached, handling block
2026-03-29 23:52:15.533 | INFO     | __main__:parse:139 - Объявлений до фильтров: 50
2026-03-29 23:52:15.549 | INFO     | filters.ads_filter:apply:116 - После фильтрации _filter_by_price_range осталось 50
2026-03-29 23:52:15.553 | INFO     | filters.ads_filter:apply:116 - После фильтрации _filter_watch_accessories осталось 50
2026-03-29 23:52:15.555 | INFO     | __main__:parse:154 - После фильтров: 50
2026-03-29 23:52:15.557 | INFO     | __main__:parse:162 - Новых объявлений на странице: 35
2026-03-29 23:52:15.559 | DEBUG    | __main__:get_next_page_url:333 - Страница 6
2026-03-29 23:52:15.560 | INFO     | __main__:parse:182 - Пауза 4 сек.
2026-03-29 23:52:19.562 | INFO     | __main__:parse:97 - page=7 url=https://www.avito.ru/moskva_i_mo/chasy_i_ukrasheniya/chasy/smart/smart_chasi-ASgBAgICA0TQAYYGhNgR_paHA4jYEY6XhwM?cd=1&f=ASgBAgECBkTQAYYG5rwN8tE08ooOpIKUAeSODpKfzgGE2BH~locDiNgRjpeHAwFFxpoMGXsiZnJvbSI6MTAwMCwidG8iOjE1MDAwMH0&localPriority=1&q=watch&p=7
2026-03-29 23:52:21.676 | INFO     | __main__:parse:139 - Объявлений до фильтров: 50
2026-03-29 23:52:21.694 | INFO     | filters.ads_filter:apply:116 - После фильтрации _filter_by_price_range осталось 50
2026-03-29 23:52:21.697 | INFO     | filters.ads_filter:apply:116 - После фильтрации _filter_watch_accessories осталось 49
2026-03-29 23:52:21.702 | INFO     | __main__:parse:154 - После фильтров: 49
2026-03-29 23:52:21.704 | INFO     | __main__:parse:162 - Новых объявлений на странице: 39
2026-03-29 23:52:21.706 | DEBUG    | __main__:get_next_page_url:333 - Страница 7
2026-03-29 23:52:21.707 | INFO     | __main__:parse:182 - Пауза 4 сек.
2026-03-29 23:52:25.710 | INFO     | __main__:parse:97 - page=8 url=https://www.avito.ru/moskva_i_mo/chasy_i_ukrasheniya/chasy/smart/smart_chasi-ASgBAgICA0TQAYYGhNgR_paHA4jYEY6XhwM?cd=1&f=ASgBAgECBkTQAYYG5rwN8tE08ooOpIKUAeSODpKfzgGE2BH~locDiNgRjpeHAwFFxpoMGXsiZnJvbSI6MTAwMCwidG8iOjE1MDAwMH0&localPriority=1&q=watch&p=8
2026-03-29 23:52:27.814 | INFO     | __main__:parse:139 - Объявлений до фильтров: 50
2026-03-29 23:52:27.831 | INFO     | filters.ads_filter:apply:116 - После фильтрации _filter_by_price_range осталось 50
2026-03-29 23:52:27.835 | INFO     | filters.ads_filter:apply:116 - После фильтрации _filter_watch_accessories осталось 49
2026-03-29 23:52:27.838 | INFO     | __main__:parse:154 - После фильтров: 49
2026-03-29 23:52:27.842 | INFO     | __main__:parse:162 - Новых объявлений на странице: 28
2026-03-29 23:52:27.843 | DEBUG    | __main__:get_next_page_url:333 - Страница 8
2026-03-29 23:52:27.845 | INFO     | __main__:parse:182 - Пауза 4 сек.
2026-03-29 23:52:31.847 | INFO     | __main__:parse:97 - page=9 url=https://www.avito.ru/moskva_i_mo/chasy_i_ukrasheniya/chasy/smart/smart_chasi-ASgBAgICA0TQAYYGhNgR_paHA4jYEY6XhwM?cd=1&f=ASgBAgECBkTQAYYG5rwN8tE08ooOpIKUAeSODpKfzgGE2BH~locDiNgRjpeHAwFFxpoMGXsiZnJvbSI6MTAwMCwidG8iOjE1MDAwMH0&localPriority=1&q=watch&p=9
2026-03-29 23:52:32.405 | WARNING  | parser.http.client:request:84 - Blocked request (429), attempt 1
2026-03-29 23:52:40.178 | WARNING  | parser.http.client:request:84 - Blocked request (429), attempt 2
2026-03-29 23:52:46.748 | WARNING  | parser.http.client:request:84 - Blocked request (429), attempt 3
2026-03-29 23:52:46.750 | WARNING  | parser.http.client:request:90 - Block threshold reached, handling block
2026-03-29 23:52:59.894 | INFO     | __main__:parse:139 - Объявлений до фильтров: 50
2026-03-29 23:52:59.910 | INFO     | filters.ads_filter:apply:116 - После фильтрации _filter_by_price_range осталось 50
2026-03-29 23:52:59.914 | INFO     | filters.ads_filter:apply:116 - После фильтрации _filter_watch_accessories осталось 48
2026-03-29 23:52:59.917 | INFO     | __main__:parse:154 - После фильтров: 48
2026-03-29 23:52:59.918 | INFO     | __main__:parse:162 - Новых объявлений на странице: 34
2026-03-29 23:52:59.920 | DEBUG    | __main__:get_next_page_url:333 - Страница 9
2026-03-29 23:52:59.921 | INFO     | __main__:parse:182 - Пауза 4 сек.
2026-03-29 23:53:03.927 | INFO     | __main__:parse:97 - page=10 url=https://www.avito.ru/moskva_i_mo/chasy_i_ukrasheniya/chasy/smart/smart_chasi-ASgBAgICA0TQAYYGhNgR_paHA4jYEY6XhwM?cd=1&f=ASgBAgECBkTQAYYG5rwN8tE08ooOpIKUAeSODpKfzgGE2BH~locDiNgRjpeHAwFFxpoMGXsiZnJvbSI6MTAwMCwidG8iOjE1MDAwMH0&localPriority=1&q=watch&p=10
2026-03-29 23:53:05.927 | INFO     | __main__:parse:139 - Объявлений до фильтров: 50
2026-03-29 23:53:05.943 | INFO     | filters.ads_filter:apply:116 - После фильтрации _filter_by_price_range осталось 50
2026-03-29 23:53:05.946 | INFO     | filters.ads_filter:apply:116 - После фильтрации _filter_watch_accessories осталось 50
2026-03-29 23:53:05.950 | INFO     | __main__:parse:154 - После фильтров: 50
2026-03-29 23:53:05.953 | INFO     | __main__:parse:162 - Новых объявлений на странице: 33
2026-03-29 23:53:05.956 | DEBUG    | __main__:get_next_page_url:333 - Страница 10
2026-03-29 23:53:05.957 | INFO     | __main__:parse:182 - Пауза 4 сек.
2026-03-29 23:53:09.960 | INFO     | __main__:parse:97 - page=11 url=https://www.avito.ru/moskva_i_mo/chasy_i_ukrasheniya/chasy/smart/smart_chasi-ASgBAgICA0TQAYYGhNgR_paHA4jYEY6XhwM?cd=1&f=ASgBAgECBkTQAYYG5rwN8tE08ooOpIKUAeSODpKfzgGE2BH~locDiNgRjpeHAwFFxpoMGXsiZnJvbSI6MTAwMCwidG8iOjE1MDAwMH0&localPriority=1&q=watch&p=11
2026-03-29 23:53:12.146 | INFO     | __main__:parse:139 - Объявлений до фильтров: 50
2026-03-29 23:53:12.163 | INFO     | filters.ads_filter:apply:116 - После фильтрации _filter_by_price_range осталось 50
2026-03-29 23:53:12.166 | INFO     | filters.ads_filter:apply:116 - После фильтрации _filter_watch_accessories осталось 48
2026-03-29 23:53:12.169 | INFO     | __main__:parse:154 - После фильтров: 48
2026-03-29 23:53:12.171 | INFO     | __main__:parse:162 - Новых объявлений на странице: 34
2026-03-29 23:53:12.172 | DEBUG    | __main__:get_next_page_url:333 - Страница 11
2026-03-29 23:53:12.174 | INFO     | __main__:parse:182 - Пауза 4 сек.
2026-03-29 23:53:16.179 | INFO     | __main__:parse:97 - page=12 url=https://www.avito.ru/moskva_i_mo/chasy_i_ukrasheniya/chasy/smart/smart_chasi-ASgBAgICA0TQAYYGhNgR_paHA4jYEY6XhwM?cd=1&f=ASgBAgECBkTQAYYG5rwN8tE08ooOpIKUAeSODpKfzgGE2BH~locDiNgRjpeHAwFFxpoMGXsiZnJvbSI6MTAwMCwidG8iOjE1MDAwMH0&localPriority=1&q=watch&p=12
2026-03-29 23:53:16.721 | WARNING  | parser.http.client:request:84 - Blocked request (429), attempt 1
2026-03-29 23:53:24.079 | WARNING  | parser.http.client:request:84 - Blocked request (429), attempt 2
2026-03-29 23:53:32.535 | WARNING  | parser.http.client:request:84 - Blocked request (429), attempt 3
2026-03-29 23:53:32.538 | WARNING  | parser.http.client:request:90 - Block threshold reached, handling block
2026-03-29 23:53:44.579 | INFO     | __main__:parse:139 - Объявлений до фильтров: 50
2026-03-29 23:53:44.596 | INFO     | filters.ads_filter:apply:116 - После фильтрации _filter_by_price_range осталось 50
2026-03-29 23:53:44.599 | INFO     | filters.ads_filter:apply:116 - После фильтрации _filter_watch_accessories осталось 50
2026-03-29 23:53:44.603 | INFO     | __main__:parse:154 - После фильтров: 50
2026-03-29 23:53:44.605 | INFO     | __main__:parse:162 - Новых объявлений на странице: 38
2026-03-29 23:53:44.607 | DEBUG    | __main__:get_next_page_url:333 - Страница 12
2026-03-29 23:53:44.609 | INFO     | __main__:parse:182 - Пауза 4 сек.
2026-03-29 23:53:48.612 | INFO     | __main__:parse:97 - page=13 url=https://www.avito.ru/moskva_i_mo/chasy_i_ukrasheniya/chasy/smart/smart_chasi-ASgBAgICA0TQAYYGhNgR_paHA4jYEY6XhwM?cd=1&f=ASgBAgECBkTQAYYG5rwN8tE08ooOpIKUAeSODpKfzgGE2BH~locDiNgRjpeHAwFFxpoMGXsiZnJvbSI6MTAwMCwidG8iOjE1MDAwMH0&localPriority=1&q=watch&p=13
2026-03-29 23:53:52.172 | INFO     | __main__:parse:139 - Объявлений до фильтров: 50
2026-03-29 23:53:52.187 | INFO     | filters.ads_filter:apply:116 - После фильтрации _filter_by_price_range осталось 50
2026-03-29 23:53:52.193 | INFO     | filters.ads_filter:apply:116 - После фильтрации _filter_watch_accessories осталось 50
2026-03-29 23:53:52.195 | INFO     | __main__:parse:154 - После фильтров: 50
2026-03-29 23:53:52.197 | INFO     | __main__:parse:162 - Новых объявлений на странице: 47
2026-03-29 23:53:52.198 | DEBUG    | __main__:get_next_page_url:333 - Страница 13
2026-03-29 23:53:52.200 | INFO     | __main__:parse:182 - Пауза 4 сек.
2026-03-29 23:53:56.202 | INFO     | __main__:parse:97 - page=14 url=https://www.avito.ru/moskva_i_mo/chasy_i_ukrasheniya/chasy/smart/smart_chasi-ASgBAgICA0TQAYYGhNgR_paHA4jYEY6XhwM?cd=1&f=ASgBAgECBkTQAYYG5rwN8tE08ooOpIKUAeSODpKfzgGE2BH~locDiNgRjpeHAwFFxpoMGXsiZnJvbSI6MTAwMCwidG8iOjE1MDAwMH0&localPriority=1&q=watch&p=14
2026-03-29 23:53:58.973 | INFO     | __main__:parse:139 - Объявлений до фильтров: 50
2026-03-29 23:53:58.990 | INFO     | filters.ads_filter:apply:116 - После фильтрации _filter_by_price_range осталось 50
2026-03-29 23:53:58.995 | INFO     | filters.ads_filter:apply:116 - После фильтрации _filter_watch_accessories осталось 50
2026-03-29 23:53:58.997 | INFO     | __main__:parse:154 - После фильтров: 50
2026-03-29 23:53:58.999 | INFO     | __main__:parse:162 - Новых объявлений на странице: 33
2026-03-29 23:53:59.001 | DEBUG    | __main__:get_next_page_url:333 - Страница 14
2026-03-29 23:53:59.003 | INFO     | __main__:parse:182 - Пауза 4 сек.
2026-03-29 23:54:03.005 | INFO     | __main__:parse:97 - page=15 url=https://www.avito.ru/moskva_i_mo/chasy_i_ukrasheniya/chasy/smart/smart_chasi-ASgBAgICA0TQAYYGhNgR_paHA4jYEY6XhwM?cd=1&f=ASgBAgECBkTQAYYG5rwN8tE08ooOpIKUAeSODpKfzgGE2BH~locDiNgRjpeHAwFFxpoMGXsiZnJvbSI6MTAwMCwidG8iOjE1MDAwMH0&localPriority=1&q=watch&p=15
2026-03-29 23:54:03.564 | WARNING  | parser.http.client:request:84 - Blocked request (429), attempt 1
2026-03-29 23:54:12.006 | WARNING  | parser.http.client:request:84 - Blocked request (429), attempt 2
2026-03-29 23:54:20.064 | WARNING  | parser.http.client:request:84 - Blocked request (429), attempt 3
2026-03-29 23:54:20.067 | WARNING  | parser.http.client:request:90 - Block threshold reached, handling block
2026-03-29 23:54:31.863 | WARNING  | parser.http.client:request:84 - Blocked request (429), attempt 1
2026-03-29 23:54:39.268 | WARNING  | parser.http.client:request:84 - Blocked request (429), attempt 2
2026-03-29 23:54:46.695 | WARNING  | __main__:fetch_data:79 - Ошибка при запросе https://www.avito.ru/moskva_i_mo/chasy_i_ukrasheniya/chasy/smart/smart_chasi-ASgBAgICA0TQAYYGhNgR_paHA4jYEY6XhwM?cd=1&f=ASgBAgECBkTQAYYG5rwN8tE08ooOpIKUAeSODpKfzgGE2BH~locDiNgRjpeHAwFFxpoMGXsiZnJvbSI6MTAwMCwidG8iOjE1MDAwMH0&localPriority=1&q=watch&p=15: HTTP request failed after retries
2026-03-29 23:54:46.700 | WARNING  | __main__:parse:109 - Не удалось получить HTML для https://www.avito.ru/moskva_i_mo/chasy_i_ukrasheniya/chasy/smart/smart_chasi-ASgBAgICA0TQAYYGhNgR_paHA4jYEY6XhwM?cd=1&f=ASgBAgECBkTQAYYG5rwN8tE08ooOpIKUAeSODpKfzgGE2BH~locDiNgRjpeHAwFFxpoMGXsiZnJvbSI6MTAwMCwidG8iOjE1MDAwMH0&localPriority=1&q=watch&p=15, попытка 1
2026-03-29 23:54:50.704 | INFO     | __main__:parse:97 - page=15 url=https://www.avito.ru/moskva_i_mo/chasy_i_ukrasheniya/chasy/smart/smart_chasi-ASgBAgICA0TQAYYGhNgR_paHA4jYEY6XhwM?cd=1&f=ASgBAgECBkTQAYYG5rwN8tE08ooOpIKUAeSODpKfzgGE2BH~locDiNgRjpeHAwFFxpoMGXsiZnJvbSI6MTAwMCwidG8iOjE1MDAwMH0&localPriority=1&q=watch&p=15
2026-03-29 23:54:51.261 | WARNING  | parser.http.client:request:84 - Blocked request (429), attempt 3
2026-03-29 23:54:51.264 | WARNING  | parser.http.client:request:90 - Block threshold reached, handling block
2026-03-29 23:55:03.815 | INFO     | __main__:parse:139 - Объявлений до фильтров: 50
2026-03-29 23:55:03.833 | INFO     | filters.ads_filter:apply:116 - После фильтрации _filter_by_price_range осталось 50
2026-03-29 23:55:03.836 | INFO     | filters.ads_filter:apply:116 - После фильтрации _filter_watch_accessories осталось 50
2026-03-29 23:55:03.839 | INFO     | __main__:parse:154 - После фильтров: 50
2026-03-29 23:55:03.841 | INFO     | __main__:parse:162 - Новых объявлений на странице: 43
2026-03-29 23:55:03.842 | DEBUG    | __main__:get_next_page_url:333 - Страница 15
2026-03-29 23:55:03.844 | INFO     | __main__:parse:182 - Пауза 4 сек.
2026-03-29 23:55:07.849 | INFO     | __main__:parse:97 - page=16 url=https://www.avito.ru/moskva_i_mo/chasy_i_ukrasheniya/chasy/smart/smart_chasi-ASgBAgICA0TQAYYGhNgR_paHA4jYEY6XhwM?cd=1&f=ASgBAgECBkTQAYYG5rwN8tE08ooOpIKUAeSODpKfzgGE2BH~locDiNgRjpeHAwFFxpoMGXsiZnJvbSI6MTAwMCwidG8iOjE1MDAwMH0&localPriority=1&q=watch&p=16
2026-03-29 23:55:10.620 | INFO     | __main__:parse:139 - Объявлений до фильтров: 50
2026-03-29 23:55:10.636 | INFO     | filters.ads_filter:apply:116 - После фильтрации _filter_by_price_range осталось 50
2026-03-29 23:55:10.639 | INFO     | filters.ads_filter:apply:116 - После фильтрации _filter_watch_accessories осталось 50
2026-03-29 23:55:10.641 | INFO     | __main__:parse:154 - После фильтров: 50
2026-03-29 23:55:10.643 | INFO     | __main__:parse:162 - Новых объявлений на странице: 38
2026-03-29 23:55:10.645 | DEBUG    | __main__:get_next_page_url:333 - Страница 16
2026-03-29 23:55:10.649 | INFO     | __main__:parse:182 - Пауза 4 сек.
2026-03-29 23:55:14.651 | INFO     | __main__:parse:97 - page=17 url=https://www.avito.ru/moskva_i_mo/chasy_i_ukrasheniya/chasy/smart/smart_chasi-ASgBAgICA0TQAYYGhNgR_paHA4jYEY6XhwM?cd=1&f=ASgBAgECBkTQAYYG5rwN8tE08ooOpIKUAeSODpKfzgGE2BH~locDiNgRjpeHAwFFxpoMGXsiZnJvbSI6MTAwMCwidG8iOjE1MDAwMH0&localPriority=1&q=watch&p=17
2026-03-29 23:55:16.868 | INFO     | __main__:parse:139 - Объявлений до фильтров: 50
2026-03-29 23:55:16.886 | INFO     | filters.ads_filter:apply:116 - После фильтрации _filter_by_price_range осталось 50
2026-03-29 23:55:16.889 | INFO     | filters.ads_filter:apply:116 - После фильтрации _filter_watch_accessories осталось 50
2026-03-29 23:55:16.894 | INFO     | __main__:parse:154 - После фильтров: 50
2026-03-29 23:55:16.898 | INFO     | __main__:parse:162 - Новых объявлений на странице: 25
2026-03-29 23:55:16.899 | DEBUG    | __main__:get_next_page_url:333 - Страница 17
2026-03-29 23:55:16.901 | INFO     | __main__:parse:182 - Пауза 4 сек.
2026-03-29 23:55:20.904 | INFO     | __main__:parse:97 - page=18 url=https://www.avito.ru/moskva_i_mo/chasy_i_ukrasheniya/chasy/smart/smart_chasi-ASgBAgICA0TQAYYGhNgR_paHA4jYEY6XhwM?cd=1&f=ASgBAgECBkTQAYYG5rwN8tE08ooOpIKUAeSODpKfzgGE2BH~locDiNgRjpeHAwFFxpoMGXsiZnJvbSI6MTAwMCwidG8iOjE1MDAwMH0&localPriority=1&q=watch&p=18
2026-03-29 23:55:23.011 | INFO     | __main__:parse:139 - Объявлений до фильтров: 50
2026-03-29 23:55:23.028 | INFO     | filters.ads_filter:apply:116 - После фильтрации _filter_by_price_range осталось 50
2026-03-29 23:55:23.031 | INFO     | filters.ads_filter:apply:116 - После фильтрации _filter_watch_accessories осталось 50
2026-03-29 23:55:23.034 | INFO     | __main__:parse:154 - После фильтров: 50
2026-03-29 23:55:23.035 | INFO     | __main__:parse:162 - Новых объявлений на странице: 30
2026-03-29 23:55:23.039 | DEBUG    | __main__:get_next_page_url:333 - Страница 18
2026-03-29 23:55:23.042 | INFO     | __main__:parse:182 - Пауза 4 сек.
2026-03-29 23:55:27.044 | INFO     | __main__:parse:97 - page=19 url=https://www.avito.ru/moskva_i_mo/chasy_i_ukrasheniya/chasy/smart/smart_chasi-ASgBAgICA0TQAYYGhNgR_paHA4jYEY6XhwM?cd=1&f=ASgBAgECBkTQAYYG5rwN8tE08ooOpIKUAeSODpKfzgGE2BH~locDiNgRjpeHAwFFxpoMGXsiZnJvbSI6MTAwMCwidG8iOjE1MDAwMH0&localPriority=1&q=watch&p=19
2026-03-29 23:55:27.609 | WARNING  | parser.http.client:request:84 - Blocked request (429), attempt 1
2026-03-29 23:55:34.444 | WARNING  | parser.http.client:request:84 - Blocked request (429), attempt 2
2026-03-29 23:55:42.899 | WARNING  | parser.http.client:request:84 - Blocked request (429), attempt 3
2026-03-29 23:55:42.902 | WARNING  | parser.http.client:request:90 - Block threshold reached, handling block
2026-03-29 23:55:58.069 | WARNING  | parser.http.client:request:84 - Blocked request (429), attempt 1
2026-03-29 23:56:05.611 | WARNING  | parser.http.client:request:84 - Blocked request (429), attempt 2
2026-03-29 23:56:12.695 | WARNING  | __main__:fetch_data:79 - Ошибка при запросе https://www.avito.ru/moskva_i_mo/chasy_i_ukrasheniya/chasy/smart/smart_chasi-ASgBAgICA0TQAYYGhNgR_paHA4jYEY6XhwM?cd=1&f=ASgBAgECBkTQAYYG5rwN8tE08ooOpIKUAeSODpKfzgGE2BH~locDiNgRjpeHAwFFxpoMGXsiZnJvbSI6MTAwMCwidG8iOjE1MDAwMH0&localPriority=1&q=watch&p=19: HTTP request failed after retries
2026-03-29 23:56:12.699 | WARNING  | __main__:parse:109 - Не удалось получить HTML для https://www.avito.ru/moskva_i_mo/chasy_i_ukrasheniya/chasy/smart/smart_chasi-ASgBAgICA0TQAYYGhNgR_paHA4jYEY6XhwM?cd=1&f=ASgBAgECBkTQAYYG5rwN8tE08ooOpIKUAeSODpKfzgGE2BH~locDiNgRjpeHAwFFxpoMGXsiZnJvbSI6MTAwMCwidG8iOjE1MDAwMH0&localPriority=1&q=watch&p=19, попытка 1
2026-03-29 23:56:16.702 | INFO     | __main__:parse:97 - page=19 url=https://www.avito.ru/moskva_i_mo/chasy_i_ukrasheniya/chasy/smart/smart_chasi-ASgBAgICA0TQAYYGhNgR_paHA4jYEY6XhwM?cd=1&f=ASgBAgECBkTQAYYG5rwN8tE08ooOpIKUAeSODpKfzgGE2BH~locDiNgRjpeHAwFFxpoMGXsiZnJvbSI6MTAwMCwidG8iOjE1MDAwMH0&localPriority=1&q=watch&p=19
2026-03-29 23:56:17.253 | WARNING  | parser.http.client:request:84 - Blocked request (429), attempt 3
2026-03-29 23:56:17.255 | WARNING  | parser.http.client:request:90 - Block threshold reached, handling block
2026-03-29 23:56:29.257 | INFO     | __main__:parse:139 - Объявлений до фильтров: 50
2026-03-29 23:56:29.272 | INFO     | filters.ads_filter:apply:116 - После фильтрации _filter_by_price_range осталось 50
2026-03-29 23:56:29.276 | INFO     | filters.ads_filter:apply:116 - После фильтрации _filter_watch_accessories осталось 50
2026-03-29 23:56:29.278 | INFO     | __main__:parse:154 - После фильтров: 50
2026-03-29 23:56:29.279 | INFO     | __main__:parse:162 - Новых объявлений на странице: 31
2026-03-29 23:56:29.281 | DEBUG    | __main__:get_next_page_url:333 - Страница 19
2026-03-29 23:56:29.282 | INFO     | __main__:parse:182 - Пауза 4 сек.
2026-03-29 23:56:33.286 | INFO     | __main__:parse:97 - page=20 url=https://www.avito.ru/moskva_i_mo/chasy_i_ukrasheniya/chasy/smart/smart_chasi-ASgBAgICA0TQAYYGhNgR_paHA4jYEY6XhwM?cd=1&f=ASgBAgECBkTQAYYG5rwN8tE08ooOpIKUAeSODpKfzgGE2BH~locDiNgRjpeHAwFFxpoMGXsiZnJvbSI6MTAwMCwidG8iOjE1MDAwMH0&localPriority=1&q=watch&p=20
2026-03-29 23:56:36.113 | INFO     | __main__:parse:139 - Объявлений до фильтров: 50
2026-03-29 23:56:36.128 | INFO     | filters.ads_filter:apply:116 - После фильтрации _filter_by_price_range осталось 50
2026-03-29 23:56:36.131 | INFO     | filters.ads_filter:apply:116 - После фильтрации _filter_watch_accessories осталось 50
2026-03-29 23:56:36.137 | INFO     | __main__:parse:154 - После фильтров: 50
2026-03-29 23:56:36.139 | INFO     | __main__:parse:162 - Новых объявлений на странице: 29
2026-03-29 23:56:36.140 | INFO     | __main__:parse:171 - Достигнут лимит страниц count=20
2026-03-29 23:56:36.142 | INFO     | __main__:parse:185 - По ссылке собрано объявлений: 736
2026-03-29 23:56:36.143 | INFO     | __main__:parse:86 - Начинаю парсинг ссылки: https://www.avito.ru/moskva_i_mo/chasy_i_ukrasheniya/chasy/smart/smart_chasi-ASgBAgICA0TQAYYGhNgR_paHA4jYEY6XhwM?cd=1&f=ASgBAgECBkTQAYYG5rwN8tE08ooOpIKUAeSODpqbzgGE2BH~locDiNgRjpeHAwFFxpoMGXsiZnJvbSI6MTAwMCwidG8iOjE1MDAwMH0&localPriority=1&q=watch
2026-03-29 23:56:36.145 | INFO     | __main__:parse:97 - page=1 url=https://www.avito.ru/moskva_i_mo/chasy_i_ukrasheniya/chasy/smart/smart_chasi-ASgBAgICA0TQAYYGhNgR_paHA4jYEY6XhwM?cd=1&f=ASgBAgECBkTQAYYG5rwN8tE08ooOpIKUAeSODpqbzgGE2BH~locDiNgRjpeHAwFFxpoMGXsiZnJvbSI6MTAwMCwidG8iOjE1MDAwMH0&localPriority=1&q=watch
2026-03-29 23:56:38.818 | INFO     | __main__:parse:139 - Объявлений до фильтров: 50
2026-03-29 23:56:38.836 | INFO     | filters.ads_filter:apply:116 - После фильтрации _filter_by_price_range осталось 50
2026-03-29 23:56:38.839 | INFO     | filters.ads_filter:apply:116 - После фильтрации _filter_watch_accessories осталось 39
2026-03-29 23:56:38.842 | INFO     | __main__:parse:154 - После фильтров: 39
2026-03-29 23:56:38.843 | INFO     | __main__:parse:162 - Новых объявлений на странице: 39
2026-03-29 23:56:38.845 | DEBUG    | __main__:get_next_page_url:333 - Страница 1
2026-03-29 23:56:38.849 | INFO     | __main__:parse:182 - Пауза 4 сек.
2026-03-29 23:56:42.852 | INFO     | __main__:parse:97 - page=2 url=https://www.avito.ru/moskva_i_mo/chasy_i_ukrasheniya/chasy/smart/smart_chasi-ASgBAgICA0TQAYYGhNgR_paHA4jYEY6XhwM?cd=1&f=ASgBAgECBkTQAYYG5rwN8tE08ooOpIKUAeSODpqbzgGE2BH~locDiNgRjpeHAwFFxpoMGXsiZnJvbSI6MTAwMCwidG8iOjE1MDAwMH0&localPriority=1&q=watch&p=2
2026-03-29 23:56:43.368 | WARNING  | parser.http.client:request:84 - Blocked request (429), attempt 1
2026-03-29 23:56:51.083 | WARNING  | parser.http.client:request:84 - Blocked request (429), attempt 2
2026-03-29 23:56:59.368 | WARNING  | parser.http.client:request:84 - Blocked request (429), attempt 3
2026-03-29 23:56:59.370 | WARNING  | parser.http.client:request:90 - Block threshold reached, handling block
2026-03-29 23:57:09.421 | WARNING  | __main__:fetch_data:79 - Ошибка при запросе https://www.avito.ru/moskva_i_mo/chasy_i_ukrasheniya/chasy/smart/smart_chasi-ASgBAgICA0TQAYYGhNgR_paHA4jYEY6XhwM?cd=1&f=ASgBAgECBkTQAYYG5rwN8tE08ooOpIKUAeSODpqbzgGE2BH~locDiNgRjpeHAwFFxpoMGXsiZnJvbSI6MTAwMCwidG8iOjE1MDAwMH0&localPriority=1&q=watch&p=2: HTTPSConnectionPool(host='changeip.mobileproxy.space', port=443): Read timed out. (read timeout=10)
2026-03-29 23:57:09.425 | WARNING  | __main__:parse:109 - Не удалось получить HTML для https://www.avito.ru/moskva_i_mo/chasy_i_ukrasheniya/chasy/smart/smart_chasi-ASgBAgICA0TQAYYGhNgR_paHA4jYEY6XhwM?cd=1&f=ASgBAgECBkTQAYYG5rwN8tE08ooOpIKUAeSODpqbzgGE2BH~locDiNgRjpeHAwFFxpoMGXsiZnJvbSI6MTAwMCwidG8iOjE1MDAwMH0&localPriority=1&q=watch&p=2, попытка 1
2026-03-29 23:57:13.429 | INFO     | __main__:parse:97 - page=2 url=https://www.avito.ru/moskva_i_mo/chasy_i_ukrasheniya/chasy/smart/smart_chasi-ASgBAgICA0TQAYYGhNgR_paHA4jYEY6XhwM?cd=1&f=ASgBAgECBkTQAYYG5rwN8tE08ooOpIKUAeSODpqbzgGE2BH~locDiNgRjpeHAwFFxpoMGXsiZnJvbSI6MTAwMCwidG8iOjE1MDAwMH0&localPriority=1&q=watch&p=2
2026-03-29 23:57:13.780 | WARNING  | parser.http.client:request:108 - Request error (attempt 1): Failed to perform, curl: (35) TLS connect error: error:00000000:invalid library (0):OPENSSL_internal:invalid library (0). See https://curl.se/libcurl/c/libcurl-errors.html first for more details.
2026-03-29 23:57:21.012 | WARNING  | parser.http.client:request:108 - Request error (attempt 2): Failed to perform, curl: (35) TLS connect error: error:00000000:invalid library (0):OPENSSL_internal:invalid library (0). See https://curl.se/libcurl/c/libcurl-errors.html first for more details.
2026-03-29 23:57:27.584 | WARNING  | parser.http.client:request:108 - Request error (attempt 3): Failed to perform, curl: (35) TLS connect error: error:00000000:invalid library (0):OPENSSL_internal:invalid library (0). See https://curl.se/libcurl/c/libcurl-errors.html first for more details.
2026-03-29 23:57:33.964 | WARNING  | parser.http.client:request:108 - Request error (attempt 4): Failed to perform, curl: (35) TLS connect error: error:00000000:invalid library (0):OPENSSL_internal:invalid library (0). See https://curl.se/libcurl/c/libcurl-errors.html first for more details.
2026-03-29 23:57:41.872 | WARNING  | parser.http.client:request:108 - Request error (attempt 5): Failed to perform, curl: (35) TLS connect error: error:00000000:invalid library (0):OPENSSL_internal:invalid library (0). See https://curl.se/libcurl/c/libcurl-errors.html first for more details.
2026-03-29 23:57:47.880 | WARNING  | __main__:fetch_data:79 - Ошибка при запросе https://www.avito.ru/moskva_i_mo/chasy_i_ukrasheniya/chasy/smart/smart_chasi-ASgBAgICA0TQAYYGhNgR_paHA4jYEY6XhwM?cd=1&f=ASgBAgECBkTQAYYG5rwN8tE08ooOpIKUAeSODpqbzgGE2BH~locDiNgRjpeHAwFFxpoMGXsiZnJvbSI6MTAwMCwidG8iOjE1MDAwMH0&localPriority=1&q=watch&p=2: HTTP request failed after retries
2026-03-29 23:57:47.884 | WARNING  | __main__:parse:109 - Не удалось получить HTML для https://www.avito.ru/moskva_i_mo/chasy_i_ukrasheniya/chasy/smart/smart_chasi-ASgBAgICA0TQAYYGhNgR_paHA4jYEY6XhwM?cd=1&f=ASgBAgECBkTQAYYG5rwN8tE08ooOpIKUAeSODpqbzgGE2BH~locDiNgRjpeHAwFFxpoMGXsiZnJvbSI6MTAwMCwidG8iOjE1MDAwMH0&localPriority=1&q=watch&p=2, попытка 2
2026-03-29 23:57:51.889 | INFO     | __main__:parse:97 - page=2 url=https://www.avito.ru/moskva_i_mo/chasy_i_ukrasheniya/chasy/smart/smart_chasi-ASgBAgICA0TQAYYGhNgR_paHA4jYEY6XhwM?cd=1&f=ASgBAgECBkTQAYYG5rwN8tE08ooOpIKUAeSODpqbzgGE2BH~locDiNgRjpeHAwFFxpoMGXsiZnJvbSI6MTAwMCwidG8iOjE1MDAwMH0&localPriority=1&q=watch&p=2
2026-03-29 23:57:52.212 | WARNING  | parser.http.client:request:108 - Request error (attempt 1): Failed to perform, curl: (35) TLS connect error: error:00000000:invalid library (0):OPENSSL_internal:invalid library (0). See https://curl.se/libcurl/c/libcurl-errors.html first for more details.
2026-03-29 23:58:00.170 | WARNING  | parser.http.client:request:108 - Request error (attempt 2): Failed to perform, curl: (35) TLS connect error: error:00000000:invalid library (0):OPENSSL_internal:invalid library (0). See https://curl.se/libcurl/c/libcurl-errors.html first for more details.
2026-03-29 23:58:07.115 | WARNING  | parser.http.client:request:108 - Request error (attempt 3): Failed to perform, curl: (35) TLS connect error: error:00000000:invalid library (0):OPENSSL_internal:invalid library (0). See https://curl.se/libcurl/c/libcurl-errors.html first for more details.
2026-03-29 23:58:13.776 | WARNING  | parser.http.client:request:108 - Request error (attempt 4): Failed to perform, curl: (35) TLS connect error: error:00000000:invalid library (0):OPENSSL_internal:invalid library (0). See https://curl.se/libcurl/c/libcurl-errors.html first for more details.
2026-03-29 23:58:20.613 | WARNING  | parser.http.client:request:108 - Request error (attempt 5): Failed to perform, curl: (35) TLS connect error: error:00000000:invalid library (0):OPENSSL_internal:invalid library (0). See https://curl.se/libcurl/c/libcurl-errors.html first for more details.
2026-03-29 23:58:27.830 | WARNING  | __main__:fetch_data:79 - Ошибка при запросе https://www.avito.ru/moskva_i_mo/chasy_i_ukrasheniya/chasy/smart/smart_chasi-ASgBAgICA0TQAYYGhNgR_paHA4jYEY6XhwM?cd=1&f=ASgBAgECBkTQAYYG5rwN8tE08ooOpIKUAeSODpqbzgGE2BH~locDiNgRjpeHAwFFxpoMGXsiZnJvbSI6MTAwMCwidG8iOjE1MDAwMH0&localPriority=1&q=watch&p=2: HTTP request failed after retries
2026-03-29 23:58:27.835 | WARNING  | __main__:parse:109 - Не удалось получить HTML для https://www.avito.ru/moskva_i_mo/chasy_i_ukrasheniya/chasy/smart/smart_chasi-ASgBAgICA0TQAYYGhNgR_paHA4jYEY6XhwM?cd=1&f=ASgBAgECBkTQAYYG5rwN8tE08ooOpIKUAeSODpqbzgGE2BH~locDiNgRjpeHAwFFxpoMGXsiZnJvbSI6MTAwMCwidG8iOjE1MDAwMH0&localPriority=1&q=watch&p=2, попытка 3
2026-03-29 23:58:27.837 | WARNING  | __main__:parse:113 - Слишком много неудачных попыток по странице, заканчиваю ссылку
2026-03-29 23:58:27.839 | INFO     | __main__:parse:185 - По ссылке собрано объявлений: 39
2026-03-29 23:58:27.841 | INFO     | __main__:parse:86 - Начинаю парсинг ссылки: https://www.avito.ru/moskva_i_mo/chasy_i_ukrasheniya/chasy/smart/smart_chasi-ASgBAgICA0TQAYYGhNgR_paHA4jYEY6XhwM?cd=1&f=ASgBAgECBkTQAYYG5rwN8tE08ooOpIKUAeSODtKlzgGE2BH~locDiNgRjpeHAwFFxpoMGXsiZnJvbSI6MTAwMCwidG8iOjE1MDAwMH0&localPriority=1&q=watch
2026-03-29 23:58:27.842 | INFO     | __main__:parse:97 - page=1 url=https://www.avito.ru/moskva_i_mo/chasy_i_ukrasheniya/chasy/smart/smart_chasi-ASgBAgICA0TQAYYGhNgR_paHA4jYEY6XhwM?cd=1&f=ASgBAgECBkTQAYYG5rwN8tE08ooOpIKUAeSODtKlzgGE2BH~locDiNgRjpeHAwFFxpoMGXsiZnJvbSI6MTAwMCwidG8iOjE1MDAwMH0&localPriority=1&q=watch
2026-03-29 23:58:28.187 | WARNING  | parser.http.client:request:108 - Request error (attempt 1): Failed to perform, curl: (35) TLS connect error: error:00000000:invalid library (0):OPENSSL_internal:invalid library (0). See https://curl.se/libcurl/c/libcurl-errors.html first for more details.
2026-03-29 23:58:36.224 | WARNING  | parser.http.client:request:108 - Request error (attempt 2): Failed to perform, curl: (35) TLS connect error: error:00000000:invalid library (0):OPENSSL_internal:invalid library (0). See https://curl.se/libcurl/c/libcurl-errors.html first for more details.
2026-03-29 23:58:42.890 | WARNING  | parser.http.client:request:108 - Request error (attempt 3): Failed to perform, curl: (35) TLS connect error: error:00000000:invalid library (0):OPENSSL_internal:invalid library (0). See https://curl.se/libcurl/c/libcurl-errors.html first for more details.
2026-03-29 23:58:50.618 | WARNING  | parser.http.client:request:108 - Request error (attempt 4): Failed to perform, curl: (35) TLS connect error: error:00000000:invalid library (0):OPENSSL_internal:invalid library (0). See https://curl.se/libcurl/c/libcurl-errors.html first for more details.
2026-03-29 23:58:58.391 | WARNING  | parser.http.client:request:108 - Request error (attempt 5): Failed to perform, curl: (35) TLS connect error: error:00000000:invalid library (0):OPENSSL_internal:invalid library (0). See https://curl.se/libcurl/c/libcurl-errors.html first for more details.
2026-03-29 23:59:05.844 | WARNING  | __main__:fetch_data:79 - Ошибка при запросе https://www.avito.ru/moskva_i_mo/chasy_i_ukrasheniya/chasy/smart/smart_chasi-ASgBAgICA0TQAYYGhNgR_paHA4jYEY6XhwM?cd=1&f=ASgBAgECBkTQAYYG5rwN8tE08ooOpIKUAeSODtKlzgGE2BH~locDiNgRjpeHAwFFxpoMGXsiZnJvbSI6MTAwMCwidG8iOjE1MDAwMH0&localPriority=1&q=watch: HTTP request failed after retries
2026-03-29 23:59:05.848 | WARNING  | __main__:parse:109 - Не удалось получить HTML для https://www.avito.ru/moskva_i_mo/chasy_i_ukrasheniya/chasy/smart/smart_chasi-ASgBAgICA0TQAYYGhNgR_paHA4jYEY6XhwM?cd=1&f=ASgBAgECBkTQAYYG5rwN8tE08ooOpIKUAeSODtKlzgGE2BH~locDiNgRjpeHAwFFxpoMGXsiZnJvbSI6MTAwMCwidG8iOjE1MDAwMH0&localPriority=1&q=watch, попытка 1
2026-03-29 23:59:09.852 | INFO     | __main__:parse:97 - page=1 url=https://www.avito.ru/moskva_i_mo/chasy_i_ukrasheniya/chasy/smart/smart_chasi-ASgBAgICA0TQAYYGhNgR_paHA4jYEY6XhwM?cd=1&f=ASgBAgECBkTQAYYG5rwN8tE08ooOpIKUAeSODtKlzgGE2BH~locDiNgRjpeHAwFFxpoMGXsiZnJvbSI6MTAwMCwidG8iOjE1MDAwMH0&localPriority=1&q=watch
2026-03-29 23:59:10.152 | WARNING  | parser.http.client:request:108 - Request error (attempt 1): Failed to perform, curl: (35) TLS connect error: error:00000000:invalid library (0):OPENSSL_internal:invalid library (0). See https://curl.se/libcurl/c/libcurl-errors.html first for more details.
2026-03-29 23:59:17.834 | WARNING  | parser.http.client:request:108 - Request error (attempt 2): Failed to perform, curl: (35) TLS connect error: error:00000000:invalid library (0):OPENSSL_internal:invalid library (0). See https://curl.se/libcurl/c/libcurl-errors.html first for more details.
2026-03-29 23:59:25.498 | WARNING  | parser.http.client:request:108 - Request error (attempt 3): Failed to perform, curl: (35) TLS connect error: error:00000000:invalid library (0):OPENSSL_internal:invalid library (0). See https://curl.se/libcurl/c/libcurl-errors.html first for more details.
2026-03-29 23:59:33.472 | WARNING  | parser.http.client:request:108 - Request error (attempt 4): Failed to perform, curl: (35) TLS connect error: error:00000000:invalid library (0):OPENSSL_internal:invalid library (0). See https://curl.se/libcurl/c/libcurl-errors.html first for more details.
2026-03-29 23:59:41.136 | WARNING  | parser.http.client:request:108 - Request error (attempt 5): Failed to perform, curl: (35) TLS connect error: error:00000000:invalid library (0):OPENSSL_internal:invalid library (0). See https://curl.se/libcurl/c/libcurl-errors.html first for more details.
2026-03-29 23:59:48.525 | WARNING  | __main__:fetch_data:79 - Ошибка при запросе https://www.avito.ru/moskva_i_mo/chasy_i_ukrasheniya/chasy/smart/smart_chasi-ASgBAgICA0TQAYYGhNgR_paHA4jYEY6XhwM?cd=1&f=ASgBAgECBkTQAYYG5rwN8tE08ooOpIKUAeSODtKlzgGE2BH~locDiNgRjpeHAwFFxpoMGXsiZnJvbSI6MTAwMCwidG8iOjE1MDAwMH0&localPriority=1&q=watch: HTTP request failed after retries
2026-03-29 23:59:48.529 | WARNING  | __main__:parse:109 - Не удалось получить HTML для https://www.avito.ru/moskva_i_mo/chasy_i_ukrasheniya/chasy/smart/smart_chasi-ASgBAgICA0TQAYYGhNgR_paHA4jYEY6XhwM?cd=1&f=ASgBAgECBkTQAYYG5rwN8tE08ooOpIKUAeSODtKlzgGE2BH~locDiNgRjpeHAwFFxpoMGXsiZnJvbSI6MTAwMCwidG8iOjE1MDAwMH0&localPriority=1&q=watch, попытка 2
2026-03-29 23:59:52.533 | INFO     | __main__:parse:97 - page=1 url=https://www.avito.ru/moskva_i_mo/chasy_i_ukrasheniya/chasy/smart/smart_chasi-ASgBAgICA0TQAYYGhNgR_paHA4jYEY6XhwM?cd=1&f=ASgBAgECBkTQAYYG5rwN8tE08ooOpIKUAeSODtKlzgGE2BH~locDiNgRjpeHAwFFxpoMGXsiZnJvbSI6MTAwMCwidG8iOjE1MDAwMH0&localPriority=1&q=watch
2026-03-29 23:59:52.871 | WARNING  | parser.http.client:request:108 - Request error (attempt 1): Failed to perform, curl: (35) TLS connect error: error:00000000:invalid library (0):OPENSSL_internal:invalid library (0). See https://curl.se/libcurl/c/libcurl-errors.html first for more details.
2026-03-30 00:00:00.019 | WARNING  | parser.http.client:request:108 - Request error (attempt 2): Failed to perform, curl: (35) TLS connect error: error:00000000:invalid library (0):OPENSSL_internal:invalid library (0). See https://curl.se/libcurl/c/libcurl-errors.html first for more details.
2026-03-30 00:00:07.779 | WARNING  | parser.http.client:request:108 - Request error (attempt 3): Failed to perform, curl: (35) TLS connect error: error:00000000:invalid library (0):OPENSSL_internal:invalid library (0). See https://curl.se/libcurl/c/libcurl-errors.html first for more details.
2026-03-30 00:00:14.158 | WARNING  | parser.http.client:request:108 - Request error (attempt 4): Failed to perform, curl: (35) TLS connect error: error:00000000:invalid library (0):OPENSSL_internal:invalid library (0). See https://curl.se/libcurl/c/libcurl-errors.html first for more details.
2026-03-30 00:00:22.559 | WARNING  | parser.http.client:request:108 - Request error (attempt 5): Failed to perform, curl: (35) TLS connect error: error:00000000:invalid library (0):OPENSSL_internal:invalid library (0). See https://curl.se/libcurl/c/libcurl-errors.html first for more details.
2026-03-30 00:00:28.778 | WARNING  | __main__:fetch_data:79 - Ошибка при запросе https://www.avito.ru/moskva_i_mo/chasy_i_ukrasheniya/chasy/smart/smart_chasi-ASgBAgICA0TQAYYGhNgR_paHA4jYEY6XhwM?cd=1&f=ASgBAgECBkTQAYYG5rwN8tE08ooOpIKUAeSODtKlzgGE2BH~locDiNgRjpeHAwFFxpoMGXsiZnJvbSI6MTAwMCwidG8iOjE1MDAwMH0&localPriority=1&q=watch: HTTP request failed after retries
2026-03-30 00:00:28.782 | WARNING  | __main__:parse:109 - Не удалось получить HTML для https://www.avito.ru/moskva_i_mo/chasy_i_ukrasheniya/chasy/smart/smart_chasi-ASgBAgICA0TQAYYGhNgR_paHA4jYEY6XhwM?cd=1&f=ASgBAgECBkTQAYYG5rwN8tE08ooOpIKUAeSODtKlzgGE2BH~locDiNgRjpeHAwFFxpoMGXsiZnJvbSI6MTAwMCwidG8iOjE1MDAwMH0&localPriority=1&q=watch, попытка 3
2026-03-30 00:00:28.785 | WARNING  | __main__:parse:113 - Слишком много неудачных попыток по странице, заканчиваю ссылку
2026-03-30 00:00:28.787 | INFO     | __main__:parse:185 - По ссылке собрано объявлений: 0
2026-03-30 00:00:28.789 | INFO     | __main__:parse:197 - Всего собрано объявлений: 775
2026-03-30 00:00:29.201 | INFO     | __main__:parse:203 - Сохранил общий итоговый файл
2026-03-30 00:00:29.223 | INFO     | __main__:<module>:355 - Парсинг завершен т.к. включён one_time_start в настройках
2026-03-30 00:23:21.191 | INFO     | parser.proxies.proxy_factory:build_proxy:15 - Прокси определен как мобильный
2026-03-30 00:23:21.195 | INFO     | hide_private_data:log_config:64 - Запуск AvitoParse v3.2.08 с настройками:
AvitoConfig(urls=['https://www.avito.ru/moskva_i_mo/chasy_i_ukrasheniya/chasy/smart/smart_chasi-ASgBAgICA0TQAYYGhNgR_paHA4jYEY6XhwM?cd=1&f=ASgBAgECBkTQAYYG5rwN8tE08ooOpIKUAeSODpKfzgGE2BH~locDiNgRjpeHAwFFxpoMGXsiZnJvbSI6MTAwMCwidG8iOjE1MDAwMH0&localPriority=1&q=watch', 'https://www.avito.ru/moskva_i_mo/chasy_i_ukrasheniya/chasy/smart/smart_chasi-ASgBAgICA0TQAYYGhNgR_paHA4jYEY6XhwM?cd=1&f=ASgBAgECBkTQAYYG5rwN8tE08ooOpIKUAeSODpqbzgGE2BH~locDiNgRjpeHAwFFxpoMGXsiZnJvbSI6MTAwMCwidG8iOjE1MDAwMH0&localPriority=1&q=watch', 'https://www.avito.ru/moskva_i_mo/chasy_i_ukrasheniya/chasy/smart/smart_chasi-ASgBAgICA0TQAYYGhNgR_paHA4jYEY6XhwM?cd=1&f=ASgBAgECBkTQAYYG5rwN8tE08ooOpIKUAeSODtKlzgGE2BH~locDiNgRjpeHAwFFxpoMGXsiZnJvbSI6MTAwMCwidG8iOjE1MDAwMH0&localPriority=1&q=watch'], proxy_string='Uk5eZy:***@mproxy.site:14085', proxy_change_url='https://changeip.mobileproxy.space/***', keys_word_white_list=[], keys_word_black_list=[], seller_black_list=[], count=20, tg_token='', tg_chat_id=['***'], vk_token='', vk_user_id=[], max_price=99999999, min_price=0, geo='', max_age=0, debug_mode=0, pause_general=1, pause_between_links=4, max_count_of_retry=5, ignore_reserv=True, ignore_promotion=False, one_time_start=True, one_file_for_link=False, parse_views=False, save_xlsx=True, use_webdriver=False, use_bypass_api=False, cookies_api_key='', output_dir=WindowsPath('result'), use_own_cookies=False, parse_phone=False, proxy_notifier='')
2026-03-30 00:23:24.092 | INFO     | __main__:rotate_proxy_before_new_url:94 - IP прокси обновлён перед новой ссылкой
2026-03-30 00:23:29.096 | INFO     | __main__:reset_http_client:89 - HTTP клиент пересоздан
2026-03-30 00:23:29.107 | ERROR    | __main__:<module>:384 - cannot access local variable 'err' where it is not associated with a value
Traceback (most recent call last):

> File "C:\parser_avito-master\parser_cls.py", line 377, in <module>
    parser.parse()
    │      └ <function AvitoParse.parse at 0x000001628F5FDD00>
    └ <__main__.AvitoParse object at 0x000001628F606B50>

  File "C:\parser_avito-master\parser_cls.py", line 105, in parse
    logger.warning(f"Не удалось сменить IP перед новой ссылкой: {err}")
    │      └ <function Logger.warning at 0x000001627E3420C0>
    └ <loguru.logger handlers=[(id=0, level=10, sink=<stderr>), (id=1, level=10, sink='logs/app.log')]>

UnboundLocalError: cannot access local variable 'err' where it is not associated with a value
2026-03-30 00:23:29.133 | ERROR    | __main__:<module>:385 - Произошла ошибка cannot access local variable 'err' where it is not associated with a value. Будет повторный запуск через 30 сек.
2026-03-30 00:23:59.136 | INFO     | parser.proxies.proxy_factory:build_proxy:15 - Прокси определен как мобильный
2026-03-30 00:23:59.139 | INFO     | hide_private_data:log_config:64 - Запуск AvitoParse v3.2.08 с настройками:
AvitoConfig(urls=['https://www.avito.ru/moskva_i_mo/chasy_i_ukrasheniya/chasy/smart/smart_chasi-ASgBAgICA0TQAYYGhNgR_paHA4jYEY6XhwM?cd=1&f=ASgBAgECBkTQAYYG5rwN8tE08ooOpIKUAeSODpKfzgGE2BH~locDiNgRjpeHAwFFxpoMGXsiZnJvbSI6MTAwMCwidG8iOjE1MDAwMH0&localPriority=1&q=watch', 'https://www.avito.ru/moskva_i_mo/chasy_i_ukrasheniya/chasy/smart/smart_chasi-ASgBAgICA0TQAYYGhNgR_paHA4jYEY6XhwM?cd=1&f=ASgBAgECBkTQAYYG5rwN8tE08ooOpIKUAeSODpqbzgGE2BH~locDiNgRjpeHAwFFxpoMGXsiZnJvbSI6MTAwMCwidG8iOjE1MDAwMH0&localPriority=1&q=watch', 'https://www.avito.ru/moskva_i_mo/chasy_i_ukrasheniya/chasy/smart/smart_chasi-ASgBAgICA0TQAYYGhNgR_paHA4jYEY6XhwM?cd=1&f=ASgBAgECBkTQAYYG5rwN8tE08ooOpIKUAeSODtKlzgGE2BH~locDiNgRjpeHAwFFxpoMGXsiZnJvbSI6MTAwMCwidG8iOjE1MDAwMH0&localPriority=1&q=watch'], proxy_string='Uk5eZy:***@mproxy.site:14085', proxy_change_url='https://changeip.mobileproxy.space/***', keys_word_white_list=[], keys_word_black_list=[], seller_black_list=[], count=20, tg_token='', tg_chat_id=['***'], vk_token='', vk_user_id=[], max_price=99999999, min_price=0, geo='', max_age=0, debug_mode=0, pause_general=1, pause_between_links=4, max_count_of_retry=5, ignore_reserv=True, ignore_promotion=False, one_time_start=True, one_file_for_link=False, parse_views=False, save_xlsx=True, use_webdriver=False, use_bypass_api=False, cookies_api_key='', output_dir=WindowsPath('result'), use_own_cookies=False, parse_phone=False, proxy_notifier='')
2026-03-30 00:24:02.039 | INFO     | __main__:rotate_proxy_before_new_url:94 - IP прокси обновлён перед новой ссылкой
2026-03-30 00:24:07.041 | INFO     | __main__:reset_http_client:89 - HTTP клиент пересоздан
2026-03-30 00:24:07.044 | ERROR    | __main__:<module>:384 - cannot access local variable 'err' where it is not associated with a value
Traceback (most recent call last):

> File "C:\parser_avito-master\parser_cls.py", line 377, in <module>
    parser.parse()
    │      └ <function AvitoParse.parse at 0x000001628F5FDD00>
    └ <__main__.AvitoParse object at 0x000001628F5F3490>

  File "C:\parser_avito-master\parser_cls.py", line 105, in parse
    logger.warning(f"Не удалось сменить IP перед новой ссылкой: {err}")
    │      └ <function Logger.warning at 0x000001627E3420C0>
    └ <loguru.logger handlers=[(id=0, level=10, sink=<stderr>), (id=1, level=10, sink='logs/app.log')]>

UnboundLocalError: cannot access local variable 'err' where it is not associated with a value
2026-03-30 00:24:07.057 | ERROR    | __main__:<module>:385 - Произошла ошибка cannot access local variable 'err' where it is not associated with a value. Будет повторный запуск через 30 сек.
2026-03-30 00:24:37.059 | INFO     | parser.proxies.proxy_factory:build_proxy:15 - Прокси определен как мобильный
2026-03-30 00:24:37.062 | INFO     | hide_private_data:log_config:64 - Запуск AvitoParse v3.2.08 с настройками:
AvitoConfig(urls=['https://www.avito.ru/moskva_i_mo/chasy_i_ukrasheniya/chasy/smart/smart_chasi-ASgBAgICA0TQAYYGhNgR_paHA4jYEY6XhwM?cd=1&f=ASgBAgECBkTQAYYG5rwN8tE08ooOpIKUAeSODpKfzgGE2BH~locDiNgRjpeHAwFFxpoMGXsiZnJvbSI6MTAwMCwidG8iOjE1MDAwMH0&localPriority=1&q=watch', 'https://www.avito.ru/moskva_i_mo/chasy_i_ukrasheniya/chasy/smart/smart_chasi-ASgBAgICA0TQAYYGhNgR_paHA4jYEY6XhwM?cd=1&f=ASgBAgECBkTQAYYG5rwN8tE08ooOpIKUAeSODpqbzgGE2BH~locDiNgRjpeHAwFFxpoMGXsiZnJvbSI6MTAwMCwidG8iOjE1MDAwMH0&localPriority=1&q=watch', 'https://www.avito.ru/moskva_i_mo/chasy_i_ukrasheniya/chasy/smart/smart_chasi-ASgBAgICA0TQAYYGhNgR_paHA4jYEY6XhwM?cd=1&f=ASgBAgECBkTQAYYG5rwN8tE08ooOpIKUAeSODtKlzgGE2BH~locDiNgRjpeHAwFFxpoMGXsiZnJvbSI6MTAwMCwidG8iOjE1MDAwMH0&localPriority=1&q=watch'], proxy_string='Uk5eZy:***@mproxy.site:14085', proxy_change_url='https://changeip.mobileproxy.space/***', keys_word_white_list=[], keys_word_black_list=[], seller_black_list=[], count=20, tg_token='', tg_chat_id=['***'], vk_token='', vk_user_id=[], max_price=99999999, min_price=0, geo='', max_age=0, debug_mode=0, pause_general=1, pause_between_links=4, max_count_of_retry=5, ignore_reserv=True, ignore_promotion=False, one_time_start=True, one_file_for_link=False, parse_views=False, save_xlsx=True, use_webdriver=False, use_bypass_api=False, cookies_api_key='', output_dir=WindowsPath('result'), use_own_cookies=False, parse_phone=False, proxy_notifier='')
2026-03-30 00:24:40.064 | INFO     | __main__:rotate_proxy_before_new_url:94 - IP прокси обновлён перед новой ссылкой
2026-03-30 00:24:45.067 | INFO     | __main__:reset_http_client:89 - HTTP клиент пересоздан
2026-03-30 00:24:45.070 | ERROR    | __main__:<module>:384 - cannot access local variable 'err' where it is not associated with a value
Traceback (most recent call last):

> File "C:\parser_avito-master\parser_cls.py", line 377, in <module>
    parser.parse()
    │      └ <function AvitoParse.parse at 0x000001628F5FDD00>
    └ <__main__.AvitoParse object at 0x000001628F6051D0>

  File "C:\parser_avito-master\parser_cls.py", line 105, in parse
    logger.warning(f"Не удалось сменить IP перед новой ссылкой: {err}")
    │      └ <function Logger.warning at 0x000001627E3420C0>
    └ <loguru.logger handlers=[(id=0, level=10, sink=<stderr>), (id=1, level=10, sink='logs/app.log')]>

UnboundLocalError: cannot access local variable 'err' where it is not associated with a value
2026-03-30 00:24:45.088 | ERROR    | __main__:<module>:385 - Произошла ошибка cannot access local variable 'err' where it is not associated with a value. Будет повторный запуск через 30 сек.
2026-03-30 00:25:15.091 | INFO     | parser.proxies.proxy_factory:build_proxy:15 - Прокси определен как мобильный
2026-03-30 00:25:15.094 | INFO     | hide_private_data:log_config:64 - Запуск AvitoParse v3.2.08 с настройками:
AvitoConfig(urls=['https://www.avito.ru/moskva_i_mo/chasy_i_ukrasheniya/chasy/smart/smart_chasi-ASgBAgICA0TQAYYGhNgR_paHA4jYEY6XhwM?cd=1&f=ASgBAgECBkTQAYYG5rwN8tE08ooOpIKUAeSODpKfzgGE2BH~locDiNgRjpeHAwFFxpoMGXsiZnJvbSI6MTAwMCwidG8iOjE1MDAwMH0&localPriority=1&q=watch', 'https://www.avito.ru/moskva_i_mo/chasy_i_ukrasheniya/chasy/smart/smart_chasi-ASgBAgICA0TQAYYGhNgR_paHA4jYEY6XhwM?cd=1&f=ASgBAgECBkTQAYYG5rwN8tE08ooOpIKUAeSODpqbzgGE2BH~locDiNgRjpeHAwFFxpoMGXsiZnJvbSI6MTAwMCwidG8iOjE1MDAwMH0&localPriority=1&q=watch', 'https://www.avito.ru/moskva_i_mo/chasy_i_ukrasheniya/chasy/smart/smart_chasi-ASgBAgICA0TQAYYGhNgR_paHA4jYEY6XhwM?cd=1&f=ASgBAgECBkTQAYYG5rwN8tE08ooOpIKUAeSODtKlzgGE2BH~locDiNgRjpeHAwFFxpoMGXsiZnJvbSI6MTAwMCwidG8iOjE1MDAwMH0&localPriority=1&q=watch'], proxy_string='Uk5eZy:***@mproxy.site:14085', proxy_change_url='https://changeip.mobileproxy.space/***', keys_word_white_list=[], keys_word_black_list=[], seller_black_list=[], count=20, tg_token='', tg_chat_id=['***'], vk_token='', vk_user_id=[], max_price=99999999, min_price=0, geo='', max_age=0, debug_mode=0, pause_general=1, pause_between_links=4, max_count_of_retry=5, ignore_reserv=True, ignore_promotion=False, one_time_start=True, one_file_for_link=False, parse_views=False, save_xlsx=True, use_webdriver=False, use_bypass_api=False, cookies_api_key='', output_dir=WindowsPath('result'), use_own_cookies=False, parse_phone=False, proxy_notifier='')
2026-03-30 00:25:17.989 | INFO     | __main__:rotate_proxy_before_new_url:94 - IP прокси обновлён перед новой ссылкой
2026-03-30 00:25:22.993 | INFO     | __main__:reset_http_client:89 - HTTP клиент пересоздан
2026-03-30 00:25:22.995 | ERROR    | __main__:<module>:384 - cannot access local variable 'err' where it is not associated with a value
Traceback (most recent call last):

> File "C:\parser_avito-master\parser_cls.py", line 377, in <module>
    parser.parse()
    │      └ <function AvitoParse.parse at 0x000001628F5FDD00>
    └ <__main__.AvitoParse object at 0x000001628F6052D0>

  File "C:\parser_avito-master\parser_cls.py", line 105, in parse
    logger.warning(f"Не удалось сменить IP перед новой ссылкой: {err}")
    │      └ <function Logger.warning at 0x000001627E3420C0>
    └ <loguru.logger handlers=[(id=0, level=10, sink=<stderr>), (id=1, level=10, sink='logs/app.log')]>

UnboundLocalError: cannot access local variable 'err' where it is not associated with a value
2026-03-30 00:25:23.013 | ERROR    | __main__:<module>:385 - Произошла ошибка cannot access local variable 'err' where it is not associated with a value. Будет повторный запуск через 30 сек.
2026-03-30 00:25:53.015 | INFO     | parser.proxies.proxy_factory:build_proxy:15 - Прокси определен как мобильный
2026-03-30 00:25:53.018 | INFO     | hide_private_data:log_config:64 - Запуск AvitoParse v3.2.08 с настройками:
AvitoConfig(urls=['https://www.avito.ru/moskva_i_mo/chasy_i_ukrasheniya/chasy/smart/smart_chasi-ASgBAgICA0TQAYYGhNgR_paHA4jYEY6XhwM?cd=1&f=ASgBAgECBkTQAYYG5rwN8tE08ooOpIKUAeSODpKfzgGE2BH~locDiNgRjpeHAwFFxpoMGXsiZnJvbSI6MTAwMCwidG8iOjE1MDAwMH0&localPriority=1&q=watch', 'https://www.avito.ru/moskva_i_mo/chasy_i_ukrasheniya/chasy/smart/smart_chasi-ASgBAgICA0TQAYYGhNgR_paHA4jYEY6XhwM?cd=1&f=ASgBAgECBkTQAYYG5rwN8tE08ooOpIKUAeSODpqbzgGE2BH~locDiNgRjpeHAwFFxpoMGXsiZnJvbSI6MTAwMCwidG8iOjE1MDAwMH0&localPriority=1&q=watch', 'https://www.avito.ru/moskva_i_mo/chasy_i_ukrasheniya/chasy/smart/smart_chasi-ASgBAgICA0TQAYYGhNgR_paHA4jYEY6XhwM?cd=1&f=ASgBAgECBkTQAYYG5rwN8tE08ooOpIKUAeSODtKlzgGE2BH~locDiNgRjpeHAwFFxpoMGXsiZnJvbSI6MTAwMCwidG8iOjE1MDAwMH0&localPriority=1&q=watch'], proxy_string='Uk5eZy:***@mproxy.site:14085', proxy_change_url='https://changeip.mobileproxy.space/***', keys_word_white_list=[], keys_word_black_list=[], seller_black_list=[], count=20, tg_token='', tg_chat_id=['***'], vk_token='', vk_user_id=[], max_price=99999999, min_price=0, geo='', max_age=0, debug_mode=0, pause_general=1, pause_between_links=4, max_count_of_retry=5, ignore_reserv=True, ignore_promotion=False, one_time_start=True, one_file_for_link=False, parse_views=False, save_xlsx=True, use_webdriver=False, use_bypass_api=False, cookies_api_key='', output_dir=WindowsPath('result'), use_own_cookies=False, parse_phone=False, proxy_notifier='')
2026-03-30 00:25:55.983 | INFO     | __main__:rotate_proxy_before_new_url:94 - IP прокси обновлён перед новой ссылкой
2026-03-30 00:26:00.986 | INFO     | __main__:reset_http_client:89 - HTTP клиент пересоздан
2026-03-30 00:26:00.989 | ERROR    | __main__:<module>:384 - cannot access local variable 'err' where it is not associated with a value
Traceback (most recent call last):

> File "C:\parser_avito-master\parser_cls.py", line 377, in <module>
    parser.parse()
    │      └ <function AvitoParse.parse at 0x000001628F5FDD00>
    └ <__main__.AvitoParse object at 0x000001627DA66F50>

  File "C:\parser_avito-master\parser_cls.py", line 105, in parse
    logger.warning(f"Не удалось сменить IP перед новой ссылкой: {err}")
    │      └ <function Logger.warning at 0x000001627E3420C0>
    └ <loguru.logger handlers=[(id=0, level=10, sink=<stderr>), (id=1, level=10, sink='logs/app.log')]>

UnboundLocalError: cannot access local variable 'err' where it is not associated with a value
2026-03-30 00:26:01.003 | ERROR    | __main__:<module>:385 - Произошла ошибка cannot access local variable 'err' where it is not associated with a value. Будет повторный запуск через 30 сек.
2026-03-30 00:26:31.010 | INFO     | parser.proxies.proxy_factory:build_proxy:15 - Прокси определен как мобильный
2026-03-30 00:26:31.014 | INFO     | hide_private_data:log_config:64 - Запуск AvitoParse v3.2.08 с настройками:
AvitoConfig(urls=['https://www.avito.ru/moskva_i_mo/chasy_i_ukrasheniya/chasy/smart/smart_chasi-ASgBAgICA0TQAYYGhNgR_paHA4jYEY6XhwM?cd=1&f=ASgBAgECBkTQAYYG5rwN8tE08ooOpIKUAeSODpKfzgGE2BH~locDiNgRjpeHAwFFxpoMGXsiZnJvbSI6MTAwMCwidG8iOjE1MDAwMH0&localPriority=1&q=watch', 'https://www.avito.ru/moskva_i_mo/chasy_i_ukrasheniya/chasy/smart/smart_chasi-ASgBAgICA0TQAYYGhNgR_paHA4jYEY6XhwM?cd=1&f=ASgBAgECBkTQAYYG5rwN8tE08ooOpIKUAeSODpqbzgGE2BH~locDiNgRjpeHAwFFxpoMGXsiZnJvbSI6MTAwMCwidG8iOjE1MDAwMH0&localPriority=1&q=watch', 'https://www.avito.ru/moskva_i_mo/chasy_i_ukrasheniya/chasy/smart/smart_chasi-ASgBAgICA0TQAYYGhNgR_paHA4jYEY6XhwM?cd=1&f=ASgBAgECBkTQAYYG5rwN8tE08ooOpIKUAeSODtKlzgGE2BH~locDiNgRjpeHAwFFxpoMGXsiZnJvbSI6MTAwMCwidG8iOjE1MDAwMH0&localPriority=1&q=watch'], proxy_string='Uk5eZy:***@mproxy.site:14085', proxy_change_url='https://changeip.mobileproxy.space/***', keys_word_white_list=[], keys_word_black_list=[], seller_black_list=[], count=20, tg_token='', tg_chat_id=['***'], vk_token='', vk_user_id=[], max_price=99999999, min_price=0, geo='', max_age=0, debug_mode=0, pause_general=1, pause_between_links=4, max_count_of_retry=5, ignore_reserv=True, ignore_promotion=False, one_time_start=True, one_file_for_link=False, parse_views=False, save_xlsx=True, use_webdriver=False, use_bypass_api=False, cookies_api_key='', output_dir=WindowsPath('result'), use_own_cookies=False, parse_phone=False, proxy_notifier='')
2026-03-30 00:26:33.881 | INFO     | __main__:rotate_proxy_before_new_url:94 - IP прокси обновлён перед новой ссылкой
2026-03-30 00:26:38.885 | INFO     | __main__:reset_http_client:89 - HTTP клиент пересоздан
2026-03-30 00:26:38.888 | ERROR    | __main__:<module>:384 - cannot access local variable 'err' where it is not associated with a value
Traceback (most recent call last):

> File "C:\parser_avito-master\parser_cls.py", line 377, in <module>
    parser.parse()
    │      └ <function AvitoParse.parse at 0x000001628F5FDD00>
    └ <__main__.AvitoParse object at 0x000001628F634950>

  File "C:\parser_avito-master\parser_cls.py", line 105, in parse
    logger.warning(f"Не удалось сменить IP перед новой ссылкой: {err}")
    │      └ <function Logger.warning at 0x000001627E3420C0>
    └ <loguru.logger handlers=[(id=0, level=10, sink=<stderr>), (id=1, level=10, sink='logs/app.log')]>

UnboundLocalError: cannot access local variable 'err' where it is not associated with a value
2026-03-30 00:26:38.905 | ERROR    | __main__:<module>:385 - Произошла ошибка cannot access local variable 'err' where it is not associated with a value. Будет повторный запуск через 30 сек.
2026-03-30 00:27:08.908 | INFO     | parser.proxies.proxy_factory:build_proxy:15 - Прокси определен как мобильный
2026-03-30 00:27:08.912 | INFO     | hide_private_data:log_config:64 - Запуск AvitoParse v3.2.08 с настройками:
AvitoConfig(urls=['https://www.avito.ru/moskva_i_mo/chasy_i_ukrasheniya/chasy/smart/smart_chasi-ASgBAgICA0TQAYYGhNgR_paHA4jYEY6XhwM?cd=1&f=ASgBAgECBkTQAYYG5rwN8tE08ooOpIKUAeSODpKfzgGE2BH~locDiNgRjpeHAwFFxpoMGXsiZnJvbSI6MTAwMCwidG8iOjE1MDAwMH0&localPriority=1&q=watch', 'https://www.avito.ru/moskva_i_mo/chasy_i_ukrasheniya/chasy/smart/smart_chasi-ASgBAgICA0TQAYYGhNgR_paHA4jYEY6XhwM?cd=1&f=ASgBAgECBkTQAYYG5rwN8tE08ooOpIKUAeSODpqbzgGE2BH~locDiNgRjpeHAwFFxpoMGXsiZnJvbSI6MTAwMCwidG8iOjE1MDAwMH0&localPriority=1&q=watch', 'https://www.avito.ru/moskva_i_mo/chasy_i_ukrasheniya/chasy/smart/smart_chasi-ASgBAgICA0TQAYYGhNgR_paHA4jYEY6XhwM?cd=1&f=ASgBAgECBkTQAYYG5rwN8tE08ooOpIKUAeSODtKlzgGE2BH~locDiNgRjpeHAwFFxpoMGXsiZnJvbSI6MTAwMCwidG8iOjE1MDAwMH0&localPriority=1&q=watch'], proxy_string='Uk5eZy:***@mproxy.site:14085', proxy_change_url='https://changeip.mobileproxy.space/***', keys_word_white_list=[], keys_word_black_list=[], seller_black_list=[], count=20, tg_token='', tg_chat_id=['***'], vk_token='', vk_user_id=[], max_price=99999999, min_price=0, geo='', max_age=0, debug_mode=0, pause_general=1, pause_between_links=4, max_count_of_retry=5, ignore_reserv=True, ignore_promotion=False, one_time_start=True, one_file_for_link=False, parse_views=False, save_xlsx=True, use_webdriver=False, use_bypass_api=False, cookies_api_key='', output_dir=WindowsPath('result'), use_own_cookies=False, parse_phone=False, proxy_notifier='')
2026-03-30 00:27:11.756 | INFO     | __main__:rotate_proxy_before_new_url:94 - IP прокси обновлён перед новой ссылкой
2026-03-30 00:27:16.759 | INFO     | __main__:reset_http_client:89 - HTTP клиент пересоздан
2026-03-30 00:27:16.761 | ERROR    | __main__:<module>:384 - cannot access local variable 'err' where it is not associated with a value
Traceback (most recent call last):

> File "C:\parser_avito-master\parser_cls.py", line 377, in <module>
    parser.parse()
    │      └ <function AvitoParse.parse at 0x000001628F5FDD00>
    └ <__main__.AvitoParse object at 0x000001628F634590>

  File "C:\parser_avito-master\parser_cls.py", line 105, in parse
    logger.warning(f"Не удалось сменить IP перед новой ссылкой: {err}")
    │      └ <function Logger.warning at 0x000001627E3420C0>
    └ <loguru.logger handlers=[(id=0, level=10, sink=<stderr>), (id=1, level=10, sink='logs/app.log')]>

UnboundLocalError: cannot access local variable 'err' where it is not associated with a value
2026-03-30 00:27:16.779 | ERROR    | __main__:<module>:385 - Произошла ошибка cannot access local variable 'err' where it is not associated with a value. Будет повторный запуск через 30 сек.
2026-03-30 00:27:46.782 | INFO     | parser.proxies.proxy_factory:build_proxy:15 - Прокси определен как мобильный
2026-03-30 00:27:46.785 | INFO     | hide_private_data:log_config:64 - Запуск AvitoParse v3.2.08 с настройками:
AvitoConfig(urls=['https://www.avito.ru/moskva_i_mo/chasy_i_ukrasheniya/chasy/smart/smart_chasi-ASgBAgICA0TQAYYGhNgR_paHA4jYEY6XhwM?cd=1&f=ASgBAgECBkTQAYYG5rwN8tE08ooOpIKUAeSODpKfzgGE2BH~locDiNgRjpeHAwFFxpoMGXsiZnJvbSI6MTAwMCwidG8iOjE1MDAwMH0&localPriority=1&q=watch', 'https://www.avito.ru/moskva_i_mo/chasy_i_ukrasheniya/chasy/smart/smart_chasi-ASgBAgICA0TQAYYGhNgR_paHA4jYEY6XhwM?cd=1&f=ASgBAgECBkTQAYYG5rwN8tE08ooOpIKUAeSODpqbzgGE2BH~locDiNgRjpeHAwFFxpoMGXsiZnJvbSI6MTAwMCwidG8iOjE1MDAwMH0&localPriority=1&q=watch', 'https://www.avito.ru/moskva_i_mo/chasy_i_ukrasheniya/chasy/smart/smart_chasi-ASgBAgICA0TQAYYGhNgR_paHA4jYEY6XhwM?cd=1&f=ASgBAgECBkTQAYYG5rwN8tE08ooOpIKUAeSODtKlzgGE2BH~locDiNgRjpeHAwFFxpoMGXsiZnJvbSI6MTAwMCwidG8iOjE1MDAwMH0&localPriority=1&q=watch'], proxy_string='Uk5eZy:***@mproxy.site:14085', proxy_change_url='https://changeip.mobileproxy.space/***', keys_word_white_list=[], keys_word_black_list=[], seller_black_list=[], count=20, tg_token='', tg_chat_id=['***'], vk_token='', vk_user_id=[], max_price=99999999, min_price=0, geo='', max_age=0, debug_mode=0, pause_general=1, pause_between_links=4, max_count_of_retry=5, ignore_reserv=True, ignore_promotion=False, one_time_start=True, one_file_for_link=False, parse_views=False, save_xlsx=True, use_webdriver=False, use_bypass_api=False, cookies_api_key='', output_dir=WindowsPath('result'), use_own_cookies=False, parse_phone=False, proxy_notifier='')
2026-03-30 00:27:49.591 | INFO     | __main__:rotate_proxy_before_new_url:94 - IP прокси обновлён перед новой ссылкой
2026-03-30 00:27:54.594 | INFO     | __main__:reset_http_client:89 - HTTP клиент пересоздан
2026-03-30 00:27:54.597 | ERROR    | __main__:<module>:384 - cannot access local variable 'err' where it is not associated with a value
Traceback (most recent call last):

> File "C:\parser_avito-master\parser_cls.py", line 377, in <module>
    parser.parse()
    │      └ <function AvitoParse.parse at 0x000001628F5FDD00>
    └ <__main__.AvitoParse object at 0x000001628F5F3490>

  File "C:\parser_avito-master\parser_cls.py", line 105, in parse
    logger.warning(f"Не удалось сменить IP перед новой ссылкой: {err}")
    │      └ <function Logger.warning at 0x000001627E3420C0>
    └ <loguru.logger handlers=[(id=0, level=10, sink=<stderr>), (id=1, level=10, sink='logs/app.log')]>

UnboundLocalError: cannot access local variable 'err' where it is not associated with a value
2026-03-30 00:27:54.610 | ERROR    | __main__:<module>:385 - Произошла ошибка cannot access local variable 'err' where it is not associated with a value. Будет повторный запуск через 30 сек.
2026-03-30 00:28:24.612 | INFO     | parser.proxies.proxy_factory:build_proxy:15 - Прокси определен как мобильный
2026-03-30 00:28:24.615 | INFO     | hide_private_data:log_config:64 - Запуск AvitoParse v3.2.08 с настройками:
AvitoConfig(urls=['https://www.avito.ru/moskva_i_mo/chasy_i_ukrasheniya/chasy/smart/smart_chasi-ASgBAgICA0TQAYYGhNgR_paHA4jYEY6XhwM?cd=1&f=ASgBAgECBkTQAYYG5rwN8tE08ooOpIKUAeSODpKfzgGE2BH~locDiNgRjpeHAwFFxpoMGXsiZnJvbSI6MTAwMCwidG8iOjE1MDAwMH0&localPriority=1&q=watch', 'https://www.avito.ru/moskva_i_mo/chasy_i_ukrasheniya/chasy/smart/smart_chasi-ASgBAgICA0TQAYYGhNgR_paHA4jYEY6XhwM?cd=1&f=ASgBAgECBkTQAYYG5rwN8tE08ooOpIKUAeSODpqbzgGE2BH~locDiNgRjpeHAwFFxpoMGXsiZnJvbSI6MTAwMCwidG8iOjE1MDAwMH0&localPriority=1&q=watch', 'https://www.avito.ru/moskva_i_mo/chasy_i_ukrasheniya/chasy/smart/smart_chasi-ASgBAgICA0TQAYYGhNgR_paHA4jYEY6XhwM?cd=1&f=ASgBAgECBkTQAYYG5rwN8tE08ooOpIKUAeSODtKlzgGE2BH~locDiNgRjpeHAwFFxpoMGXsiZnJvbSI6MTAwMCwidG8iOjE1MDAwMH0&localPriority=1&q=watch'], proxy_string='Uk5eZy:***@mproxy.site:14085', proxy_change_url='https://changeip.mobileproxy.space/***', keys_word_white_list=[], keys_word_black_list=[], seller_black_list=[], count=20, tg_token='', tg_chat_id=['***'], vk_token='', vk_user_id=[], max_price=99999999, min_price=0, geo='', max_age=0, debug_mode=0, pause_general=1, pause_between_links=4, max_count_of_retry=5, ignore_reserv=True, ignore_promotion=False, one_time_start=True, one_file_for_link=False, parse_views=False, save_xlsx=True, use_webdriver=False, use_bypass_api=False, cookies_api_key='', output_dir=WindowsPath('result'), use_own_cookies=False, parse_phone=False, proxy_notifier='')
2026-03-30 00:28:30.920 | INFO     | __main__:rotate_proxy_before_new_url:94 - IP прокси обновлён перед новой ссылкой
2026-03-30 00:28:35.923 | INFO     | __main__:reset_http_client:89 - HTTP клиент пересоздан
2026-03-30 00:28:35.926 | ERROR    | __main__:<module>:384 - cannot access local variable 'err' where it is not associated with a value
Traceback (most recent call last):

> File "C:\parser_avito-master\parser_cls.py", line 377, in <module>
    parser.parse()
    │      └ <function AvitoParse.parse at 0x000001628F5FDD00>
    └ <__main__.AvitoParse object at 0x000001628F2288D0>

  File "C:\parser_avito-master\parser_cls.py", line 105, in parse
    logger.warning(f"Не удалось сменить IP перед новой ссылкой: {err}")
    │      └ <function Logger.warning at 0x000001627E3420C0>
    └ <loguru.logger handlers=[(id=0, level=10, sink=<stderr>), (id=1, level=10, sink='logs/app.log')]>

UnboundLocalError: cannot access local variable 'err' where it is not associated with a value
2026-03-30 00:28:35.941 | ERROR    | __main__:<module>:385 - Произошла ошибка cannot access local variable 'err' where it is not associated with a value. Будет повторный запуск через 30 сек.
2026-03-30 00:29:05.943 | INFO     | parser.proxies.proxy_factory:build_proxy:15 - Прокси определен как мобильный
2026-03-30 00:29:05.945 | INFO     | hide_private_data:log_config:64 - Запуск AvitoParse v3.2.08 с настройками:
AvitoConfig(urls=['https://www.avito.ru/moskva_i_mo/chasy_i_ukrasheniya/chasy/smart/smart_chasi-ASgBAgICA0TQAYYGhNgR_paHA4jYEY6XhwM?cd=1&f=ASgBAgECBkTQAYYG5rwN8tE08ooOpIKUAeSODpKfzgGE2BH~locDiNgRjpeHAwFFxpoMGXsiZnJvbSI6MTAwMCwidG8iOjE1MDAwMH0&localPriority=1&q=watch', 'https://www.avito.ru/moskva_i_mo/chasy_i_ukrasheniya/chasy/smart/smart_chasi-ASgBAgICA0TQAYYGhNgR_paHA4jYEY6XhwM?cd=1&f=ASgBAgECBkTQAYYG5rwN8tE08ooOpIKUAeSODpqbzgGE2BH~locDiNgRjpeHAwFFxpoMGXsiZnJvbSI6MTAwMCwidG8iOjE1MDAwMH0&localPriority=1&q=watch', 'https://www.avito.ru/moskva_i_mo/chasy_i_ukrasheniya/chasy/smart/smart_chasi-ASgBAgICA0TQAYYGhNgR_paHA4jYEY6XhwM?cd=1&f=ASgBAgECBkTQAYYG5rwN8tE08ooOpIKUAeSODtKlzgGE2BH~locDiNgRjpeHAwFFxpoMGXsiZnJvbSI6MTAwMCwidG8iOjE1MDAwMH0&localPriority=1&q=watch'], proxy_string='Uk5eZy:***@mproxy.site:14085', proxy_change_url='https://changeip.mobileproxy.space/***', keys_word_white_list=[], keys_word_black_list=[], seller_black_list=[], count=20, tg_token='', tg_chat_id=['***'], vk_token='', vk_user_id=[], max_price=99999999, min_price=0, geo='', max_age=0, debug_mode=0, pause_general=1, pause_between_links=4, max_count_of_retry=5, ignore_reserv=True, ignore_promotion=False, one_time_start=True, one_file_for_link=False, parse_views=False, save_xlsx=True, use_webdriver=False, use_bypass_api=False, cookies_api_key='', output_dir=WindowsPath('result'), use_own_cookies=False, parse_phone=False, proxy_notifier='')
2026-03-30 00:29:16.012 | WARNING  | __main__:rotate_proxy_before_new_url:97 - Не удалось обновить IP перед новой ссылкой: HTTPSConnectionPool(host='changeip.mobileproxy.space', port=443): Read timed out. (read timeout=10)
2026-03-30 00:29:16.016 | INFO     | __main__:reset_http_client:89 - HTTP клиент пересоздан
2026-03-30 00:29:16.019 | ERROR    | __main__:<module>:384 - cannot access local variable 'err' where it is not associated with a value
Traceback (most recent call last):

> File "C:\parser_avito-master\parser_cls.py", line 377, in <module>
    parser.parse()
    │      └ <function AvitoParse.parse at 0x000001628F5FDD00>
    └ <__main__.AvitoParse object at 0x000001628F606F50>

  File "C:\parser_avito-master\parser_cls.py", line 105, in parse
    logger.warning(f"Не удалось сменить IP перед новой ссылкой: {err}")
    │      └ <function Logger.warning at 0x000001627E3420C0>
    └ <loguru.logger handlers=[(id=0, level=10, sink=<stderr>), (id=1, level=10, sink='logs/app.log')]>

UnboundLocalError: cannot access local variable 'err' where it is not associated with a value
2026-03-30 00:29:16.037 | ERROR    | __main__:<module>:385 - Произошла ошибка cannot access local variable 'err' where it is not associated with a value. Будет повторный запуск через 30 сек.
2026-03-30 00:29:46.039 | INFO     | parser.proxies.proxy_factory:build_proxy:15 - Прокси определен как мобильный
2026-03-30 00:29:46.042 | INFO     | hide_private_data:log_config:64 - Запуск AvitoParse v3.2.08 с настройками:
AvitoConfig(urls=['https://www.avito.ru/moskva_i_mo/chasy_i_ukrasheniya/chasy/smart/smart_chasi-ASgBAgICA0TQAYYGhNgR_paHA4jYEY6XhwM?cd=1&f=ASgBAgECBkTQAYYG5rwN8tE08ooOpIKUAeSODpKfzgGE2BH~locDiNgRjpeHAwFFxpoMGXsiZnJvbSI6MTAwMCwidG8iOjE1MDAwMH0&localPriority=1&q=watch', 'https://www.avito.ru/moskva_i_mo/chasy_i_ukrasheniya/chasy/smart/smart_chasi-ASgBAgICA0TQAYYGhNgR_paHA4jYEY6XhwM?cd=1&f=ASgBAgECBkTQAYYG5rwN8tE08ooOpIKUAeSODpqbzgGE2BH~locDiNgRjpeHAwFFxpoMGXsiZnJvbSI6MTAwMCwidG8iOjE1MDAwMH0&localPriority=1&q=watch', 'https://www.avito.ru/moskva_i_mo/chasy_i_ukrasheniya/chasy/smart/smart_chasi-ASgBAgICA0TQAYYGhNgR_paHA4jYEY6XhwM?cd=1&f=ASgBAgECBkTQAYYG5rwN8tE08ooOpIKUAeSODtKlzgGE2BH~locDiNgRjpeHAwFFxpoMGXsiZnJvbSI6MTAwMCwidG8iOjE1MDAwMH0&localPriority=1&q=watch'], proxy_string='Uk5eZy:***@mproxy.site:14085', proxy_change_url='https://changeip.mobileproxy.space/***', keys_word_white_list=[], keys_word_black_list=[], seller_black_list=[], count=20, tg_token='', tg_chat_id=['***'], vk_token='', vk_user_id=[], max_price=99999999, min_price=0, geo='', max_age=0, debug_mode=0, pause_general=1, pause_between_links=4, max_count_of_retry=5, ignore_reserv=True, ignore_promotion=False, one_time_start=True, one_file_for_link=False, parse_views=False, save_xlsx=True, use_webdriver=False, use_bypass_api=False, cookies_api_key='', output_dir=WindowsPath('result'), use_own_cookies=False, parse_phone=False, proxy_notifier='')
2026-03-30 00:29:48.848 | INFO     | __main__:rotate_proxy_before_new_url:94 - IP прокси обновлён перед новой ссылкой
2026-03-30 00:29:53.850 | INFO     | __main__:reset_http_client:89 - HTTP клиент пересоздан
2026-03-30 00:29:53.852 | ERROR    | __main__:<module>:384 - cannot access local variable 'err' where it is not associated with a value
Traceback (most recent call last):

> File "C:\parser_avito-master\parser_cls.py", line 377, in <module>
    parser.parse()
    │      └ <function AvitoParse.parse at 0x000001628F5FDD00>
    └ <__main__.AvitoParse object at 0x000001628F6331D0>

  File "C:\parser_avito-master\parser_cls.py", line 105, in parse
    logger.warning(f"Не удалось сменить IP перед новой ссылкой: {err}")
    │      └ <function Logger.warning at 0x000001627E3420C0>
    └ <loguru.logger handlers=[(id=0, level=10, sink=<stderr>), (id=1, level=10, sink='logs/app.log')]>

UnboundLocalError: cannot access local variable 'err' where it is not associated with a value
2026-03-30 00:29:53.865 | ERROR    | __main__:<module>:385 - Произошла ошибка cannot access local variable 'err' where it is not associated with a value. Будет повторный запуск через 30 сек.
2026-03-30 00:30:23.867 | INFO     | parser.proxies.proxy_factory:build_proxy:15 - Прокси определен как мобильный
2026-03-30 00:30:23.870 | INFO     | hide_private_data:log_config:64 - Запуск AvitoParse v3.2.08 с настройками:
AvitoConfig(urls=['https://www.avito.ru/moskva_i_mo/chasy_i_ukrasheniya/chasy/smart/smart_chasi-ASgBAgICA0TQAYYGhNgR_paHA4jYEY6XhwM?cd=1&f=ASgBAgECBkTQAYYG5rwN8tE08ooOpIKUAeSODpKfzgGE2BH~locDiNgRjpeHAwFFxpoMGXsiZnJvbSI6MTAwMCwidG8iOjE1MDAwMH0&localPriority=1&q=watch', 'https://www.avito.ru/moskva_i_mo/chasy_i_ukrasheniya/chasy/smart/smart_chasi-ASgBAgICA0TQAYYGhNgR_paHA4jYEY6XhwM?cd=1&f=ASgBAgECBkTQAYYG5rwN8tE08ooOpIKUAeSODpqbzgGE2BH~locDiNgRjpeHAwFFxpoMGXsiZnJvbSI6MTAwMCwidG8iOjE1MDAwMH0&localPriority=1&q=watch', 'https://www.avito.ru/moskva_i_mo/chasy_i_ukrasheniya/chasy/smart/smart_chasi-ASgBAgICA0TQAYYGhNgR_paHA4jYEY6XhwM?cd=1&f=ASgBAgECBkTQAYYG5rwN8tE08ooOpIKUAeSODtKlzgGE2BH~locDiNgRjpeHAwFFxpoMGXsiZnJvbSI6MTAwMCwidG8iOjE1MDAwMH0&localPriority=1&q=watch'], proxy_string='Uk5eZy:***@mproxy.site:14085', proxy_change_url='https://changeip.mobileproxy.space/***', keys_word_white_list=[], keys_word_black_list=[], seller_black_list=[], count=20, tg_token='', tg_chat_id=['***'], vk_token='', vk_user_id=[], max_price=99999999, min_price=0, geo='', max_age=0, debug_mode=0, pause_general=1, pause_between_links=4, max_count_of_retry=5, ignore_reserv=True, ignore_promotion=False, one_time_start=True, one_file_for_link=False, parse_views=False, save_xlsx=True, use_webdriver=False, use_bypass_api=False, cookies_api_key='', output_dir=WindowsPath('result'), use_own_cookies=False, parse_phone=False, proxy_notifier='')
2026-03-30 00:30:26.922 | INFO     | __main__:rotate_proxy_before_new_url:94 - IP прокси обновлён перед новой ссылкой
2026-03-30 00:30:31.925 | INFO     | __main__:reset_http_client:89 - HTTP клиент пересоздан
2026-03-30 00:30:31.927 | ERROR    | __main__:<module>:384 - cannot access local variable 'err' where it is not associated with a value
Traceback (most recent call last):

> File "C:\parser_avito-master\parser_cls.py", line 377, in <module>
    parser.parse()
    │      └ <function AvitoParse.parse at 0x000001628F5FDD00>
    └ <__main__.AvitoParse object at 0x000001628F60C610>

  File "C:\parser_avito-master\parser_cls.py", line 105, in parse
    logger.warning(f"Не удалось сменить IP перед новой ссылкой: {err}")
    │      └ <function Logger.warning at 0x000001627E3420C0>
    └ <loguru.logger handlers=[(id=0, level=10, sink=<stderr>), (id=1, level=10, sink='logs/app.log')]>

UnboundLocalError: cannot access local variable 'err' where it is not associated with a value
2026-03-30 00:30:31.941 | ERROR    | __main__:<module>:385 - Произошла ошибка cannot access local variable 'err' where it is not associated with a value. Будет повторный запуск через 30 сек.
2026-03-30 00:31:01.944 | INFO     | parser.proxies.proxy_factory:build_proxy:15 - Прокси определен как мобильный
2026-03-30 00:31:01.946 | INFO     | hide_private_data:log_config:64 - Запуск AvitoParse v3.2.08 с настройками:
AvitoConfig(urls=['https://www.avito.ru/moskva_i_mo/chasy_i_ukrasheniya/chasy/smart/smart_chasi-ASgBAgICA0TQAYYGhNgR_paHA4jYEY6XhwM?cd=1&f=ASgBAgECBkTQAYYG5rwN8tE08ooOpIKUAeSODpKfzgGE2BH~locDiNgRjpeHAwFFxpoMGXsiZnJvbSI6MTAwMCwidG8iOjE1MDAwMH0&localPriority=1&q=watch', 'https://www.avito.ru/moskva_i_mo/chasy_i_ukrasheniya/chasy/smart/smart_chasi-ASgBAgICA0TQAYYGhNgR_paHA4jYEY6XhwM?cd=1&f=ASgBAgECBkTQAYYG5rwN8tE08ooOpIKUAeSODpqbzgGE2BH~locDiNgRjpeHAwFFxpoMGXsiZnJvbSI6MTAwMCwidG8iOjE1MDAwMH0&localPriority=1&q=watch', 'https://www.avito.ru/moskva_i_mo/chasy_i_ukrasheniya/chasy/smart/smart_chasi-ASgBAgICA0TQAYYGhNgR_paHA4jYEY6XhwM?cd=1&f=ASgBAgECBkTQAYYG5rwN8tE08ooOpIKUAeSODtKlzgGE2BH~locDiNgRjpeHAwFFxpoMGXsiZnJvbSI6MTAwMCwidG8iOjE1MDAwMH0&localPriority=1&q=watch'], proxy_string='Uk5eZy:***@mproxy.site:14085', proxy_change_url='https://changeip.mobileproxy.space/***', keys_word_white_list=[], keys_word_black_list=[], seller_black_list=[], count=20, tg_token='', tg_chat_id=['***'], vk_token='', vk_user_id=[], max_price=99999999, min_price=0, geo='', max_age=0, debug_mode=0, pause_general=1, pause_between_links=4, max_count_of_retry=5, ignore_reserv=True, ignore_promotion=False, one_time_start=True, one_file_for_link=False, parse_views=False, save_xlsx=True, use_webdriver=False, use_bypass_api=False, cookies_api_key='', output_dir=WindowsPath('result'), use_own_cookies=False, parse_phone=False, proxy_notifier='')
2026-03-30 00:31:05.928 | INFO     | __main__:rotate_proxy_before_new_url:94 - IP прокси обновлён перед новой ссылкой
2026-03-30 00:31:10.937 | INFO     | __main__:reset_http_client:89 - HTTP клиент пересоздан
2026-03-30 00:31:10.940 | ERROR    | __main__:<module>:384 - cannot access local variable 'err' where it is not associated with a value
Traceback (most recent call last):

> File "C:\parser_avito-master\parser_cls.py", line 377, in <module>
    parser.parse()
    │      └ <function AvitoParse.parse at 0x000001628F5FDD00>
    └ <__main__.AvitoParse object at 0x000001628F634990>

  File "C:\parser_avito-master\parser_cls.py", line 105, in parse
    logger.warning(f"Не удалось сменить IP перед новой ссылкой: {err}")
    │      └ <function Logger.warning at 0x000001627E3420C0>
    └ <loguru.logger handlers=[(id=0, level=10, sink=<stderr>), (id=1, level=10, sink='logs/app.log')]>

UnboundLocalError: cannot access local variable 'err' where it is not associated with a value
2026-03-30 00:31:10.953 | ERROR    | __main__:<module>:385 - Произошла ошибка cannot access local variable 'err' where it is not associated with a value. Будет повторный запуск через 30 сек.
2026-03-30 00:31:40.954 | INFO     | parser.proxies.proxy_factory:build_proxy:15 - Прокси определен как мобильный
2026-03-30 00:31:40.958 | INFO     | hide_private_data:log_config:64 - Запуск AvitoParse v3.2.08 с настройками:
AvitoConfig(urls=['https://www.avito.ru/moskva_i_mo/chasy_i_ukrasheniya/chasy/smart/smart_chasi-ASgBAgICA0TQAYYGhNgR_paHA4jYEY6XhwM?cd=1&f=ASgBAgECBkTQAYYG5rwN8tE08ooOpIKUAeSODpKfzgGE2BH~locDiNgRjpeHAwFFxpoMGXsiZnJvbSI6MTAwMCwidG8iOjE1MDAwMH0&localPriority=1&q=watch', 'https://www.avito.ru/moskva_i_mo/chasy_i_ukrasheniya/chasy/smart/smart_chasi-ASgBAgICA0TQAYYGhNgR_paHA4jYEY6XhwM?cd=1&f=ASgBAgECBkTQAYYG5rwN8tE08ooOpIKUAeSODpqbzgGE2BH~locDiNgRjpeHAwFFxpoMGXsiZnJvbSI6MTAwMCwidG8iOjE1MDAwMH0&localPriority=1&q=watch', 'https://www.avito.ru/moskva_i_mo/chasy_i_ukrasheniya/chasy/smart/smart_chasi-ASgBAgICA0TQAYYGhNgR_paHA4jYEY6XhwM?cd=1&f=ASgBAgECBkTQAYYG5rwN8tE08ooOpIKUAeSODtKlzgGE2BH~locDiNgRjpeHAwFFxpoMGXsiZnJvbSI6MTAwMCwidG8iOjE1MDAwMH0&localPriority=1&q=watch'], proxy_string='Uk5eZy:***@mproxy.site:14085', proxy_change_url='https://changeip.mobileproxy.space/***', keys_word_white_list=[], keys_word_black_list=[], seller_black_list=[], count=20, tg_token='', tg_chat_id=['***'], vk_token='', vk_user_id=[], max_price=99999999, min_price=0, geo='', max_age=0, debug_mode=0, pause_general=1, pause_between_links=4, max_count_of_retry=5, ignore_reserv=True, ignore_promotion=False, one_time_start=True, one_file_for_link=False, parse_views=False, save_xlsx=True, use_webdriver=False, use_bypass_api=False, cookies_api_key='', output_dir=WindowsPath('result'), use_own_cookies=False, parse_phone=False, proxy_notifier='')
2026-03-30 00:31:43.834 | INFO     | __main__:rotate_proxy_before_new_url:94 - IP прокси обновлён перед новой ссылкой
2026-03-30 00:31:48.837 | INFO     | __main__:reset_http_client:89 - HTTP клиент пересоздан
2026-03-30 00:31:48.839 | ERROR    | __main__:<module>:384 - cannot access local variable 'err' where it is not associated with a value
Traceback (most recent call last):

> File "C:\parser_avito-master\parser_cls.py", line 377, in <module>
    parser.parse()
    │      └ <function AvitoParse.parse at 0x000001628F5FDD00>
    └ <__main__.AvitoParse object at 0x000001628F60D090>

  File "C:\parser_avito-master\parser_cls.py", line 105, in parse
    logger.warning(f"Не удалось сменить IP перед новой ссылкой: {err}")
    │      └ <function Logger.warning at 0x000001627E3420C0>
    └ <loguru.logger handlers=[(id=0, level=10, sink=<stderr>), (id=1, level=10, sink='logs/app.log')]>

UnboundLocalError: cannot access local variable 'err' where it is not associated with a value
2026-03-30 00:31:48.857 | ERROR    | __main__:<module>:385 - Произошла ошибка cannot access local variable 'err' where it is not associated with a value. Будет повторный запуск через 30 сек.
2026-03-30 00:32:18.860 | INFO     | parser.proxies.proxy_factory:build_proxy:15 - Прокси определен как мобильный
2026-03-30 00:32:18.863 | INFO     | hide_private_data:log_config:64 - Запуск AvitoParse v3.2.08 с настройками:
AvitoConfig(urls=['https://www.avito.ru/moskva_i_mo/chasy_i_ukrasheniya/chasy/smart/smart_chasi-ASgBAgICA0TQAYYGhNgR_paHA4jYEY6XhwM?cd=1&f=ASgBAgECBkTQAYYG5rwN8tE08ooOpIKUAeSODpKfzgGE2BH~locDiNgRjpeHAwFFxpoMGXsiZnJvbSI6MTAwMCwidG8iOjE1MDAwMH0&localPriority=1&q=watch', 'https://www.avito.ru/moskva_i_mo/chasy_i_ukrasheniya/chasy/smart/smart_chasi-ASgBAgICA0TQAYYGhNgR_paHA4jYEY6XhwM?cd=1&f=ASgBAgECBkTQAYYG5rwN8tE08ooOpIKUAeSODpqbzgGE2BH~locDiNgRjpeHAwFFxpoMGXsiZnJvbSI6MTAwMCwidG8iOjE1MDAwMH0&localPriority=1&q=watch', 'https://www.avito.ru/moskva_i_mo/chasy_i_ukrasheniya/chasy/smart/smart_chasi-ASgBAgICA0TQAYYGhNgR_paHA4jYEY6XhwM?cd=1&f=ASgBAgECBkTQAYYG5rwN8tE08ooOpIKUAeSODtKlzgGE2BH~locDiNgRjpeHAwFFxpoMGXsiZnJvbSI6MTAwMCwidG8iOjE1MDAwMH0&localPriority=1&q=watch'], proxy_string='Uk5eZy:***@mproxy.site:14085', proxy_change_url='https://changeip.mobileproxy.space/***', keys_word_white_list=[], keys_word_black_list=[], seller_black_list=[], count=20, tg_token='', tg_chat_id=['***'], vk_token='', vk_user_id=[], max_price=99999999, min_price=0, geo='', max_age=0, debug_mode=0, pause_general=1, pause_between_links=4, max_count_of_retry=5, ignore_reserv=True, ignore_promotion=False, one_time_start=True, one_file_for_link=False, parse_views=False, save_xlsx=True, use_webdriver=False, use_bypass_api=False, cookies_api_key='', output_dir=WindowsPath('result'), use_own_cookies=False, parse_phone=False, proxy_notifier='')
2026-03-30 00:32:21.773 | INFO     | __main__:rotate_proxy_before_new_url:94 - IP прокси обновлён перед новой ссылкой
2026-03-30 00:32:26.776 | INFO     | __main__:reset_http_client:89 - HTTP клиент пересоздан
2026-03-30 00:32:26.778 | ERROR    | __main__:<module>:384 - cannot access local variable 'err' where it is not associated with a value
Traceback (most recent call last):

> File "C:\parser_avito-master\parser_cls.py", line 377, in <module>
    parser.parse()
    │      └ <function AvitoParse.parse at 0x000001628F5FDD00>
    └ <__main__.AvitoParse object at 0x000001628F60D910>

  File "C:\parser_avito-master\parser_cls.py", line 105, in parse
    logger.warning(f"Не удалось сменить IP перед новой ссылкой: {err}")
    │      └ <function Logger.warning at 0x000001627E3420C0>
    └ <loguru.logger handlers=[(id=0, level=10, sink=<stderr>), (id=1, level=10, sink='logs/app.log')]>

UnboundLocalError: cannot access local variable 'err' where it is not associated with a value
2026-03-30 00:32:26.791 | ERROR    | __main__:<module>:385 - Произошла ошибка cannot access local variable 'err' where it is not associated with a value. Будет повторный запуск через 30 сек.
2026-03-30 00:32:56.793 | INFO     | parser.proxies.proxy_factory:build_proxy:15 - Прокси определен как мобильный
2026-03-30 00:32:56.796 | INFO     | hide_private_data:log_config:64 - Запуск AvitoParse v3.2.08 с настройками:
AvitoConfig(urls=['https://www.avito.ru/moskva_i_mo/chasy_i_ukrasheniya/chasy/smart/smart_chasi-ASgBAgICA0TQAYYGhNgR_paHA4jYEY6XhwM?cd=1&f=ASgBAgECBkTQAYYG5rwN8tE08ooOpIKUAeSODpKfzgGE2BH~locDiNgRjpeHAwFFxpoMGXsiZnJvbSI6MTAwMCwidG8iOjE1MDAwMH0&localPriority=1&q=watch', 'https://www.avito.ru/moskva_i_mo/chasy_i_ukrasheniya/chasy/smart/smart_chasi-ASgBAgICA0TQAYYGhNgR_paHA4jYEY6XhwM?cd=1&f=ASgBAgECBkTQAYYG5rwN8tE08ooOpIKUAeSODpqbzgGE2BH~locDiNgRjpeHAwFFxpoMGXsiZnJvbSI6MTAwMCwidG8iOjE1MDAwMH0&localPriority=1&q=watch', 'https://www.avito.ru/moskva_i_mo/chasy_i_ukrasheniya/chasy/smart/smart_chasi-ASgBAgICA0TQAYYGhNgR_paHA4jYEY6XhwM?cd=1&f=ASgBAgECBkTQAYYG5rwN8tE08ooOpIKUAeSODtKlzgGE2BH~locDiNgRjpeHAwFFxpoMGXsiZnJvbSI6MTAwMCwidG8iOjE1MDAwMH0&localPriority=1&q=watch'], proxy_string='Uk5eZy:***@mproxy.site:14085', proxy_change_url='https://changeip.mobileproxy.space/***', keys_word_white_list=[], keys_word_black_list=[], seller_black_list=[], count=20, tg_token='', tg_chat_id=['***'], vk_token='', vk_user_id=[], max_price=99999999, min_price=0, geo='', max_age=0, debug_mode=0, pause_general=1, pause_between_links=4, max_count_of_retry=5, ignore_reserv=True, ignore_promotion=False, one_time_start=True, one_file_for_link=False, parse_views=False, save_xlsx=True, use_webdriver=False, use_bypass_api=False, cookies_api_key='', output_dir=WindowsPath('result'), use_own_cookies=False, parse_phone=False, proxy_notifier='')
2026-03-30 00:32:59.620 | INFO     | __main__:rotate_proxy_before_new_url:94 - IP прокси обновлён перед новой ссылкой
2026-03-30 00:33:04.622 | INFO     | __main__:reset_http_client:89 - HTTP клиент пересоздан
2026-03-30 00:33:04.625 | ERROR    | __main__:<module>:384 - cannot access local variable 'err' where it is not associated with a value
Traceback (most recent call last):

> File "C:\parser_avito-master\parser_cls.py", line 377, in <module>
    parser.parse()
    │      └ <function AvitoParse.parse at 0x000001628F5FDD00>
    └ <__main__.AvitoParse object at 0x000001628F60C4D0>

  File "C:\parser_avito-master\parser_cls.py", line 105, in parse
    logger.warning(f"Не удалось сменить IP перед новой ссылкой: {err}")
    │      └ <function Logger.warning at 0x000001627E3420C0>
    └ <loguru.logger handlers=[(id=0, level=10, sink=<stderr>), (id=1, level=10, sink='logs/app.log')]>

UnboundLocalError: cannot access local variable 'err' where it is not associated with a value
2026-03-30 00:33:04.638 | ERROR    | __main__:<module>:385 - Произошла ошибка cannot access local variable 'err' where it is not associated with a value. Будет повторный запуск через 30 сек.
2026-03-30 00:33:34.640 | INFO     | parser.proxies.proxy_factory:build_proxy:15 - Прокси определен как мобильный
2026-03-30 00:33:34.643 | INFO     | hide_private_data:log_config:64 - Запуск AvitoParse v3.2.08 с настройками:
AvitoConfig(urls=['https://www.avito.ru/moskva_i_mo/chasy_i_ukrasheniya/chasy/smart/smart_chasi-ASgBAgICA0TQAYYGhNgR_paHA4jYEY6XhwM?cd=1&f=ASgBAgECBkTQAYYG5rwN8tE08ooOpIKUAeSODpKfzgGE2BH~locDiNgRjpeHAwFFxpoMGXsiZnJvbSI6MTAwMCwidG8iOjE1MDAwMH0&localPriority=1&q=watch', 'https://www.avito.ru/moskva_i_mo/chasy_i_ukrasheniya/chasy/smart/smart_chasi-ASgBAgICA0TQAYYGhNgR_paHA4jYEY6XhwM?cd=1&f=ASgBAgECBkTQAYYG5rwN8tE08ooOpIKUAeSODpqbzgGE2BH~locDiNgRjpeHAwFFxpoMGXsiZnJvbSI6MTAwMCwidG8iOjE1MDAwMH0&localPriority=1&q=watch', 'https://www.avito.ru/moskva_i_mo/chasy_i_ukrasheniya/chasy/smart/smart_chasi-ASgBAgICA0TQAYYGhNgR_paHA4jYEY6XhwM?cd=1&f=ASgBAgECBkTQAYYG5rwN8tE08ooOpIKUAeSODtKlzgGE2BH~locDiNgRjpeHAwFFxpoMGXsiZnJvbSI6MTAwMCwidG8iOjE1MDAwMH0&localPriority=1&q=watch'], proxy_string='Uk5eZy:***@mproxy.site:14085', proxy_change_url='https://changeip.mobileproxy.space/***', keys_word_white_list=[], keys_word_black_list=[], seller_black_list=[], count=20, tg_token='', tg_chat_id=['***'], vk_token='', vk_user_id=[], max_price=99999999, min_price=0, geo='', max_age=0, debug_mode=0, pause_general=1, pause_between_links=4, max_count_of_retry=5, ignore_reserv=True, ignore_promotion=False, one_time_start=True, one_file_for_link=False, parse_views=False, save_xlsx=True, use_webdriver=False, use_bypass_api=False, cookies_api_key='', output_dir=WindowsPath('result'), use_own_cookies=False, parse_phone=False, proxy_notifier='')
2026-03-30 00:33:37.534 | INFO     | __main__:rotate_proxy_before_new_url:94 - IP прокси обновлён перед новой ссылкой
2026-03-30 00:33:42.537 | INFO     | __main__:reset_http_client:89 - HTTP клиент пересоздан
2026-03-30 00:33:42.539 | ERROR    | __main__:<module>:384 - cannot access local variable 'err' where it is not associated with a value
Traceback (most recent call last):

> File "C:\parser_avito-master\parser_cls.py", line 377, in <module>
    parser.parse()
    │      └ <function AvitoParse.parse at 0x000001628F5FDD00>
    └ <__main__.AvitoParse object at 0x000001628F20CA10>

  File "C:\parser_avito-master\parser_cls.py", line 105, in parse
    logger.warning(f"Не удалось сменить IP перед новой ссылкой: {err}")
    │      └ <function Logger.warning at 0x000001627E3420C0>
    └ <loguru.logger handlers=[(id=0, level=10, sink=<stderr>), (id=1, level=10, sink='logs/app.log')]>

UnboundLocalError: cannot access local variable 'err' where it is not associated with a value
2026-03-30 00:33:42.552 | ERROR    | __main__:<module>:385 - Произошла ошибка cannot access local variable 'err' where it is not associated with a value. Будет повторный запуск через 30 сек.
2026-03-30 00:34:12.556 | INFO     | parser.proxies.proxy_factory:build_proxy:15 - Прокси определен как мобильный
2026-03-30 00:34:12.559 | INFO     | hide_private_data:log_config:64 - Запуск AvitoParse v3.2.08 с настройками:
AvitoConfig(urls=['https://www.avito.ru/moskva_i_mo/chasy_i_ukrasheniya/chasy/smart/smart_chasi-ASgBAgICA0TQAYYGhNgR_paHA4jYEY6XhwM?cd=1&f=ASgBAgECBkTQAYYG5rwN8tE08ooOpIKUAeSODpKfzgGE2BH~locDiNgRjpeHAwFFxpoMGXsiZnJvbSI6MTAwMCwidG8iOjE1MDAwMH0&localPriority=1&q=watch', 'https://www.avito.ru/moskva_i_mo/chasy_i_ukrasheniya/chasy/smart/smart_chasi-ASgBAgICA0TQAYYGhNgR_paHA4jYEY6XhwM?cd=1&f=ASgBAgECBkTQAYYG5rwN8tE08ooOpIKUAeSODpqbzgGE2BH~locDiNgRjpeHAwFFxpoMGXsiZnJvbSI6MTAwMCwidG8iOjE1MDAwMH0&localPriority=1&q=watch', 'https://www.avito.ru/moskva_i_mo/chasy_i_ukrasheniya/chasy/smart/smart_chasi-ASgBAgICA0TQAYYGhNgR_paHA4jYEY6XhwM?cd=1&f=ASgBAgECBkTQAYYG5rwN8tE08ooOpIKUAeSODtKlzgGE2BH~locDiNgRjpeHAwFFxpoMGXsiZnJvbSI6MTAwMCwidG8iOjE1MDAwMH0&localPriority=1&q=watch'], proxy_string='Uk5eZy:***@mproxy.site:14085', proxy_change_url='https://changeip.mobileproxy.space/***', keys_word_white_list=[], keys_word_black_list=[], seller_black_list=[], count=20, tg_token='', tg_chat_id=['***'], vk_token='', vk_user_id=[], max_price=99999999, min_price=0, geo='', max_age=0, debug_mode=0, pause_general=1, pause_between_links=4, max_count_of_retry=5, ignore_reserv=True, ignore_promotion=False, one_time_start=True, one_file_for_link=False, parse_views=False, save_xlsx=True, use_webdriver=False, use_bypass_api=False, cookies_api_key='', output_dir=WindowsPath('result'), use_own_cookies=False, parse_phone=False, proxy_notifier='')
2026-03-30 00:44:17.205 | WARNING  | __main__:rotate_proxy_before_new_url:97 - Не удалось обновить IP перед новой ссылкой: HTTPSConnectionPool(host='changeip.mobileproxy.space', port=443): Read timed out. (read timeout=10)
2026-03-30 00:44:17.641 | INFO     | __main__:reset_http_client:89 - HTTP клиент пересоздан
2026-03-30 00:44:17.670 | ERROR    | __main__:<module>:384 - cannot access local variable 'err' where it is not associated with a value
Traceback (most recent call last):

> File "C:\parser_avito-master\parser_cls.py", line 377, in <module>
    parser.parse()
    │      └ <function AvitoParse.parse at 0x000001628F5FDD00>
    └ <__main__.AvitoParse object at 0x000001628F606DD0>

  File "C:\parser_avito-master\parser_cls.py", line 105, in parse
    logger.warning(f"Не удалось сменить IP перед новой ссылкой: {err}")
    │      └ <function Logger.warning at 0x000001627E3420C0>
    └ <loguru.logger handlers=[(id=0, level=10, sink=<stderr>), (id=1, level=10, sink='logs/app.log')]>

UnboundLocalError: cannot access local variable 'err' where it is not associated with a value
2026-03-30 00:44:17.813 | ERROR    | __main__:<module>:385 - Произошла ошибка cannot access local variable 'err' where it is not associated with a value. Будет повторный запуск через 30 сек.
2026-03-30 00:51:44.025 | INFO     | parser.proxies.proxy_factory:build_proxy:15 - Прокси определен как мобильный
2026-03-30 00:51:44.030 | INFO     | hide_private_data:log_config:64 - Запуск AvitoParse v3.2.08 с настройками:
AvitoConfig(urls=['https://www.avito.ru/moskva_i_mo/chasy_i_ukrasheniya/chasy/smart/smart_chasi-ASgBAgICA0TQAYYGhNgR_paHA4jYEY6XhwM?cd=1&f=ASgBAgECBkTQAYYG5rwN8tE08ooOpIKUAeSODpKfzgGE2BH~locDiNgRjpeHAwFFxpoMGXsiZnJvbSI6MTAwMCwidG8iOjE1MDAwMH0&localPriority=1&q=watch', 'https://www.avito.ru/moskva_i_mo/chasy_i_ukrasheniya/chasy/smart/smart_chasi-ASgBAgICA0TQAYYGhNgR_paHA4jYEY6XhwM?cd=1&f=ASgBAgECBkTQAYYG5rwN8tE08ooOpIKUAeSODpqbzgGE2BH~locDiNgRjpeHAwFFxpoMGXsiZnJvbSI6MTAwMCwidG8iOjE1MDAwMH0&localPriority=1&q=watch', 'https://www.avito.ru/moskva_i_mo/chasy_i_ukrasheniya/chasy/smart/smart_chasi-ASgBAgICA0TQAYYGhNgR_paHA4jYEY6XhwM?cd=1&f=ASgBAgECBkTQAYYG5rwN8tE08ooOpIKUAeSODtKlzgGE2BH~locDiNgRjpeHAwFFxpoMGXsiZnJvbSI6MTAwMCwidG8iOjE1MDAwMH0&localPriority=1&q=watch'], proxy_string='Uk5eZy:***@mproxy.site:14085', proxy_change_url='https://changeip.mobileproxy.space/***', keys_word_white_list=[], keys_word_black_list=[], seller_black_list=[], count=20, tg_token='', tg_chat_id=['***'], vk_token='', vk_user_id=[], max_price=99999999, min_price=0, geo='', max_age=0, debug_mode=0, pause_general=1, pause_between_links=4, max_count_of_retry=5, ignore_reserv=True, ignore_promotion=False, one_time_start=True, one_file_for_link=False, parse_views=False, save_xlsx=True, use_webdriver=False, use_bypass_api=False, cookies_api_key='', output_dir=WindowsPath('result'), use_own_cookies=False, parse_phone=False, proxy_notifier='')
2026-03-30 00:51:54.114 | WARNING  | __main__:rotate_proxy_before_new_url:97 - Не удалось обновить IP перед новой ссылкой: HTTPSConnectionPool(host='changeip.mobileproxy.space', port=443): Read timed out. (read timeout=10)
2026-03-30 00:51:54.119 | INFO     | __main__:reset_http_client:89 - HTTP клиент пересоздан
2026-03-30 00:51:54.121 | INFO     | __main__:parse:105 - Начинаю парсинг ссылки: https://www.avito.ru/moskva_i_mo/chasy_i_ukrasheniya/chasy/smart/smart_chasi-ASgBAgICA0TQAYYGhNgR_paHA4jYEY6XhwM?cd=1&f=ASgBAgECBkTQAYYG5rwN8tE08ooOpIKUAeSODpKfzgGE2BH~locDiNgRjpeHAwFFxpoMGXsiZnJvbSI6MTAwMCwidG8iOjE1MDAwMH0&localPriority=1&q=watch
2026-03-30 00:51:54.123 | INFO     | __main__:reset_http_client:89 - HTTP клиент пересоздан
2026-03-30 00:51:54.125 | INFO     | __main__:parse:108 - Начинаю парсинг ссылки: https://www.avito.ru/moskva_i_mo/chasy_i_ukrasheniya/chasy/smart/smart_chasi-ASgBAgICA0TQAYYGhNgR_paHA4jYEY6XhwM?cd=1&f=ASgBAgECBkTQAYYG5rwN8tE08ooOpIKUAeSODpKfzgGE2BH~locDiNgRjpeHAwFFxpoMGXsiZnJvbSI6MTAwMCwidG8iOjE1MDAwMH0&localPriority=1&q=watch
2026-03-30 00:51:54.127 | INFO     | __main__:parse:119 - page=1 url=https://www.avito.ru/moskva_i_mo/chasy_i_ukrasheniya/chasy/smart/smart_chasi-ASgBAgICA0TQAYYGhNgR_paHA4jYEY6XhwM?cd=1&f=ASgBAgECBkTQAYYG5rwN8tE08ooOpIKUAeSODpKfzgGE2BH~locDiNgRjpeHAwFFxpoMGXsiZnJvbSI6MTAwMCwidG8iOjE1MDAwMH0&localPriority=1&q=watch
2026-03-30 00:51:56.524 | INFO     | __main__:parse:161 - Объявлений до фильтров: 50
2026-03-30 00:51:56.541 | INFO     | filters.ads_filter:apply:116 - После фильтрации _filter_by_price_range осталось 50
2026-03-30 00:51:56.544 | INFO     | filters.ads_filter:apply:116 - После фильтрации _filter_watch_accessories осталось 49
2026-03-30 00:51:56.546 | INFO     | __main__:parse:176 - После фильтров: 49
2026-03-30 00:51:56.552 | INFO     | __main__:parse:184 - Новых объявлений на странице: 49
2026-03-30 00:51:56.555 | DEBUG    | __main__:get_next_page_url:357 - Страница 1
2026-03-30 00:51:56.556 | INFO     | __main__:parse:204 - Пауза 4 сек.
2026-03-30 00:52:00.559 | INFO     | __main__:parse:119 - page=2 url=https://www.avito.ru/moskva_i_mo/chasy_i_ukrasheniya/chasy/smart/smart_chasi-ASgBAgICA0TQAYYGhNgR_paHA4jYEY6XhwM?cd=1&f=ASgBAgECBkTQAYYG5rwN8tE08ooOpIKUAeSODpKfzgGE2BH~locDiNgRjpeHAwFFxpoMGXsiZnJvbSI6MTAwMCwidG8iOjE1MDAwMH0&localPriority=1&q=watch&p=2
2026-03-30 00:52:02.716 | INFO     | __main__:parse:161 - Объявлений до фильтров: 50
2026-03-30 00:52:02.732 | INFO     | filters.ads_filter:apply:116 - После фильтрации _filter_by_price_range осталось 50
2026-03-30 00:52:02.736 | INFO     | filters.ads_filter:apply:116 - После фильтрации _filter_watch_accessories осталось 50
2026-03-30 00:52:02.738 | INFO     | __main__:parse:176 - После фильтров: 50
2026-03-30 00:52:02.740 | INFO     | __main__:parse:184 - Новых объявлений на странице: 39
2026-03-30 00:52:02.742 | DEBUG    | __main__:get_next_page_url:357 - Страница 2
2026-03-30 00:52:02.746 | INFO     | __main__:parse:204 - Пауза 4 сек.
2026-03-30 00:52:06.749 | INFO     | __main__:parse:119 - page=3 url=https://www.avito.ru/moskva_i_mo/chasy_i_ukrasheniya/chasy/smart/smart_chasi-ASgBAgICA0TQAYYGhNgR_paHA4jYEY6XhwM?cd=1&f=ASgBAgECBkTQAYYG5rwN8tE08ooOpIKUAeSODpKfzgGE2BH~locDiNgRjpeHAwFFxpoMGXsiZnJvbSI6MTAwMCwidG8iOjE1MDAwMH0&localPriority=1&q=watch&p=3
2026-03-30 00:52:09.476 | INFO     | __main__:parse:161 - Объявлений до фильтров: 50
2026-03-30 00:52:09.490 | INFO     | filters.ads_filter:apply:116 - После фильтрации _filter_by_price_range осталось 50
2026-03-30 00:52:09.494 | INFO     | filters.ads_filter:apply:116 - После фильтрации _filter_watch_accessories осталось 49
2026-03-30 00:52:09.497 | INFO     | __main__:parse:176 - После фильтров: 49
2026-03-30 00:52:09.499 | INFO     | __main__:parse:184 - Новых объявлений на странице: 25
2026-03-30 00:52:09.503 | DEBUG    | __main__:get_next_page_url:357 - Страница 3
2026-03-30 00:52:09.505 | INFO     | __main__:parse:204 - Пауза 4 сек.
2026-03-30 00:52:13.509 | INFO     | __main__:parse:119 - page=4 url=https://www.avito.ru/moskva_i_mo/chasy_i_ukrasheniya/chasy/smart/smart_chasi-ASgBAgICA0TQAYYGhNgR_paHA4jYEY6XhwM?cd=1&f=ASgBAgECBkTQAYYG5rwN8tE08ooOpIKUAeSODpKfzgGE2BH~locDiNgRjpeHAwFFxpoMGXsiZnJvbSI6MTAwMCwidG8iOjE1MDAwMH0&localPriority=1&q=watch&p=4
2026-03-30 00:52:15.531 | INFO     | __main__:parse:161 - Объявлений до фильтров: 50
2026-03-30 00:52:15.547 | INFO     | filters.ads_filter:apply:116 - После фильтрации _filter_by_price_range осталось 50
2026-03-30 00:52:15.552 | INFO     | filters.ads_filter:apply:116 - После фильтрации _filter_watch_accessories осталось 50
2026-03-30 00:52:15.554 | INFO     | __main__:parse:176 - После фильтров: 50
2026-03-30 00:52:15.556 | INFO     | __main__:parse:184 - Новых объявлений на странице: 38
2026-03-30 00:52:15.558 | DEBUG    | __main__:get_next_page_url:357 - Страница 4
2026-03-30 00:52:15.559 | INFO     | __main__:parse:204 - Пауза 4 сек.
2026-03-30 00:52:19.562 | INFO     | __main__:parse:119 - page=5 url=https://www.avito.ru/moskva_i_mo/chasy_i_ukrasheniya/chasy/smart/smart_chasi-ASgBAgICA0TQAYYGhNgR_paHA4jYEY6XhwM?cd=1&f=ASgBAgECBkTQAYYG5rwN8tE08ooOpIKUAeSODpKfzgGE2BH~locDiNgRjpeHAwFFxpoMGXsiZnJvbSI6MTAwMCwidG8iOjE1MDAwMH0&localPriority=1&q=watch&p=5
2026-03-30 00:52:20.092 | WARNING  | parser.http.client:request:84 - Blocked request (429), attempt 1
2026-03-30 00:52:27.781 | WARNING  | parser.http.client:request:84 - Blocked request (429), attempt 2
2026-03-30 00:52:34.961 | WARNING  | parser.http.client:request:84 - Blocked request (429), attempt 3
2026-03-30 00:52:34.962 | WARNING  | parser.http.client:request:90 - Block threshold reached, handling block
2026-03-30 00:53:04.635 | WARNING  | parser.http.client:request:108 - Request error (attempt 4): Failed to perform, curl: (28) Connection timed out after 20007 milliseconds. See https://curl.se/libcurl/c/libcurl-errors.html first for more details.
2026-03-30 00:53:29.770 | INFO     | __main__:parse:161 - Объявлений до фильтров: 50
2026-03-30 00:53:29.787 | INFO     | filters.ads_filter:apply:116 - После фильтрации _filter_by_price_range осталось 50
2026-03-30 00:53:29.790 | INFO     | filters.ads_filter:apply:116 - После фильтрации _filter_watch_accessories осталось 50
2026-03-30 00:53:29.792 | INFO     | __main__:parse:176 - После фильтров: 50
2026-03-30 00:53:29.793 | INFO     | __main__:parse:184 - Новых объявлений на странице: 46
2026-03-30 00:53:29.795 | DEBUG    | __main__:get_next_page_url:357 - Страница 5
2026-03-30 00:53:29.797 | INFO     | __main__:parse:204 - Пауза 4 сек.
2026-03-30 00:53:33.799 | INFO     | __main__:parse:119 - page=6 url=https://www.avito.ru/moskva_i_mo/chasy_i_ukrasheniya/chasy/smart/smart_chasi-ASgBAgICA0TQAYYGhNgR_paHA4jYEY6XhwM?cd=1&f=ASgBAgECBkTQAYYG5rwN8tE08ooOpIKUAeSODpKfzgGE2BH~locDiNgRjpeHAwFFxpoMGXsiZnJvbSI6MTAwMCwidG8iOjE1MDAwMH0&localPriority=1&q=watch&p=6
2026-03-30 00:53:35.886 | INFO     | __main__:parse:161 - Объявлений до фильтров: 50
2026-03-30 00:53:35.903 | INFO     | filters.ads_filter:apply:116 - После фильтрации _filter_by_price_range осталось 50
2026-03-30 00:53:35.908 | INFO     | filters.ads_filter:apply:116 - После фильтрации _filter_watch_accessories осталось 50
2026-03-30 00:53:35.911 | INFO     | __main__:parse:176 - После фильтров: 50
2026-03-30 00:53:35.913 | INFO     | __main__:parse:184 - Новых объявлений на странице: 33
2026-03-30 00:53:35.914 | DEBUG    | __main__:get_next_page_url:357 - Страница 6
2026-03-30 00:53:35.916 | INFO     | __main__:parse:204 - Пауза 4 сек.
2026-03-30 00:53:39.922 | INFO     | __main__:parse:119 - page=7 url=https://www.avito.ru/moskva_i_mo/chasy_i_ukrasheniya/chasy/smart/smart_chasi-ASgBAgICA0TQAYYGhNgR_paHA4jYEY6XhwM?cd=1&f=ASgBAgECBkTQAYYG5rwN8tE08ooOpIKUAeSODpKfzgGE2BH~locDiNgRjpeHAwFFxpoMGXsiZnJvbSI6MTAwMCwidG8iOjE1MDAwMH0&localPriority=1&q=watch&p=7
2026-03-30 00:53:55.580 | WARNING  | parser.http.client:request:84 - Blocked request (429), attempt 1
2026-03-30 00:54:23.073 | WARNING  | parser.http.client:request:108 - Request error (attempt 2): Failed to perform, curl: (28) Connection timed out after 20016 milliseconds. See https://curl.se/libcurl/c/libcurl-errors.html first for more details.
2026-03-30 00:54:31.321 | WARNING  | parser.http.client:request:84 - Blocked request (429), attempt 2
2026-03-30 00:54:58.051 | WARNING  | parser.http.client:request:108 - Request error (attempt 4): Failed to perform, curl: (28) Connection timed out after 20014 milliseconds. See https://curl.se/libcurl/c/libcurl-errors.html first for more details.
2026-03-30 00:55:25.873 | WARNING  | parser.http.client:request:108 - Request error (attempt 5): Failed to perform, curl: (28) Connection timed out after 20015 milliseconds. See https://curl.se/libcurl/c/libcurl-errors.html first for more details.
2026-03-30 00:55:32.649 | WARNING  | __main__:fetch_data:79 - Ошибка при запросе https://www.avito.ru/moskva_i_mo/chasy_i_ukrasheniya/chasy/smart/smart_chasi-ASgBAgICA0TQAYYGhNgR_paHA4jYEY6XhwM?cd=1&f=ASgBAgECBkTQAYYG5rwN8tE08ooOpIKUAeSODpKfzgGE2BH~locDiNgRjpeHAwFFxpoMGXsiZnJvbSI6MTAwMCwidG8iOjE1MDAwMH0&localPriority=1&q=watch&p=7: HTTP request failed after retries
2026-03-30 00:55:32.654 | WARNING  | __main__:parse:131 - Не удалось получить HTML для https://www.avito.ru/moskva_i_mo/chasy_i_ukrasheniya/chasy/smart/smart_chasi-ASgBAgICA0TQAYYGhNgR_paHA4jYEY6XhwM?cd=1&f=ASgBAgECBkTQAYYG5rwN8tE08ooOpIKUAeSODpKfzgGE2BH~locDiNgRjpeHAwFFxpoMGXsiZnJvbSI6MTAwMCwidG8iOjE1MDAwMH0&localPriority=1&q=watch&p=7, попытка 1
2026-03-30 00:55:36.657 | INFO     | __main__:parse:119 - page=7 url=https://www.avito.ru/moskva_i_mo/chasy_i_ukrasheniya/chasy/smart/smart_chasi-ASgBAgICA0TQAYYGhNgR_paHA4jYEY6XhwM?cd=1&f=ASgBAgECBkTQAYYG5rwN8tE08ooOpIKUAeSODpKfzgGE2BH~locDiNgRjpeHAwFFxpoMGXsiZnJvbSI6MTAwMCwidG8iOjE1MDAwMH0&localPriority=1&q=watch&p=7
2026-03-30 00:55:52.495 | WARNING  | parser.http.client:request:84 - Blocked request (429), attempt 3
2026-03-30 00:55:52.497 | WARNING  | parser.http.client:request:90 - Block threshold reached, handling block
2026-03-30 00:56:03.746 | WARNING  | parser.http.client:request:84 - Blocked request (429), attempt 1
2026-03-30 00:56:11.238 | WARNING  | parser.http.client:request:84 - Blocked request (429), attempt 2
2026-03-30 00:56:18.256 | WARNING  | parser.http.client:request:84 - Blocked request (429), attempt 3
2026-03-30 00:56:18.260 | WARNING  | parser.http.client:request:90 - Block threshold reached, handling block
2026-03-30 00:56:30.873 | INFO     | __main__:parse:161 - Объявлений до фильтров: 50
2026-03-30 00:56:30.888 | INFO     | filters.ads_filter:apply:116 - После фильтрации _filter_by_price_range осталось 50
2026-03-30 00:56:30.894 | INFO     | filters.ads_filter:apply:116 - После фильтрации _filter_watch_accessories осталось 50
2026-03-30 00:56:30.896 | INFO     | __main__:parse:176 - После фильтров: 50
2026-03-30 00:56:30.898 | INFO     | __main__:parse:184 - Новых объявлений на странице: 42
2026-03-30 00:56:30.900 | DEBUG    | __main__:get_next_page_url:357 - Страница 7
2026-03-30 00:56:30.902 | INFO     | __main__:parse:204 - Пауза 4 сек.
2026-03-30 00:56:34.905 | INFO     | __main__:parse:119 - page=8 url=https://www.avito.ru/moskva_i_mo/chasy_i_ukrasheniya/chasy/smart/smart_chasi-ASgBAgICA0TQAYYGhNgR_paHA4jYEY6XhwM?cd=1&f=ASgBAgECBkTQAYYG5rwN8tE08ooOpIKUAeSODpKfzgGE2BH~locDiNgRjpeHAwFFxpoMGXsiZnJvbSI6MTAwMCwidG8iOjE1MDAwMH0&localPriority=1&q=watch&p=8
2026-03-30 00:56:36.962 | INFO     | __main__:parse:161 - Объявлений до фильтров: 50
2026-03-30 00:56:36.978 | INFO     | filters.ads_filter:apply:116 - После фильтрации _filter_by_price_range осталось 50
2026-03-30 00:56:36.981 | INFO     | filters.ads_filter:apply:116 - После фильтрации _filter_watch_accessories осталось 49
2026-03-30 00:56:36.983 | INFO     | __main__:parse:176 - После фильтров: 49
2026-03-30 00:56:36.984 | INFO     | __main__:parse:184 - Новых объявлений на странице: 45
2026-03-30 00:56:36.986 | DEBUG    | __main__:get_next_page_url:357 - Страница 8
2026-03-30 00:56:36.988 | INFO     | __main__:parse:204 - Пауза 4 сек.
2026-03-30 00:56:40.990 | INFO     | __main__:parse:119 - page=9 url=https://www.avito.ru/moskva_i_mo/chasy_i_ukrasheniya/chasy/smart/smart_chasi-ASgBAgICA0TQAYYGhNgR_paHA4jYEY6XhwM?cd=1&f=ASgBAgECBkTQAYYG5rwN8tE08ooOpIKUAeSODpKfzgGE2BH~locDiNgRjpeHAwFFxpoMGXsiZnJvbSI6MTAwMCwidG8iOjE1MDAwMH0&localPriority=1&q=watch&p=9
2026-03-30 00:56:43.087 | INFO     | __main__:parse:161 - Объявлений до фильтров: 50
2026-03-30 00:56:43.104 | INFO     | filters.ads_filter:apply:116 - После фильтрации _filter_by_price_range осталось 50
2026-03-30 00:56:43.108 | INFO     | filters.ads_filter:apply:116 - После фильтрации _filter_watch_accessories осталось 49
2026-03-30 00:56:43.111 | INFO     | __main__:parse:176 - После фильтров: 49
2026-03-30 00:56:43.113 | INFO     | __main__:parse:184 - Новых объявлений на странице: 30
2026-03-30 00:56:43.114 | DEBUG    | __main__:get_next_page_url:357 - Страница 9
2026-03-30 00:56:43.119 | INFO     | __main__:parse:204 - Пауза 4 сек.
2026-03-30 00:56:47.121 | INFO     | __main__:parse:119 - page=10 url=https://www.avito.ru/moskva_i_mo/chasy_i_ukrasheniya/chasy/smart/smart_chasi-ASgBAgICA0TQAYYGhNgR_paHA4jYEY6XhwM?cd=1&f=ASgBAgECBkTQAYYG5rwN8tE08ooOpIKUAeSODpKfzgGE2BH~locDiNgRjpeHAwFFxpoMGXsiZnJvbSI6MTAwMCwidG8iOjE1MDAwMH0&localPriority=1&q=watch&p=10
2026-03-30 00:56:47.684 | WARNING  | parser.http.client:request:84 - Blocked request (429), attempt 1
2026-03-30 00:56:54.582 | WARNING  | parser.http.client:request:84 - Blocked request (429), attempt 2
2026-03-30 00:57:01.437 | WARNING  | parser.http.client:request:84 - Blocked request (429), attempt 3
2026-03-30 00:57:01.439 | WARNING  | parser.http.client:request:90 - Block threshold reached, handling block
2026-03-30 00:57:14.074 | INFO     | __main__:parse:161 - Объявлений до фильтров: 50
2026-03-30 00:57:14.090 | INFO     | filters.ads_filter:apply:116 - После фильтрации _filter_by_price_range осталось 50
2026-03-30 00:57:14.095 | INFO     | filters.ads_filter:apply:116 - После фильтрации _filter_watch_accessories осталось 49
2026-03-30 00:57:14.100 | INFO     | __main__:parse:176 - После фильтров: 49
2026-03-30 00:57:14.102 | INFO     | __main__:parse:184 - Новых объявлений на странице: 45
2026-03-30 00:57:14.104 | DEBUG    | __main__:get_next_page_url:357 - Страница 10
2026-03-30 00:57:14.107 | INFO     | __main__:parse:204 - Пауза 4 сек.
2026-03-30 00:57:18.109 | INFO     | __main__:parse:119 - page=11 url=https://www.avito.ru/moskva_i_mo/chasy_i_ukrasheniya/chasy/smart/smart_chasi-ASgBAgICA0TQAYYGhNgR_paHA4jYEY6XhwM?cd=1&f=ASgBAgECBkTQAYYG5rwN8tE08ooOpIKUAeSODpKfzgGE2BH~locDiNgRjpeHAwFFxpoMGXsiZnJvbSI6MTAwMCwidG8iOjE1MDAwMH0&localPriority=1&q=watch&p=11
2026-03-30 00:57:20.160 | INFO     | __main__:parse:161 - Объявлений до фильтров: 50
2026-03-30 00:57:20.178 | INFO     | filters.ads_filter:apply:116 - После фильтрации _filter_by_price_range осталось 50
2026-03-30 00:57:20.182 | INFO     | filters.ads_filter:apply:116 - После фильтрации _filter_watch_accessories осталось 50
2026-03-30 00:57:20.187 | INFO     | __main__:parse:176 - После фильтров: 50
2026-03-30 00:57:20.189 | INFO     | __main__:parse:184 - Новых объявлений на странице: 45
2026-03-30 00:57:20.191 | DEBUG    | __main__:get_next_page_url:357 - Страница 11
2026-03-30 00:57:20.193 | INFO     | __main__:parse:204 - Пауза 4 сек.
2026-03-30 00:57:24.196 | INFO     | __main__:parse:119 - page=12 url=https://www.avito.ru/moskva_i_mo/chasy_i_ukrasheniya/chasy/smart/smart_chasi-ASgBAgICA0TQAYYGhNgR_paHA4jYEY6XhwM?cd=1&f=ASgBAgECBkTQAYYG5rwN8tE08ooOpIKUAeSODpKfzgGE2BH~locDiNgRjpeHAwFFxpoMGXsiZnJvbSI6MTAwMCwidG8iOjE1MDAwMH0&localPriority=1&q=watch&p=12
2026-03-30 00:57:26.642 | INFO     | __main__:parse:161 - Объявлений до фильтров: 50
2026-03-30 00:57:26.657 | INFO     | filters.ads_filter:apply:116 - После фильтрации _filter_by_price_range осталось 50
2026-03-30 00:57:26.660 | INFO     | filters.ads_filter:apply:116 - После фильтрации _filter_watch_accessories осталось 50
2026-03-30 00:57:26.665 | INFO     | __main__:parse:176 - После фильтров: 50
2026-03-30 00:57:26.668 | INFO     | __main__:parse:184 - Новых объявлений на странице: 35
2026-03-30 00:57:26.671 | DEBUG    | __main__:get_next_page_url:357 - Страница 12
2026-03-30 00:57:26.673 | INFO     | __main__:parse:204 - Пауза 4 сек.
2026-03-30 00:57:30.676 | INFO     | __main__:parse:119 - page=13 url=https://www.avito.ru/moskva_i_mo/chasy_i_ukrasheniya/chasy/smart/smart_chasi-ASgBAgICA0TQAYYGhNgR_paHA4jYEY6XhwM?cd=1&f=ASgBAgECBkTQAYYG5rwN8tE08ooOpIKUAeSODpKfzgGE2BH~locDiNgRjpeHAwFFxpoMGXsiZnJvbSI6MTAwMCwidG8iOjE1MDAwMH0&localPriority=1&q=watch&p=13
2026-03-30 00:57:33.667 | INFO     | __main__:parse:161 - Объявлений до фильтров: 50
2026-03-30 00:57:33.682 | INFO     | filters.ads_filter:apply:116 - После фильтрации _filter_by_price_range осталось 50
2026-03-30 00:57:33.686 | INFO     | filters.ads_filter:apply:116 - После фильтрации _filter_watch_accessories осталось 50
2026-03-30 00:57:33.691 | INFO     | __main__:parse:176 - После фильтров: 50
2026-03-30 00:57:33.693 | INFO     | __main__:parse:184 - Новых объявлений на странице: 36
2026-03-30 00:57:33.695 | DEBUG    | __main__:get_next_page_url:357 - Страница 13
2026-03-30 00:57:33.697 | INFO     | __main__:parse:204 - Пауза 4 сек.
2026-03-30 00:57:37.700 | INFO     | __main__:parse:119 - page=14 url=https://www.avito.ru/moskva_i_mo/chasy_i_ukrasheniya/chasy/smart/smart_chasi-ASgBAgICA0TQAYYGhNgR_paHA4jYEY6XhwM?cd=1&f=ASgBAgECBkTQAYYG5rwN8tE08ooOpIKUAeSODpKfzgGE2BH~locDiNgRjpeHAwFFxpoMGXsiZnJvbSI6MTAwMCwidG8iOjE1MDAwMH0&localPriority=1&q=watch&p=14
2026-03-30 00:57:38.325 | WARNING  | parser.http.client:request:84 - Blocked request (429), attempt 1
2026-03-30 00:57:44.943 | WARNING  | parser.http.client:request:84 - Blocked request (429), attempt 2
2026-03-30 00:57:53.001 | WARNING  | parser.http.client:request:84 - Blocked request (429), attempt 3
2026-03-30 00:57:53.004 | WARNING  | parser.http.client:request:90 - Block threshold reached, handling block
2026-03-30 00:58:05.380 | INFO     | __main__:parse:161 - Объявлений до фильтров: 50
2026-03-30 00:58:05.395 | INFO     | filters.ads_filter:apply:116 - После фильтрации _filter_by_price_range осталось 50
2026-03-30 00:58:05.398 | INFO     | filters.ads_filter:apply:116 - После фильтрации _filter_watch_accessories осталось 50
2026-03-30 00:58:05.400 | INFO     | __main__:parse:176 - После фильтров: 50
2026-03-30 00:58:05.405 | INFO     | __main__:parse:184 - Новых объявлений на странице: 29
2026-03-30 00:58:05.408 | DEBUG    | __main__:get_next_page_url:357 - Страница 14
2026-03-30 00:58:05.410 | INFO     | __main__:parse:204 - Пауза 4 сек.
2026-03-30 00:58:09.412 | INFO     | __main__:parse:119 - page=15 url=https://www.avito.ru/moskva_i_mo/chasy_i_ukrasheniya/chasy/smart/smart_chasi-ASgBAgICA0TQAYYGhNgR_paHA4jYEY6XhwM?cd=1&f=ASgBAgECBkTQAYYG5rwN8tE08ooOpIKUAeSODpKfzgGE2BH~locDiNgRjpeHAwFFxpoMGXsiZnJvbSI6MTAwMCwidG8iOjE1MDAwMH0&localPriority=1&q=watch&p=15
2026-03-30 00:58:12.660 | INFO     | __main__:parse:161 - Объявлений до фильтров: 50
2026-03-30 00:58:12.678 | INFO     | filters.ads_filter:apply:116 - После фильтрации _filter_by_price_range осталось 50
2026-03-30 00:58:12.681 | INFO     | filters.ads_filter:apply:116 - После фильтрации _filter_watch_accessories осталось 50
2026-03-30 00:58:12.684 | INFO     | __main__:parse:176 - После фильтров: 50
2026-03-30 00:58:12.686 | INFO     | __main__:parse:184 - Новых объявлений на странице: 46
2026-03-30 00:58:12.692 | DEBUG    | __main__:get_next_page_url:357 - Страница 15
2026-03-30 00:58:12.694 | INFO     | __main__:parse:204 - Пауза 4 сек.
2026-03-30 00:58:16.697 | INFO     | __main__:parse:119 - page=16 url=https://www.avito.ru/moskva_i_mo/chasy_i_ukrasheniya/chasy/smart/smart_chasi-ASgBAgICA0TQAYYGhNgR_paHA4jYEY6XhwM?cd=1&f=ASgBAgECBkTQAYYG5rwN8tE08ooOpIKUAeSODpKfzgGE2BH~locDiNgRjpeHAwFFxpoMGXsiZnJvbSI6MTAwMCwidG8iOjE1MDAwMH0&localPriority=1&q=watch&p=16
2026-03-30 00:58:19.260 | INFO     | __main__:parse:161 - Объявлений до фильтров: 50
2026-03-30 00:58:19.275 | INFO     | filters.ads_filter:apply:116 - После фильтрации _filter_by_price_range осталось 50
2026-03-30 00:58:19.281 | INFO     | filters.ads_filter:apply:116 - После фильтрации _filter_watch_accessories осталось 50
2026-03-30 00:58:19.283 | INFO     | __main__:parse:176 - После фильтров: 50
2026-03-30 00:58:19.285 | INFO     | __main__:parse:184 - Новых объявлений на странице: 38
2026-03-30 00:58:19.287 | DEBUG    | __main__:get_next_page_url:357 - Страница 16
2026-03-30 00:58:19.292 | INFO     | __main__:parse:204 - Пауза 4 сек.
2026-03-30 00:58:23.297 | INFO     | __main__:parse:119 - page=17 url=https://www.avito.ru/moskva_i_mo/chasy_i_ukrasheniya/chasy/smart/smart_chasi-ASgBAgICA0TQAYYGhNgR_paHA4jYEY6XhwM?cd=1&f=ASgBAgECBkTQAYYG5rwN8tE08ooOpIKUAeSODpKfzgGE2BH~locDiNgRjpeHAwFFxpoMGXsiZnJvbSI6MTAwMCwidG8iOjE1MDAwMH0&localPriority=1&q=watch&p=17
2026-03-30 00:58:26.504 | INFO     | __main__:parse:161 - Объявлений до фильтров: 50
2026-03-30 00:58:26.518 | INFO     | filters.ads_filter:apply:116 - После фильтрации _filter_by_price_range осталось 50
2026-03-30 00:58:26.521 | INFO     | filters.ads_filter:apply:116 - После фильтрации _filter_watch_accessories осталось 50
2026-03-30 00:58:26.526 | INFO     | __main__:parse:176 - После фильтров: 50
2026-03-30 00:58:26.528 | INFO     | __main__:parse:184 - Новых объявлений на странице: 34
2026-03-30 00:58:26.530 | DEBUG    | __main__:get_next_page_url:357 - Страница 17
2026-03-30 00:58:26.532 | INFO     | __main__:parse:204 - Пауза 4 сек.
2026-03-30 00:58:30.535 | INFO     | __main__:parse:119 - page=18 url=https://www.avito.ru/moskva_i_mo/chasy_i_ukrasheniya/chasy/smart/smart_chasi-ASgBAgICA0TQAYYGhNgR_paHA4jYEY6XhwM?cd=1&f=ASgBAgECBkTQAYYG5rwN8tE08ooOpIKUAeSODpKfzgGE2BH~locDiNgRjpeHAwFFxpoMGXsiZnJvbSI6MTAwMCwidG8iOjE1MDAwMH0&localPriority=1&q=watch&p=18
2026-03-30 00:58:31.162 | WARNING  | parser.http.client:request:84 - Blocked request (429), attempt 1
2026-03-30 00:58:38.926 | WARNING  | parser.http.client:request:84 - Blocked request (429), attempt 2
2026-03-30 00:58:45.749 | WARNING  | parser.http.client:request:84 - Blocked request (429), attempt 3
2026-03-30 00:58:45.752 | WARNING  | parser.http.client:request:90 - Block threshold reached, handling block
2026-03-30 00:59:01.845 | INFO     | __main__:parse:161 - Объявлений до фильтров: 50
2026-03-30 00:59:01.861 | INFO     | filters.ads_filter:apply:116 - После фильтрации _filter_by_price_range осталось 50
2026-03-30 00:59:01.865 | INFO     | filters.ads_filter:apply:116 - После фильтрации _filter_watch_accessories осталось 50
2026-03-30 00:59:01.868 | INFO     | __main__:parse:176 - После фильтров: 50
2026-03-30 00:59:01.870 | INFO     | __main__:parse:184 - Новых объявлений на странице: 33
2026-03-30 00:59:01.874 | DEBUG    | __main__:get_next_page_url:357 - Страница 18
2026-03-30 00:59:01.877 | INFO     | __main__:parse:204 - Пауза 4 сек.
2026-03-30 00:59:05.880 | INFO     | __main__:parse:119 - page=19 url=https://www.avito.ru/moskva_i_mo/chasy_i_ukrasheniya/chasy/smart/smart_chasi-ASgBAgICA0TQAYYGhNgR_paHA4jYEY6XhwM?cd=1&f=ASgBAgECBkTQAYYG5rwN8tE08ooOpIKUAeSODpKfzgGE2BH~locDiNgRjpeHAwFFxpoMGXsiZnJvbSI6MTAwMCwidG8iOjE1MDAwMH0&localPriority=1&q=watch&p=19
2026-03-30 00:59:08.319 | INFO     | __main__:parse:161 - Объявлений до фильтров: 50
2026-03-30 00:59:08.333 | INFO     | filters.ads_filter:apply:116 - После фильтрации _filter_by_price_range осталось 50
2026-03-30 00:59:08.338 | INFO     | filters.ads_filter:apply:116 - После фильтрации _filter_watch_accessories осталось 50
2026-03-30 00:59:08.340 | INFO     | __main__:parse:176 - После фильтров: 50
2026-03-30 00:59:08.343 | INFO     | __main__:parse:184 - Новых объявлений на странице: 24
2026-03-30 00:59:08.346 | DEBUG    | __main__:get_next_page_url:357 - Страница 19
2026-03-30 00:59:08.347 | INFO     | __main__:parse:204 - Пауза 4 сек.
2026-03-30 00:59:12.350 | INFO     | __main__:parse:119 - page=20 url=https://www.avito.ru/moskva_i_mo/chasy_i_ukrasheniya/chasy/smart/smart_chasi-ASgBAgICA0TQAYYGhNgR_paHA4jYEY6XhwM?cd=1&f=ASgBAgECBkTQAYYG5rwN8tE08ooOpIKUAeSODpKfzgGE2BH~locDiNgRjpeHAwFFxpoMGXsiZnJvbSI6MTAwMCwidG8iOjE1MDAwMH0&localPriority=1&q=watch&p=20
2026-03-30 00:59:14.679 | INFO     | __main__:parse:161 - Объявлений до фильтров: 50
2026-03-30 00:59:14.694 | INFO     | filters.ads_filter:apply:116 - После фильтрации _filter_by_price_range осталось 50
2026-03-30 00:59:14.701 | INFO     | filters.ads_filter:apply:116 - После фильтрации _filter_watch_accessories осталось 50
2026-03-30 00:59:14.704 | INFO     | __main__:parse:176 - После фильтров: 50
2026-03-30 00:59:14.705 | INFO     | __main__:parse:184 - Новых объявлений на странице: 25
2026-03-30 00:59:14.707 | INFO     | __main__:parse:193 - Достигнут лимит страниц count=20
2026-03-30 00:59:14.708 | INFO     | __main__:parse:207 - По ссылке собрано объявлений: 737
2026-03-30 00:59:14.710 | INFO     | __main__:parse:208 - Пауза перед следующей ссылкой 8 сек.
2026-03-30 00:59:31.584 | INFO     | __main__:rotate_proxy_before_new_url:94 - IP прокси обновлён перед новой ссылкой
2026-03-30 00:59:36.587 | INFO     | __main__:reset_http_client:89 - HTTP клиент пересоздан
2026-03-30 00:59:36.590 | INFO     | __main__:parse:105 - Начинаю парсинг ссылки: https://www.avito.ru/moskva_i_mo/chasy_i_ukrasheniya/chasy/smart/smart_chasi-ASgBAgICA0TQAYYGhNgR_paHA4jYEY6XhwM?cd=1&f=ASgBAgECBkTQAYYG5rwN8tE08ooOpIKUAeSODpqbzgGE2BH~locDiNgRjpeHAwFFxpoMGXsiZnJvbSI6MTAwMCwidG8iOjE1MDAwMH0&localPriority=1&q=watch
2026-03-30 00:59:36.593 | INFO     | __main__:reset_http_client:89 - HTTP клиент пересоздан
2026-03-30 00:59:36.595 | INFO     | __main__:parse:108 - Начинаю парсинг ссылки: https://www.avito.ru/moskva_i_mo/chasy_i_ukrasheniya/chasy/smart/smart_chasi-ASgBAgICA0TQAYYGhNgR_paHA4jYEY6XhwM?cd=1&f=ASgBAgECBkTQAYYG5rwN8tE08ooOpIKUAeSODpqbzgGE2BH~locDiNgRjpeHAwFFxpoMGXsiZnJvbSI6MTAwMCwidG8iOjE1MDAwMH0&localPriority=1&q=watch
2026-03-30 00:59:36.597 | INFO     | __main__:parse:119 - page=1 url=https://www.avito.ru/moskva_i_mo/chasy_i_ukrasheniya/chasy/smart/smart_chasi-ASgBAgICA0TQAYYGhNgR_paHA4jYEY6XhwM?cd=1&f=ASgBAgECBkTQAYYG5rwN8tE08ooOpIKUAeSODpqbzgGE2BH~locDiNgRjpeHAwFFxpoMGXsiZnJvbSI6MTAwMCwidG8iOjE1MDAwMH0&localPriority=1&q=watch
2026-03-30 00:59:38.871 | INFO     | __main__:parse:161 - Объявлений до фильтров: 50
2026-03-30 00:59:38.889 | INFO     | filters.ads_filter:apply:116 - После фильтрации _filter_by_price_range осталось 50
2026-03-30 00:59:38.897 | INFO     | filters.ads_filter:apply:116 - После фильтрации _filter_watch_accessories осталось 38
2026-03-30 00:59:38.900 | INFO     | __main__:parse:176 - После фильтров: 38
2026-03-30 00:59:38.901 | INFO     | __main__:parse:184 - Новых объявлений на странице: 38
2026-03-30 00:59:38.903 | DEBUG    | __main__:get_next_page_url:357 - Страница 1
2026-03-30 00:59:38.905 | INFO     | __main__:parse:204 - Пауза 4 сек.
2026-03-30 00:59:42.907 | INFO     | __main__:parse:119 - page=2 url=https://www.avito.ru/moskva_i_mo/chasy_i_ukrasheniya/chasy/smart/smart_chasi-ASgBAgICA0TQAYYGhNgR_paHA4jYEY6XhwM?cd=1&f=ASgBAgECBkTQAYYG5rwN8tE08ooOpIKUAeSODpqbzgGE2BH~locDiNgRjpeHAwFFxpoMGXsiZnJvbSI6MTAwMCwidG8iOjE1MDAwMH0&localPriority=1&q=watch&p=2
2026-03-30 00:59:45.255 | INFO     | __main__:parse:161 - Объявлений до фильтров: 50
2026-03-30 00:59:45.271 | INFO     | filters.ads_filter:apply:116 - После фильтрации _filter_by_price_range осталось 50
2026-03-30 00:59:45.275 | INFO     | filters.ads_filter:apply:116 - После фильтрации _filter_watch_accessories осталось 44
2026-03-30 00:59:45.277 | INFO     | __main__:parse:176 - После фильтров: 44
2026-03-30 00:59:45.279 | INFO     | __main__:parse:184 - Новых объявлений на странице: 37
2026-03-30 00:59:45.283 | DEBUG    | __main__:get_next_page_url:357 - Страница 2
2026-03-30 00:59:45.285 | INFO     | __main__:parse:204 - Пауза 4 сек.
2026-03-30 00:59:49.288 | INFO     | __main__:parse:119 - page=3 url=https://www.avito.ru/moskva_i_mo/chasy_i_ukrasheniya/chasy/smart/smart_chasi-ASgBAgICA0TQAYYGhNgR_paHA4jYEY6XhwM?cd=1&f=ASgBAgECBkTQAYYG5rwN8tE08ooOpIKUAeSODpqbzgGE2BH~locDiNgRjpeHAwFFxpoMGXsiZnJvbSI6MTAwMCwidG8iOjE1MDAwMH0&localPriority=1&q=watch&p=3
2026-03-30 00:59:51.941 | INFO     | __main__:parse:161 - Объявлений до фильтров: 50
2026-03-30 00:59:51.959 | INFO     | filters.ads_filter:apply:116 - После фильтрации _filter_by_price_range осталось 50
2026-03-30 00:59:51.962 | INFO     | filters.ads_filter:apply:116 - После фильтрации _filter_watch_accessories осталось 42
2026-03-30 00:59:51.964 | INFO     | __main__:parse:176 - После фильтров: 42
2026-03-30 00:59:51.970 | INFO     | __main__:parse:184 - Новых объявлений на странице: 41
2026-03-30 00:59:51.972 | DEBUG    | __main__:get_next_page_url:357 - Страница 3
2026-03-30 00:59:51.974 | INFO     | __main__:parse:204 - Пауза 4 сек.
2026-03-30 00:59:55.977 | INFO     | __main__:parse:119 - page=4 url=https://www.avito.ru/moskva_i_mo/chasy_i_ukrasheniya/chasy/smart/smart_chasi-ASgBAgICA0TQAYYGhNgR_paHA4jYEY6XhwM?cd=1&f=ASgBAgECBkTQAYYG5rwN8tE08ooOpIKUAeSODpqbzgGE2BH~locDiNgRjpeHAwFFxpoMGXsiZnJvbSI6MTAwMCwidG8iOjE1MDAwMH0&localPriority=1&q=watch&p=4
2026-03-30 00:59:58.078 | INFO     | __main__:parse:161 - Объявлений до фильтров: 50
2026-03-30 00:59:58.097 | INFO     | filters.ads_filter:apply:116 - После фильтрации _filter_by_price_range осталось 50
2026-03-30 00:59:58.100 | INFO     | filters.ads_filter:apply:116 - После фильтрации _filter_watch_accessories осталось 46
2026-03-30 00:59:58.103 | INFO     | __main__:parse:176 - После фильтров: 46
2026-03-30 00:59:58.105 | INFO     | __main__:parse:184 - Новых объявлений на странице: 41
2026-03-30 00:59:58.109 | DEBUG    | __main__:get_next_page_url:357 - Страница 4
2026-03-30 00:59:58.111 | INFO     | __main__:parse:204 - Пауза 4 сек.
2026-03-30 01:00:02.113 | INFO     | __main__:parse:119 - page=5 url=https://www.avito.ru/moskva_i_mo/chasy_i_ukrasheniya/chasy/smart/smart_chasi-ASgBAgICA0TQAYYGhNgR_paHA4jYEY6XhwM?cd=1&f=ASgBAgECBkTQAYYG5rwN8tE08ooOpIKUAeSODpqbzgGE2BH~locDiNgRjpeHAwFFxpoMGXsiZnJvbSI6MTAwMCwidG8iOjE1MDAwMH0&localPriority=1&q=watch&p=5
2026-03-30 01:00:02.657 | WARNING  | parser.http.client:request:84 - Blocked request (429), attempt 1
2026-03-30 01:00:10.598 | WARNING  | parser.http.client:request:84 - Blocked request (429), attempt 2
2026-03-30 01:00:17.979 | WARNING  | parser.http.client:request:84 - Blocked request (429), attempt 3
2026-03-30 01:00:17.981 | WARNING  | parser.http.client:request:90 - Block threshold reached, handling block
2026-03-30 01:00:29.555 | INFO     | __main__:parse:161 - Объявлений до фильтров: 50
2026-03-30 01:00:29.572 | INFO     | filters.ads_filter:apply:116 - После фильтрации _filter_by_price_range осталось 50
2026-03-30 01:00:29.575 | INFO     | filters.ads_filter:apply:116 - После фильтрации _filter_watch_accessories осталось 38
2026-03-30 01:00:29.581 | INFO     | __main__:parse:176 - После фильтров: 38
2026-03-30 01:00:29.583 | INFO     | __main__:parse:184 - Новых объявлений на странице: 29
2026-03-30 01:00:29.586 | DEBUG    | __main__:get_next_page_url:357 - Страница 5
2026-03-30 01:00:29.588 | INFO     | __main__:parse:204 - Пауза 4 сек.
2026-03-30 01:00:33.589 | INFO     | __main__:parse:119 - page=6 url=https://www.avito.ru/moskva_i_mo/chasy_i_ukrasheniya/chasy/smart/smart_chasi-ASgBAgICA0TQAYYGhNgR_paHA4jYEY6XhwM?cd=1&f=ASgBAgECBkTQAYYG5rwN8tE08ooOpIKUAeSODpqbzgGE2BH~locDiNgRjpeHAwFFxpoMGXsiZnJvbSI6MTAwMCwidG8iOjE1MDAwMH0&localPriority=1&q=watch&p=6
2026-03-30 01:00:38.729 | INFO     | __main__:parse:161 - Объявлений до фильтров: 50
2026-03-30 01:00:38.746 | INFO     | filters.ads_filter:apply:116 - После фильтрации _filter_by_price_range осталось 50
2026-03-30 01:00:38.752 | INFO     | filters.ads_filter:apply:116 - После фильтрации _filter_watch_accessories осталось 41
2026-03-30 01:00:38.754 | INFO     | __main__:parse:176 - После фильтров: 41
2026-03-30 01:00:38.756 | INFO     | __main__:parse:184 - Новых объявлений на странице: 28
2026-03-30 01:00:38.757 | DEBUG    | __main__:get_next_page_url:357 - Страница 6
2026-03-30 01:00:38.763 | INFO     | __main__:parse:204 - Пауза 4 сек.
2026-03-30 01:00:42.766 | INFO     | __main__:parse:119 - page=7 url=https://www.avito.ru/moskva_i_mo/chasy_i_ukrasheniya/chasy/smart/smart_chasi-ASgBAgICA0TQAYYGhNgR_paHA4jYEY6XhwM?cd=1&f=ASgBAgECBkTQAYYG5rwN8tE08ooOpIKUAeSODpqbzgGE2BH~locDiNgRjpeHAwFFxpoMGXsiZnJvbSI6MTAwMCwidG8iOjE1MDAwMH0&localPriority=1&q=watch&p=7
2026-03-30 01:00:43.318 | WARNING  | parser.http.client:request:84 - Blocked request (429), attempt 1
2026-03-30 01:00:50.730 | WARNING  | parser.http.client:request:84 - Blocked request (429), attempt 2
2026-03-30 01:00:59.271 | WARNING  | parser.http.client:request:84 - Blocked request (429), attempt 3
2026-03-30 01:00:59.274 | WARNING  | parser.http.client:request:90 - Block threshold reached, handling block
2026-03-30 01:01:08.734 | WARNING  | parser.http.client:request:84 - Blocked request (429), attempt 1
2026-03-30 01:01:16.353 | WARNING  | parser.http.client:request:84 - Blocked request (429), attempt 2
2026-03-30 01:01:22.630 | WARNING  | __main__:fetch_data:79 - Ошибка при запросе https://www.avito.ru/moskva_i_mo/chasy_i_ukrasheniya/chasy/smart/smart_chasi-ASgBAgICA0TQAYYGhNgR_paHA4jYEY6XhwM?cd=1&f=ASgBAgECBkTQAYYG5rwN8tE08ooOpIKUAeSODpqbzgGE2BH~locDiNgRjpeHAwFFxpoMGXsiZnJvbSI6MTAwMCwidG8iOjE1MDAwMH0&localPriority=1&q=watch&p=7: HTTP request failed after retries
2026-03-30 01:01:22.636 | WARNING  | __main__:parse:131 - Не удалось получить HTML для https://www.avito.ru/moskva_i_mo/chasy_i_ukrasheniya/chasy/smart/smart_chasi-ASgBAgICA0TQAYYGhNgR_paHA4jYEY6XhwM?cd=1&f=ASgBAgECBkTQAYYG5rwN8tE08ooOpIKUAeSODpqbzgGE2BH~locDiNgRjpeHAwFFxpoMGXsiZnJvbSI6MTAwMCwidG8iOjE1MDAwMH0&localPriority=1&q=watch&p=7, попытка 1
2026-03-30 01:01:26.640 | INFO     | __main__:parse:119 - page=7 url=https://www.avito.ru/moskva_i_mo/chasy_i_ukrasheniya/chasy/smart/smart_chasi-ASgBAgICA0TQAYYGhNgR_paHA4jYEY6XhwM?cd=1&f=ASgBAgECBkTQAYYG5rwN8tE08ooOpIKUAeSODpqbzgGE2BH~locDiNgRjpeHAwFFxpoMGXsiZnJvbSI6MTAwMCwidG8iOjE1MDAwMH0&localPriority=1&q=watch&p=7
2026-03-30 01:01:27.141 | WARNING  | parser.http.client:request:84 - Blocked request (429), attempt 3
2026-03-30 01:01:27.144 | WARNING  | parser.http.client:request:90 - Block threshold reached, handling block
2026-03-30 01:01:43.403 | WARNING  | parser.http.client:request:84 - Blocked request (429), attempt 1
2026-03-30 01:01:50.751 | WARNING  | parser.http.client:request:84 - Blocked request (429), attempt 2
2026-03-30 01:01:58.696 | WARNING  | parser.http.client:request:84 - Blocked request (429), attempt 3
2026-03-30 01:01:58.699 | WARNING  | parser.http.client:request:90 - Block threshold reached, handling block
2026-03-30 01:02:10.269 | INFO     | __main__:parse:161 - Объявлений до фильтров: 50
2026-03-30 01:02:10.285 | INFO     | filters.ads_filter:apply:116 - После фильтрации _filter_by_price_range осталось 50
2026-03-30 01:02:10.290 | INFO     | filters.ads_filter:apply:116 - После фильтрации _filter_watch_accessories осталось 39
2026-03-30 01:02:10.293 | INFO     | __main__:parse:176 - После фильтров: 39
2026-03-30 01:02:10.295 | INFO     | __main__:parse:184 - Новых объявлений на странице: 33
2026-03-30 01:02:10.297 | DEBUG    | __main__:get_next_page_url:357 - Страница 7
2026-03-30 01:02:10.299 | INFO     | __main__:parse:204 - Пауза 4 сек.
2026-03-30 01:02:14.305 | INFO     | __main__:parse:119 - page=8 url=https://www.avito.ru/moskva_i_mo/chasy_i_ukrasheniya/chasy/smart/smart_chasi-ASgBAgICA0TQAYYGhNgR_paHA4jYEY6XhwM?cd=1&f=ASgBAgECBkTQAYYG5rwN8tE08ooOpIKUAeSODpqbzgGE2BH~locDiNgRjpeHAwFFxpoMGXsiZnJvbSI6MTAwMCwidG8iOjE1MDAwMH0&localPriority=1&q=watch&p=8
2026-03-30 01:02:17.042 | INFO     | __main__:parse:161 - Объявлений до фильтров: 50
2026-03-30 01:02:17.058 | INFO     | filters.ads_filter:apply:116 - После фильтрации _filter_by_price_range осталось 50
2026-03-30 01:02:17.061 | INFO     | filters.ads_filter:apply:116 - После фильтрации _filter_watch_accessories осталось 43
2026-03-30 01:02:17.066 | INFO     | __main__:parse:176 - После фильтров: 43
2026-03-30 01:02:17.068 | INFO     | __main__:parse:184 - Новых объявлений на странице: 36
2026-03-30 01:02:17.070 | DEBUG    | __main__:get_next_page_url:357 - Страница 8
2026-03-30 01:02:17.072 | INFO     | __main__:parse:204 - Пауза 4 сек.
2026-03-30 01:02:21.074 | INFO     | __main__:parse:119 - page=9 url=https://www.avito.ru/moskva_i_mo/chasy_i_ukrasheniya/chasy/smart/smart_chasi-ASgBAgICA0TQAYYGhNgR_paHA4jYEY6XhwM?cd=1&f=ASgBAgECBkTQAYYG5rwN8tE08ooOpIKUAeSODpqbzgGE2BH~locDiNgRjpeHAwFFxpoMGXsiZnJvbSI6MTAwMCwidG8iOjE1MDAwMH0&localPriority=1&q=watch&p=9
2026-03-30 01:02:23.836 | INFO     | __main__:parse:161 - Объявлений до фильтров: 50
2026-03-30 01:02:23.854 | INFO     | filters.ads_filter:apply:116 - После фильтрации _filter_by_price_range осталось 50
2026-03-30 01:02:23.857 | INFO     | filters.ads_filter:apply:116 - После фильтрации _filter_watch_accessories осталось 43
2026-03-30 01:02:23.859 | INFO     | __main__:parse:176 - После фильтров: 43
2026-03-30 01:02:23.862 | INFO     | __main__:parse:184 - Новых объявлений на странице: 34
2026-03-30 01:02:23.863 | DEBUG    | __main__:get_next_page_url:357 - Страница 9
2026-03-30 01:02:23.868 | INFO     | __main__:parse:204 - Пауза 4 сек.
2026-03-30 01:02:27.872 | INFO     | __main__:parse:119 - page=10 url=https://www.avito.ru/moskva_i_mo/chasy_i_ukrasheniya/chasy/smart/smart_chasi-ASgBAgICA0TQAYYGhNgR_paHA4jYEY6XhwM?cd=1&f=ASgBAgECBkTQAYYG5rwN8tE08ooOpIKUAeSODpqbzgGE2BH~locDiNgRjpeHAwFFxpoMGXsiZnJvbSI6MTAwMCwidG8iOjE1MDAwMH0&localPriority=1&q=watch&p=10
2026-03-30 01:02:28.427 | WARNING  | parser.http.client:request:84 - Blocked request (429), attempt 1
2026-03-30 01:02:35.827 | WARNING  | parser.http.client:request:84 - Blocked request (429), attempt 2
2026-03-30 01:02:43.224 | WARNING  | parser.http.client:request:84 - Blocked request (429), attempt 3
2026-03-30 01:02:43.226 | WARNING  | parser.http.client:request:90 - Block threshold reached, handling block
2026-03-30 01:02:59.937 | INFO     | __main__:parse:161 - Объявлений до фильтров: 50
2026-03-30 01:02:59.953 | INFO     | filters.ads_filter:apply:116 - После фильтрации _filter_by_price_range осталось 50
2026-03-30 01:02:59.957 | INFO     | filters.ads_filter:apply:116 - После фильтрации _filter_watch_accessories осталось 45
2026-03-30 01:02:59.962 | INFO     | __main__:parse:176 - После фильтров: 45
2026-03-30 01:02:59.965 | INFO     | __main__:parse:184 - Новых объявлений на странице: 35
2026-03-30 01:02:59.967 | DEBUG    | __main__:get_next_page_url:357 - Страница 10
2026-03-30 01:02:59.969 | INFO     | __main__:parse:204 - Пауза 4 сек.
2026-03-30 01:03:03.971 | INFO     | __main__:parse:119 - page=11 url=https://www.avito.ru/moskva_i_mo/chasy_i_ukrasheniya/chasy/smart/smart_chasi-ASgBAgICA0TQAYYGhNgR_paHA4jYEY6XhwM?cd=1&f=ASgBAgECBkTQAYYG5rwN8tE08ooOpIKUAeSODpqbzgGE2BH~locDiNgRjpeHAwFFxpoMGXsiZnJvbSI6MTAwMCwidG8iOjE1MDAwMH0&localPriority=1&q=watch&p=11
2026-03-30 01:03:08.669 | INFO     | __main__:parse:161 - Объявлений до фильтров: 50
2026-03-30 01:03:08.685 | INFO     | filters.ads_filter:apply:116 - После фильтрации _filter_by_price_range осталось 50
2026-03-30 01:03:08.688 | INFO     | filters.ads_filter:apply:116 - После фильтрации _filter_watch_accessories осталось 36
2026-03-30 01:03:08.690 | INFO     | __main__:parse:176 - После фильтров: 36
2026-03-30 01:03:08.692 | INFO     | __main__:parse:184 - Новых объявлений на странице: 31
2026-03-30 01:03:08.693 | DEBUG    | __main__:get_next_page_url:357 - Страница 11
2026-03-30 01:03:08.695 | INFO     | __main__:parse:204 - Пауза 4 сек.
2026-03-30 01:03:12.701 | INFO     | __main__:parse:119 - page=12 url=https://www.avito.ru/moskva_i_mo/chasy_i_ukrasheniya/chasy/smart/smart_chasi-ASgBAgICA0TQAYYGhNgR_paHA4jYEY6XhwM?cd=1&f=ASgBAgECBkTQAYYG5rwN8tE08ooOpIKUAeSODpqbzgGE2BH~locDiNgRjpeHAwFFxpoMGXsiZnJvbSI6MTAwMCwidG8iOjE1MDAwMH0&localPriority=1&q=watch&p=12
2026-03-30 01:03:14.920 | INFO     | __main__:parse:161 - Объявлений до фильтров: 50
2026-03-30 01:03:14.936 | INFO     | filters.ads_filter:apply:116 - После фильтрации _filter_by_price_range осталось 50
2026-03-30 01:03:14.938 | INFO     | filters.ads_filter:apply:116 - После фильтрации _filter_watch_accessories осталось 35
2026-03-30 01:03:14.943 | INFO     | __main__:parse:176 - После фильтров: 35
2026-03-30 01:03:14.945 | INFO     | __main__:parse:184 - Новых объявлений на странице: 18
2026-03-30 01:03:14.947 | DEBUG    | __main__:get_next_page_url:357 - Страница 12
2026-03-30 01:03:14.948 | INFO     | __main__:parse:204 - Пауза 4 сек.
2026-03-30 01:03:18.951 | INFO     | __main__:parse:119 - page=13 url=https://www.avito.ru/moskva_i_mo/chasy_i_ukrasheniya/chasy/smart/smart_chasi-ASgBAgICA0TQAYYGhNgR_paHA4jYEY6XhwM?cd=1&f=ASgBAgECBkTQAYYG5rwN8tE08ooOpIKUAeSODpqbzgGE2BH~locDiNgRjpeHAwFFxpoMGXsiZnJvbSI6MTAwMCwidG8iOjE1MDAwMH0&localPriority=1&q=watch&p=13
2026-03-30 01:03:19.438 | WARNING  | parser.http.client:request:84 - Blocked request (429), attempt 1
2026-03-30 01:03:27.167 | WARNING  | parser.http.client:request:84 - Blocked request (429), attempt 2
2026-03-30 01:03:35.668 | WARNING  | parser.http.client:request:84 - Blocked request (429), attempt 3
2026-03-30 01:03:35.671 | WARNING  | parser.http.client:request:90 - Block threshold reached, handling block
2026-03-30 01:03:47.897 | INFO     | __main__:parse:161 - Объявлений до фильтров: 50
2026-03-30 01:03:47.915 | INFO     | filters.ads_filter:apply:116 - После фильтрации _filter_by_price_range осталось 50
2026-03-30 01:03:47.918 | INFO     | filters.ads_filter:apply:116 - После фильтрации _filter_watch_accessories осталось 40
2026-03-30 01:03:47.920 | INFO     | __main__:parse:176 - После фильтров: 40
2026-03-30 01:03:47.923 | INFO     | __main__:parse:184 - Новых объявлений на странице: 30
2026-03-30 01:03:47.926 | DEBUG    | __main__:get_next_page_url:357 - Страница 13
2026-03-30 01:03:47.929 | INFO     | __main__:parse:204 - Пауза 4 сек.
2026-03-30 01:03:51.932 | INFO     | __main__:parse:119 - page=14 url=https://www.avito.ru/moskva_i_mo/chasy_i_ukrasheniya/chasy/smart/smart_chasi-ASgBAgICA0TQAYYGhNgR_paHA4jYEY6XhwM?cd=1&f=ASgBAgECBkTQAYYG5rwN8tE08ooOpIKUAeSODpqbzgGE2BH~locDiNgRjpeHAwFFxpoMGXsiZnJvbSI6MTAwMCwidG8iOjE1MDAwMH0&localPriority=1&q=watch&p=14
2026-03-30 01:03:54.073 | INFO     | __main__:parse:161 - Объявлений до фильтров: 50
2026-03-30 01:03:54.089 | INFO     | filters.ads_filter:apply:116 - После фильтрации _filter_by_price_range осталось 50
2026-03-30 01:03:54.092 | INFO     | filters.ads_filter:apply:116 - После фильтрации _filter_watch_accessories осталось 43
2026-03-30 01:03:54.095 | INFO     | __main__:parse:176 - После фильтров: 43
2026-03-30 01:03:54.096 | INFO     | __main__:parse:184 - Новых объявлений на странице: 28
2026-03-30 01:03:54.098 | DEBUG    | __main__:get_next_page_url:357 - Страница 14
2026-03-30 01:03:54.100 | INFO     | __main__:parse:204 - Пауза 4 сек.
2026-03-30 01:03:58.104 | INFO     | __main__:parse:119 - page=15 url=https://www.avito.ru/moskva_i_mo/chasy_i_ukrasheniya/chasy/smart/smart_chasi-ASgBAgICA0TQAYYGhNgR_paHA4jYEY6XhwM?cd=1&f=ASgBAgECBkTQAYYG5rwN8tE08ooOpIKUAeSODpqbzgGE2BH~locDiNgRjpeHAwFFxpoMGXsiZnJvbSI6MTAwMCwidG8iOjE1MDAwMH0&localPriority=1&q=watch&p=15
2026-03-30 01:04:00.456 | INFO     | __main__:parse:161 - Объявлений до фильтров: 50
2026-03-30 01:04:00.470 | INFO     | filters.ads_filter:apply:116 - После фильтрации _filter_by_price_range осталось 50
2026-03-30 01:04:00.473 | INFO     | filters.ads_filter:apply:116 - После фильтрации _filter_watch_accessories осталось 41
2026-03-30 01:04:00.475 | INFO     | __main__:parse:176 - После фильтров: 41
2026-03-30 01:04:00.480 | INFO     | __main__:parse:184 - Новых объявлений на странице: 29
2026-03-30 01:04:00.482 | DEBUG    | __main__:get_next_page_url:357 - Страница 15
2026-03-30 01:04:00.485 | INFO     | __main__:parse:204 - Пауза 4 сек.
2026-03-30 01:04:04.488 | INFO     | __main__:parse:119 - page=16 url=https://www.avito.ru/moskva_i_mo/chasy_i_ukrasheniya/chasy/smart/smart_chasi-ASgBAgICA0TQAYYGhNgR_paHA4jYEY6XhwM?cd=1&f=ASgBAgECBkTQAYYG5rwN8tE08ooOpIKUAeSODpqbzgGE2BH~locDiNgRjpeHAwFFxpoMGXsiZnJvbSI6MTAwMCwidG8iOjE1MDAwMH0&localPriority=1&q=watch&p=16
2026-03-30 01:04:05.005 | WARNING  | parser.http.client:request:84 - Blocked request (429), attempt 1
2026-03-30 01:04:13.147 | WARNING  | parser.http.client:request:84 - Blocked request (429), attempt 2
2026-03-30 01:04:20.620 | WARNING  | parser.http.client:request:84 - Blocked request (429), attempt 3
2026-03-30 01:04:20.623 | WARNING  | parser.http.client:request:90 - Block threshold reached, handling block
2026-03-30 01:04:30.711 | WARNING  | __main__:fetch_data:79 - Ошибка при запросе https://www.avito.ru/moskva_i_mo/chasy_i_ukrasheniya/chasy/smart/smart_chasi-ASgBAgICA0TQAYYGhNgR_paHA4jYEY6XhwM?cd=1&f=ASgBAgECBkTQAYYG5rwN8tE08ooOpIKUAeSODpqbzgGE2BH~locDiNgRjpeHAwFFxpoMGXsiZnJvbSI6MTAwMCwidG8iOjE1MDAwMH0&localPriority=1&q=watch&p=16: HTTPSConnectionPool(host='changeip.mobileproxy.space', port=443): Read timed out. (read timeout=10)
2026-03-30 01:04:30.716 | WARNING  | __main__:parse:131 - Не удалось получить HTML для https://www.avito.ru/moskva_i_mo/chasy_i_ukrasheniya/chasy/smart/smart_chasi-ASgBAgICA0TQAYYGhNgR_paHA4jYEY6XhwM?cd=1&f=ASgBAgECBkTQAYYG5rwN8tE08ooOpIKUAeSODpqbzgGE2BH~locDiNgRjpeHAwFFxpoMGXsiZnJvbSI6MTAwMCwidG8iOjE1MDAwMH0&localPriority=1&q=watch&p=16, попытка 1
2026-03-30 01:04:34.719 | INFO     | __main__:parse:119 - page=16 url=https://www.avito.ru/moskva_i_mo/chasy_i_ukrasheniya/chasy/smart/smart_chasi-ASgBAgICA0TQAYYGhNgR_paHA4jYEY6XhwM?cd=1&f=ASgBAgECBkTQAYYG5rwN8tE08ooOpIKUAeSODpqbzgGE2BH~locDiNgRjpeHAwFFxpoMGXsiZnJvbSI6MTAwMCwidG8iOjE1MDAwMH0&localPriority=1&q=watch&p=16
2026-03-30 01:04:37.622 | INFO     | __main__:parse:161 - Объявлений до фильтров: 50
2026-03-30 01:04:37.635 | INFO     | filters.ads_filter:apply:116 - После фильтрации _filter_by_price_range осталось 50
2026-03-30 01:04:37.640 | INFO     | filters.ads_filter:apply:116 - После фильтрации _filter_watch_accessories осталось 39
2026-03-30 01:04:37.643 | INFO     | __main__:parse:176 - После фильтров: 39
2026-03-30 01:04:37.645 | INFO     | __main__:parse:184 - Новых объявлений на странице: 27
2026-03-30 01:04:37.647 | DEBUG    | __main__:get_next_page_url:357 - Страница 16
2026-03-30 01:04:37.648 | INFO     | __main__:parse:204 - Пауза 4 сек.
2026-03-30 01:04:41.655 | INFO     | __main__:parse:119 - page=17 url=https://www.avito.ru/moskva_i_mo/chasy_i_ukrasheniya/chasy/smart/smart_chasi-ASgBAgICA0TQAYYGhNgR_paHA4jYEY6XhwM?cd=1&f=ASgBAgECBkTQAYYG5rwN8tE08ooOpIKUAeSODpqbzgGE2BH~locDiNgRjpeHAwFFxpoMGXsiZnJvbSI6MTAwMCwidG8iOjE1MDAwMH0&localPriority=1&q=watch&p=17
2026-03-30 01:04:44.096 | INFO     | __main__:parse:161 - Объявлений до фильтров: 50
2026-03-30 01:04:44.112 | INFO     | filters.ads_filter:apply:116 - После фильтрации _filter_by_price_range осталось 50
2026-03-30 01:04:44.116 | INFO     | filters.ads_filter:apply:116 - После фильтрации _filter_watch_accessories осталось 39
2026-03-30 01:04:44.118 | INFO     | __main__:parse:176 - После фильтров: 39
2026-03-30 01:04:44.123 | INFO     | __main__:parse:184 - Новых объявлений на странице: 20
2026-03-30 01:04:44.127 | DEBUG    | __main__:get_next_page_url:357 - Страница 17
2026-03-30 01:04:44.129 | INFO     | __main__:parse:204 - Пауза 4 сек.
2026-03-30 01:04:48.131 | INFO     | __main__:parse:119 - page=18 url=https://www.avito.ru/moskva_i_mo/chasy_i_ukrasheniya/chasy/smart/smart_chasi-ASgBAgICA0TQAYYGhNgR_paHA4jYEY6XhwM?cd=1&f=ASgBAgECBkTQAYYG5rwN8tE08ooOpIKUAeSODpqbzgGE2BH~locDiNgRjpeHAwFFxpoMGXsiZnJvbSI6MTAwMCwidG8iOjE1MDAwMH0&localPriority=1&q=watch&p=18
2026-03-30 01:04:50.443 | INFO     | __main__:parse:161 - Объявлений до фильтров: 50
2026-03-30 01:04:50.457 | INFO     | filters.ads_filter:apply:116 - После фильтрации _filter_by_price_range осталось 50
2026-03-30 01:04:50.460 | INFO     | filters.ads_filter:apply:116 - После фильтрации _filter_watch_accessories осталось 42
2026-03-30 01:04:50.462 | INFO     | __main__:parse:176 - После фильтров: 42
2026-03-30 01:04:50.467 | INFO     | __main__:parse:184 - Новых объявлений на странице: 10
2026-03-30 01:04:50.470 | DEBUG    | __main__:get_next_page_url:357 - Страница 18
2026-03-30 01:04:50.472 | INFO     | __main__:parse:204 - Пауза 4 сек.
2026-03-30 01:04:54.473 | INFO     | __main__:parse:119 - page=19 url=https://www.avito.ru/moskva_i_mo/chasy_i_ukrasheniya/chasy/smart/smart_chasi-ASgBAgICA0TQAYYGhNgR_paHA4jYEY6XhwM?cd=1&f=ASgBAgECBkTQAYYG5rwN8tE08ooOpIKUAeSODpqbzgGE2BH~locDiNgRjpeHAwFFxpoMGXsiZnJvbSI6MTAwMCwidG8iOjE1MDAwMH0&localPriority=1&q=watch&p=19
2026-03-30 01:04:55.050 | WARNING  | parser.http.client:request:84 - Blocked request (429), attempt 1
2026-03-30 01:05:03.287 | WARNING  | parser.http.client:request:84 - Blocked request (429), attempt 2
2026-03-30 01:05:11.593 | WARNING  | parser.http.client:request:84 - Blocked request (429), attempt 3
2026-03-30 01:05:11.596 | WARNING  | parser.http.client:request:90 - Block threshold reached, handling block
2026-03-30 01:05:25.243 | INFO     | __main__:parse:161 - Объявлений до фильтров: 50
2026-03-30 01:05:25.261 | INFO     | filters.ads_filter:apply:116 - После фильтрации _filter_by_price_range осталось 50
2026-03-30 01:05:25.263 | INFO     | filters.ads_filter:apply:116 - После фильтрации _filter_watch_accessories осталось 42
2026-03-30 01:05:25.266 | INFO     | __main__:parse:176 - После фильтров: 42
2026-03-30 01:05:25.271 | INFO     | __main__:parse:184 - Новых объявлений на странице: 40
2026-03-30 01:05:25.275 | DEBUG    | __main__:get_next_page_url:357 - Страница 19
2026-03-30 01:05:25.277 | INFO     | __main__:parse:204 - Пауза 4 сек.
2026-03-30 01:05:29.279 | INFO     | __main__:parse:119 - page=20 url=https://www.avito.ru/moskva_i_mo/chasy_i_ukrasheniya/chasy/smart/smart_chasi-ASgBAgICA0TQAYYGhNgR_paHA4jYEY6XhwM?cd=1&f=ASgBAgECBkTQAYYG5rwN8tE08ooOpIKUAeSODpqbzgGE2BH~locDiNgRjpeHAwFFxpoMGXsiZnJvbSI6MTAwMCwidG8iOjE1MDAwMH0&localPriority=1&q=watch&p=20
2026-03-30 01:05:31.871 | INFO     | __main__:parse:161 - Объявлений до фильтров: 50
2026-03-30 01:05:31.887 | INFO     | filters.ads_filter:apply:116 - После фильтрации _filter_by_price_range осталось 50
2026-03-30 01:05:31.890 | INFO     | filters.ads_filter:apply:116 - После фильтрации _filter_watch_accessories осталось 38
2026-03-30 01:05:31.895 | INFO     | __main__:parse:176 - После фильтров: 38
2026-03-30 01:05:31.897 | INFO     | __main__:parse:184 - Новых объявлений на странице: 22
2026-03-30 01:05:31.900 | INFO     | __main__:parse:193 - Достигнут лимит страниц count=20
2026-03-30 01:05:31.901 | INFO     | __main__:parse:207 - По ссылке собрано объявлений: 607
2026-03-30 01:05:31.904 | INFO     | __main__:parse:208 - Пауза перед следующей ссылкой 8 сек.
2026-03-30 01:05:42.900 | INFO     | __main__:rotate_proxy_before_new_url:94 - IP прокси обновлён перед новой ссылкой
2026-03-30 01:05:47.905 | INFO     | __main__:reset_http_client:89 - HTTP клиент пересоздан
2026-03-30 01:05:47.907 | INFO     | __main__:parse:105 - Начинаю парсинг ссылки: https://www.avito.ru/moskva_i_mo/chasy_i_ukrasheniya/chasy/smart/smart_chasi-ASgBAgICA0TQAYYGhNgR_paHA4jYEY6XhwM?cd=1&f=ASgBAgECBkTQAYYG5rwN8tE08ooOpIKUAeSODtKlzgGE2BH~locDiNgRjpeHAwFFxpoMGXsiZnJvbSI6MTAwMCwidG8iOjE1MDAwMH0&localPriority=1&q=watch
2026-03-30 01:05:47.910 | INFO     | __main__:reset_http_client:89 - HTTP клиент пересоздан
2026-03-30 01:05:47.912 | INFO     | __main__:parse:108 - Начинаю парсинг ссылки: https://www.avito.ru/moskva_i_mo/chasy_i_ukrasheniya/chasy/smart/smart_chasi-ASgBAgICA0TQAYYGhNgR_paHA4jYEY6XhwM?cd=1&f=ASgBAgECBkTQAYYG5rwN8tE08ooOpIKUAeSODtKlzgGE2BH~locDiNgRjpeHAwFFxpoMGXsiZnJvbSI6MTAwMCwidG8iOjE1MDAwMH0&localPriority=1&q=watch
2026-03-30 01:05:47.915 | INFO     | __main__:parse:119 - page=1 url=https://www.avito.ru/moskva_i_mo/chasy_i_ukrasheniya/chasy/smart/smart_chasi-ASgBAgICA0TQAYYGhNgR_paHA4jYEY6XhwM?cd=1&f=ASgBAgECBkTQAYYG5rwN8tE08ooOpIKUAeSODtKlzgGE2BH~locDiNgRjpeHAwFFxpoMGXsiZnJvbSI6MTAwMCwidG8iOjE1MDAwMH0&localPriority=1&q=watch
2026-03-30 01:05:48.532 | WARNING  | parser.http.client:request:84 - Blocked request (429), attempt 1
2026-03-30 01:05:56.009 | WARNING  | parser.http.client:request:84 - Blocked request (429), attempt 2
2026-03-30 01:06:04.572 | WARNING  | parser.http.client:request:84 - Blocked request (429), attempt 3
2026-03-30 01:06:04.575 | WARNING  | parser.http.client:request:90 - Block threshold reached, handling block
2026-03-30 01:06:14.627 | WARNING  | __main__:fetch_data:79 - Ошибка при запросе https://www.avito.ru/moskva_i_mo/chasy_i_ukrasheniya/chasy/smart/smart_chasi-ASgBAgICA0TQAYYGhNgR_paHA4jYEY6XhwM?cd=1&f=ASgBAgECBkTQAYYG5rwN8tE08ooOpIKUAeSODtKlzgGE2BH~locDiNgRjpeHAwFFxpoMGXsiZnJvbSI6MTAwMCwidG8iOjE1MDAwMH0&localPriority=1&q=watch: HTTPSConnectionPool(host='changeip.mobileproxy.space', port=443): Read timed out. (read timeout=10)
2026-03-30 01:06:14.633 | WARNING  | __main__:parse:131 - Не удалось получить HTML для https://www.avito.ru/moskva_i_mo/chasy_i_ukrasheniya/chasy/smart/smart_chasi-ASgBAgICA0TQAYYGhNgR_paHA4jYEY6XhwM?cd=1&f=ASgBAgECBkTQAYYG5rwN8tE08ooOpIKUAeSODtKlzgGE2BH~locDiNgRjpeHAwFFxpoMGXsiZnJvbSI6MTAwMCwidG8iOjE1MDAwMH0&localPriority=1&q=watch, попытка 1
2026-03-30 01:06:18.637 | INFO     | __main__:parse:119 - page=1 url=https://www.avito.ru/moskva_i_mo/chasy_i_ukrasheniya/chasy/smart/smart_chasi-ASgBAgICA0TQAYYGhNgR_paHA4jYEY6XhwM?cd=1&f=ASgBAgECBkTQAYYG5rwN8tE08ooOpIKUAeSODtKlzgGE2BH~locDiNgRjpeHAwFFxpoMGXsiZnJvbSI6MTAwMCwidG8iOjE1MDAwMH0&localPriority=1&q=watch
2026-03-30 01:06:21.662 | INFO     | __main__:parse:161 - Объявлений до фильтров: 50
2026-03-30 01:06:21.679 | INFO     | filters.ads_filter:apply:116 - После фильтрации _filter_by_price_range осталось 50
2026-03-30 01:06:21.682 | INFO     | filters.ads_filter:apply:116 - После фильтрации _filter_watch_accessories осталось 46
2026-03-30 01:06:21.684 | INFO     | __main__:parse:176 - После фильтров: 46
2026-03-30 01:06:21.687 | INFO     | __main__:parse:184 - Новых объявлений на странице: 46
2026-03-30 01:06:21.688 | DEBUG    | __main__:get_next_page_url:357 - Страница 1
2026-03-30 01:06:21.690 | INFO     | __main__:parse:204 - Пауза 4 сек.
2026-03-30 01:06:25.692 | INFO     | __main__:parse:119 - page=2 url=https://www.avito.ru/moskva_i_mo/chasy_i_ukrasheniya/chasy/smart/smart_chasi-ASgBAgICA0TQAYYGhNgR_paHA4jYEY6XhwM?cd=1&f=ASgBAgECBkTQAYYG5rwN8tE08ooOpIKUAeSODtKlzgGE2BH~locDiNgRjpeHAwFFxpoMGXsiZnJvbSI6MTAwMCwidG8iOjE1MDAwMH0&localPriority=1&q=watch&p=2
2026-03-30 01:06:29.580 | INFO     | __main__:parse:161 - Объявлений до фильтров: 50
2026-03-30 01:06:29.595 | INFO     | filters.ads_filter:apply:116 - После фильтрации _filter_by_price_range осталось 50
2026-03-30 01:06:29.598 | INFO     | filters.ads_filter:apply:116 - После фильтрации _filter_watch_accessories осталось 49
2026-03-30 01:06:29.600 | INFO     | __main__:parse:176 - После фильтров: 49
2026-03-30 01:06:29.604 | INFO     | __main__:parse:184 - Новых объявлений на странице: 41
2026-03-30 01:06:29.606 | DEBUG    | __main__:get_next_page_url:357 - Страница 2
2026-03-30 01:06:29.608 | INFO     | __main__:parse:204 - Пауза 4 сек.
2026-03-30 01:06:33.611 | INFO     | __main__:parse:119 - page=3 url=https://www.avito.ru/moskva_i_mo/chasy_i_ukrasheniya/chasy/smart/smart_chasi-ASgBAgICA0TQAYYGhNgR_paHA4jYEY6XhwM?cd=1&f=ASgBAgECBkTQAYYG5rwN8tE08ooOpIKUAeSODtKlzgGE2BH~locDiNgRjpeHAwFFxpoMGXsiZnJvbSI6MTAwMCwidG8iOjE1MDAwMH0&localPriority=1&q=watch&p=3
2026-03-30 01:06:37.741 | INFO     | __main__:parse:161 - Объявлений до фильтров: 50
2026-03-30 01:06:37.756 | INFO     | filters.ads_filter:apply:116 - После фильтрации _filter_by_price_range осталось 50
2026-03-30 01:06:37.759 | INFO     | filters.ads_filter:apply:116 - После фильтрации _filter_watch_accessories осталось 48
2026-03-30 01:06:37.761 | INFO     | __main__:parse:176 - После фильтров: 48
2026-03-30 01:06:37.766 | INFO     | __main__:parse:184 - Новых объявлений на странице: 29
2026-03-30 01:06:37.768 | DEBUG    | __main__:get_next_page_url:357 - Страница 3
2026-03-30 01:06:37.769 | INFO     | __main__:parse:204 - Пауза 4 сек.
2026-03-30 01:06:41.772 | INFO     | __main__:parse:119 - page=4 url=https://www.avito.ru/moskva_i_mo/chasy_i_ukrasheniya/chasy/smart/smart_chasi-ASgBAgICA0TQAYYGhNgR_paHA4jYEY6XhwM?cd=1&f=ASgBAgECBkTQAYYG5rwN8tE08ooOpIKUAeSODtKlzgGE2BH~locDiNgRjpeHAwFFxpoMGXsiZnJvbSI6MTAwMCwidG8iOjE1MDAwMH0&localPriority=1&q=watch&p=4
2026-03-30 01:06:43.828 | INFO     | __main__:parse:161 - Объявлений до фильтров: 50
2026-03-30 01:06:43.843 | INFO     | filters.ads_filter:apply:116 - После фильтрации _filter_by_price_range осталось 50
2026-03-30 01:06:43.847 | INFO     | filters.ads_filter:apply:116 - После фильтрации _filter_watch_accessories осталось 48
2026-03-30 01:06:43.849 | INFO     | __main__:parse:176 - После фильтров: 48
2026-03-30 01:06:43.853 | INFO     | __main__:parse:184 - Новых объявлений на странице: 40
2026-03-30 01:06:43.855 | DEBUG    | __main__:get_next_page_url:357 - Страница 4
2026-03-30 01:06:43.856 | INFO     | __main__:parse:204 - Пауза 4 сек.
2026-03-30 01:06:47.859 | INFO     | __main__:parse:119 - page=5 url=https://www.avito.ru/moskva_i_mo/chasy_i_ukrasheniya/chasy/smart/smart_chasi-ASgBAgICA0TQAYYGhNgR_paHA4jYEY6XhwM?cd=1&f=ASgBAgECBkTQAYYG5rwN8tE08ooOpIKUAeSODtKlzgGE2BH~locDiNgRjpeHAwFFxpoMGXsiZnJvbSI6MTAwMCwidG8iOjE1MDAwMH0&localPriority=1&q=watch&p=5
2026-03-30 01:06:48.443 | WARNING  | parser.http.client:request:84 - Blocked request (429), attempt 1
2026-03-30 01:06:55.551 | WARNING  | parser.http.client:request:84 - Blocked request (429), attempt 2
2026-03-30 01:07:02.842 | WARNING  | parser.http.client:request:84 - Blocked request (429), attempt 3
2026-03-30 01:07:02.845 | WARNING  | parser.http.client:request:90 - Block threshold reached, handling block
2026-03-30 01:07:14.672 | INFO     | __main__:parse:161 - Объявлений до фильтров: 50
2026-03-30 01:07:14.687 | INFO     | filters.ads_filter:apply:116 - После фильтрации _filter_by_price_range осталось 50
2026-03-30 01:07:14.692 | INFO     | filters.ads_filter:apply:116 - После фильтрации _filter_watch_accessories осталось 47
2026-03-30 01:07:14.695 | INFO     | __main__:parse:176 - После фильтров: 47
2026-03-30 01:07:14.697 | INFO     | __main__:parse:184 - Новых объявлений на странице: 42
2026-03-30 01:07:14.699 | DEBUG    | __main__:get_next_page_url:357 - Страница 5
2026-03-30 01:07:14.701 | INFO     | __main__:parse:204 - Пауза 4 сек.
2026-03-30 01:07:18.704 | INFO     | __main__:parse:119 - page=6 url=https://www.avito.ru/moskva_i_mo/chasy_i_ukrasheniya/chasy/smart/smart_chasi-ASgBAgICA0TQAYYGhNgR_paHA4jYEY6XhwM?cd=1&f=ASgBAgECBkTQAYYG5rwN8tE08ooOpIKUAeSODtKlzgGE2BH~locDiNgRjpeHAwFFxpoMGXsiZnJvbSI6MTAwMCwidG8iOjE1MDAwMH0&localPriority=1&q=watch&p=6
2026-03-30 01:07:20.756 | INFO     | __main__:parse:161 - Объявлений до фильтров: 10
2026-03-30 01:07:20.762 | INFO     | filters.ads_filter:apply:116 - После фильтрации _filter_by_price_range осталось 10
2026-03-30 01:07:20.765 | INFO     | filters.ads_filter:apply:116 - После фильтрации _filter_watch_accessories осталось 10
2026-03-30 01:07:20.767 | INFO     | __main__:parse:176 - После фильтров: 10
2026-03-30 01:07:20.768 | INFO     | __main__:parse:184 - Новых объявлений на странице: 7
2026-03-30 01:07:20.770 | DEBUG    | __main__:get_next_page_url:357 - Страница 6
2026-03-30 01:07:20.771 | INFO     | __main__:parse:204 - Пауза 4 сек.
2026-03-30 01:07:24.773 | INFO     | __main__:parse:119 - page=7 url=https://www.avito.ru/moskva_i_mo/chasy_i_ukrasheniya/chasy/smart/smart_chasi-ASgBAgICA0TQAYYGhNgR_paHA4jYEY6XhwM?cd=1&f=ASgBAgECBkTQAYYG5rwN8tE08ooOpIKUAeSODtKlzgGE2BH~locDiNgRjpeHAwFFxpoMGXsiZnJvbSI6MTAwMCwidG8iOjE1MDAwMH0&localPriority=1&q=watch&p=7
2026-03-30 01:07:25.352 | WARNING  | parser.http.client:request:84 - Blocked request (429), attempt 1
2026-03-30 01:07:33.190 | WARNING  | parser.http.client:request:84 - Blocked request (429), attempt 2
2026-03-30 01:07:41.182 | WARNING  | parser.http.client:request:84 - Blocked request (429), attempt 3
2026-03-30 01:07:41.185 | WARNING  | parser.http.client:request:90 - Block threshold reached, handling block
2026-03-30 01:07:51.240 | WARNING  | __main__:fetch_data:79 - Ошибка при запросе https://www.avito.ru/moskva_i_mo/chasy_i_ukrasheniya/chasy/smart/smart_chasi-ASgBAgICA0TQAYYGhNgR_paHA4jYEY6XhwM?cd=1&f=ASgBAgECBkTQAYYG5rwN8tE08ooOpIKUAeSODtKlzgGE2BH~locDiNgRjpeHAwFFxpoMGXsiZnJvbSI6MTAwMCwidG8iOjE1MDAwMH0&localPriority=1&q=watch&p=7: HTTPSConnectionPool(host='changeip.mobileproxy.space', port=443): Read timed out. (read timeout=10)
2026-03-30 01:07:51.244 | WARNING  | __main__:parse:131 - Не удалось получить HTML для https://www.avito.ru/moskva_i_mo/chasy_i_ukrasheniya/chasy/smart/smart_chasi-ASgBAgICA0TQAYYGhNgR_paHA4jYEY6XhwM?cd=1&f=ASgBAgECBkTQAYYG5rwN8tE08ooOpIKUAeSODtKlzgGE2BH~locDiNgRjpeHAwFFxpoMGXsiZnJvbSI6MTAwMCwidG8iOjE1MDAwMH0&localPriority=1&q=watch&p=7, попытка 1
2026-03-30 01:07:55.248 | INFO     | __main__:parse:119 - page=7 url=https://www.avito.ru/moskva_i_mo/chasy_i_ukrasheniya/chasy/smart/smart_chasi-ASgBAgICA0TQAYYGhNgR_paHA4jYEY6XhwM?cd=1&f=ASgBAgECBkTQAYYG5rwN8tE08ooOpIKUAeSODtKlzgGE2BH~locDiNgRjpeHAwFFxpoMGXsiZnJvbSI6MTAwMCwidG8iOjE1MDAwMH0&localPriority=1&q=watch&p=7
2026-03-30 01:07:56.032 | WARNING  | __main__:parse:147 - На странице https://www.avito.ru/moskva_i_mo/chasy_i_ukrasheniya/chasy/smart/smart_chasi-ASgBAgICA0TQAYYGhNgR_paHA4jYEY6XhwM?cd=1&f=ASgBAgECBkTQAYYG5rwN8tE08ooOpIKUAeSODtKlzgGE2BH~locDiNgRjpeHAwFFxpoMGXsiZnJvbSI6MTAwMCwidG8iOjE1MDAwMH0&localPriority=1&q=watch&p=7 отсутствует catalog.items, заканчиваю работу с данной ссылкой
2026-03-30 01:07:56.035 | INFO     | __main__:parse:207 - По ссылке собрано объявлений: 205
2026-03-30 01:07:56.038 | INFO     | __main__:parse:208 - Пауза перед следующей ссылкой 8 сек.
2026-03-30 01:08:04.040 | INFO     | __main__:parse:221 - Всего собрано объявлений: 1549
2026-03-30 01:08:04.754 | INFO     | __main__:parse:227 - Сохранил общий итоговый файл
2026-03-30 01:08:04.794 | INFO     | __main__:<module>:379 - Парсинг завершен т.к. включён one_time_start в настройках
